STN1,STN2,Weight,Bins,Frequency,Intervals
KUR,BBS,159,9,4220,0-9
ANND,BRC,135,19,852,10-19
SA,ED,122,29,321,20-29
TUP,ED,108,39,129,30-39
CTC,BBS,103,49,74,40-49
NLR,GDR,99,59,45,50-59
ND,ANND,98,69,17,60-69
BSL,JL,97,79,14,70-79
TUP,CBE,91,89,4,80-89
KPD,JTJ,88,99,4,90-99
JSME,MDP,86,109,2,100-109
KYN,TNA,85,119,0,110-119
VZM,VSKP,82,129,1,120-129
EE,BZA,79,139,1,130-139
ND,ADI,78,149,0,140-149
JSME,JAJ,77,159,1,150-159
BH,BRC,75,,0,160+
DR,CSTM,75,,,
JBP,KTE,74,,,
JHS,GWL,73,,,
R,DURG,72,,,
NLR,OGL,71,,,
NJP,KNE,71,,,
VG,ADI,71,,,
CTC,JJKR,70,,,
AWY,TCR,70,,,
ET,BPL,70,,,
DGR,ASN,68,,,
JJKR,BHC,68,,,
RU,TPTY,68,,,
BLS,BHC,68,,,
SEE,HJP,68,,,
PGT,CBE,66,,,
LNL,PUNE,66,,,
DD,PUNE,66,,,
ST,BH,65,,,
KYN,IGP,65,,,
PNU,ABR,64,,,
NK,MMR,64,,,
DGR,BWN,63,,,
STA,KTE,61,,,
HBJ,BPL,61,,,
VAPI,BL,61,,,
RJY,SLO,60,,,
CRJ,ASN,59,,,
ST,BRC,59,,,
CD,BPQ,59,,,
DMM,ATP,58,,,
ON,CNB,58,,,
DNR,PNBE,58,,,
SPN,BE,57,,,
MGS,BSB,57,,,
KOTA,SWM,57,,,
SUNR,VG,57,,,
SKZR,BPQ,57,,,
BNC,SBC,57,,,
CNB,ALD,57,,,
GHY,KYQ,56,,,
SA,JTJ,56,,,
NFK,MLDT,56,,,
RJPB,PNBE,56,,,
MFP,HJP,56,,,
AGC,MTJ,55,,,
LDH,UMB,54,,,
CRJ,MDP,54,,,
KYN,KJT,54,,,
ET,KNW,54,,,
MB,BE,53,,,
KGP,HWH,53,,,
AGC,GWL,53,,,
BINA,BPL,53,,,
NOQ,NCB,52,,,
AGC,RKM,52,,,
ERS,AWY,52,,,
OGL,BZA,52,,,
CGL,TBM,52,,,
LTT,TNA,52,,,
MB,RMU,51,,,
NGP,SEGM,51,,,
KGP,BLS,51,,,
BWN,BDC,51,,,
LNL,KJT,51,,,
BSL,MMR,50,,,
ST,NVS,50,,,
CAN,TLY,50,,,
BEAS,ASR,50,,,
ASN,DHN,50,,,
VM,VRI,50,,,
VZM,CHE,50,,,
SRC,KGP,49,,,
INDB,DWX,49,,,
MMR,KPG,49,,,
DR,TNA,49,,,
PNC,FUT,48,,,
RJY,EE,48,,,
BAM,KUR,48,,,
BWT,KJM,48,,,
TEL,BZA,48,,,
DOS,SSM,47,,,
JHS,BINA,47,,,
NK,IGP,47,,,
BWN,HWH,47,,,
QLN,KYJ,47,,,
UBL,DWR,47,,,
AK,BD,47,,,
SPJ,MFP,46,,,
PSA,CHE,46,,,
SRE,JUD,46,,,
NAD,UJN,46,,,
ERN,AWY,46,,,
BEAS,JUC,46,,,
AJJ,KPD,46,,,
DEOS,GKP,45,,,
AKV,ST,45,,,
AII,KSG,45,,,
OGL,CLX,45,,,
VSKP,DVD,45,,,
BKP,BARH,44,,,
PGW,JRC,44,,,
KUR,BALU,44,,,
JSG,ROU,44,,,
TRVL,CNGR,44,,,
PNU,MSH,43,,,
SRT,VPT,43,,,
RJN,DURG,43,,,
MDU,VPT,43,,,
CPR,SEE,43,,,
KOJ,NBQ,43,,,
WL,BZA,43,,,
KZJ,SC,42,,,
JHS,LAR,42,,,
LKO,BBK,42,,,
MKA,BARH,42,,,
ST,BL,42,,,
KYQ,RNY,42,,,
BHS,BPL,42,,,
MRA,GWL,41,,,
SRE,RK,41,,,
SRT,CVP,41,,,
BAU,BSL,41,,,
LDH,JRC,41,,,
GAYA,KQR,41,,,
HBD,ET,41,,,
NED,PAU,41,,,
ASN,RNG,41,,,
RMU,BE,41,,,
NZM,FDB,41,,,
NZM,NDLS,41,,,
NZM,MTJ,41,,,
PSA,BAM,40,,,
SRR,TCR,40,,,
RJT,HAPA,40,,,
RJY,VSKP,40,,,
GDA,DHD,40,,,
DEOS,BTT,40,,,
NGP,G,40,,,
BDTS,BVI,40,,,
MAS,AJJ,40,,,
BST,KLD,40,,,
UBC,UMB,40,,,
MUR,GD,40,,,
GY,GTL,40,,,
MURI,RNC,40,,,
SPJ,BJU,39,,,
AKV,BRC,39,,,
BSP,BYT,39,,,
PGT,TCR,39,,,
PURI,KUR,39,,,
KYN,DR,39,,,
DD,ANG,39,,,
JAM,HAPA,39,,,
JP,GADJ,39,,,
GDYA,BZU,39,,,
TDL,FZD,38,,,
KZJ,WL,38,,,
MJ,FA,38,,,
GDA,BRC,38,,,
GZB,DLI,38,,,
MGS,BXR,38,,,
DEC,GGN,38,,,
CPR,SV,38,,,
PPI,ET,38,,,
BINA,LAR,38,,,
SUR,GR,38,,,
RKM,MTJ,38,,,
DG,TPJ,38,,,
CLX,BPP,38,,,
BXR,ARA,38,,,
PNP,KUN,37,,,
KIUL,LKR,37,,,
MGS,ALD,37,,,
MDU,DG,37,,,
AMLA,BZU,37,,,
JBP,ET,37,,,
MCI,RDM,37,,,
KMT,BZA,37,,,
UBC,RPJ,37,,,
BL,NVS,37,,,
CHKB,KTHU,37,,,
DHD,MGN,37,,,
ET,GDYA,37,,,
SPN,HRI,36,,,
PNC,RJPB,36,,,
MB,AMRO,36,,,
JHS,BPL,36,,,
OTP,PGT,36,,,
BKI,DO,36,,,
MAN,ADI,36,,,
BSL,KNW,36,,,
CGL,MLMR,36,,,
WKR,RJT,35,,,
TDL,AF,35,,,
BAU,KNW,35,,,
STA,MKP,35,,,
NAD,RTM,35,,,
MGS,BBU,35,,,
KKDE,KUN,35,,,
DEC,DEE,35,,,
AGC,DHO,35,,,
CKP,ROU,35,,,
UJN,DWX,35,,,
ERN,KTYM,35,,,
AD,GTL,35,,,
CHKB,JRC,35,,,
MRJ,SLI,34,,,
RJY,BZA,34,,,
NK,DVL,34,,,
MZP,BDL,34,,,
FL,JP,34,,,
ETW,SKB,34,,,
GWL,DBA,34,,,
SKZR,BPA,34,,,
ET,BZU,34,,,
BJU,BGS,34,,,
IGP,DVL,34,,,
MS,TBM,33,,,
KIUL,JAJ,33,,,
NGP,WR,33,,,
GDR,RU,33,,,
KGQ,MAJN,33,,,
CTO,KPD,33,,,
BSP,R,33,,,
TK,YPR,33,,,
MSH,ADI,33,,,
BIRD,BSR,32,,,
SRC,HWH,32,,,
BAP,ANG,32,,,
STR,PUNE,32,,,
LDH,PHR,32,,,
NH,BDC,32,,,
KGP,TATA,32,,,
MCI,BPA,32,,,
MAS,PER,32,,,
BSL,MKU,32,,,
MMR,JL,32,,,
SBI,ADI,32,,,
AWY,AFK,32,,,
SKB,FZD,32,,,
BOE,KNE,32,,,
TDL,CNB,31,,,
KZE,KGQ,31,,,
LDH,PGW,31,,,
JHS,ORAI,31,,,
LKO,ON,31,,,
ETW,CNB,31,,,
AKP,DVD,31,,,
UBL,HVR,31,,,
KYJ,MVLK,31,,,
MVLK,CNGR,31,,,
SSM,BBU,31,,,
KLD,GKP,31,,,
NOK,NGO,30,,,
BAQ,BHS,30,,,
BAM,CAP,30,,,
ATP,GY,30,,,
JHS,DAA,30,,,
LKO,BE,30,,,
MZP,CAR,30,,,
IJK,CKI,30,,,
ANND,ADI,30,,,
PNME,GMO,30,,,
TMV,VM,30,,,
PURI,SIL,30,,,
BD,WR,30,,,
TIG,KSNG,30,,,
BBK,GD,30,,,
WL,RDM,30,,,
ED,KRR,30,,,
ANGL,TLHD,30,,,
FA,ABR,30,,,
FK,CLT,30,,,
JU,LUNI,30,,,
TDD,EE,29,,,
RJN,DGG,29,,,
MJ,PMY,29,,,
MGS,MZP,29,,,
KKDE,UMB,29,,,
MEJ,CVP,29,,,
NYN,ALD,29,,,
RK,LRJ,29,,,
MKA,HTZ,29,,,
SEGM,HGT,29,,,
RTM,MGN,29,,,
HVR,RNR,29,,,
BER,AII,28,,,
MRA,DHO,28,,,
RJT,SUNR,28,,,
FTP,CNB,28,,,
FL,KSG,28,,,
GDR,MAS,28,,,
KGG,MNE,28,,,
FUT,KOO,28,,,
BWT,JTJ,28,,,
WADI,SDB,28,,,
RC,MALM,28,,,
RK,HW,28,,,
MKN,DNA,28,,,
SDB,GR,28,,,
J,AWB,28,,,
TMV,MLMR,28,,,
KUR,SIL,28,,,
PKR,RPH,28,,,
KWV,SUR,28,,,
NBD,LRJ,28,,,
G,DURG,28,,,
ADI,BRC,28,,,
TUNI,ANV,28,,,
FDB,MTJ,28,,,
LMG,DPU,27,,,
DPU,DMV,27,,,
LKO,CNB,27,,,
LKR,BRYA,27,,,
GZB,NDLS,27,,,
GZB,PKW,27,,,
NED,MUE,27,,,
MEJ,TEN,27,,,
BRYA,HTZ,27,,,
KIR,NNA,27,,,
BWN,BHP,27,,,
VAPI,BSR,27,,,
PAU,PBN,27,,,
CKP,TATA,27,,,
KMT,WL,27,,,
JUC,JRC,27,,,
TMR,BRD,27,,,
AK,SEG,27,,,
PKR,NFK,27,,,
ASK,TTR,27,,,
R,BYT,27,,,
KYN,LTT,27,,,
DO,GADJ,27,,,
RRB,DVG,27,,,
UMB,CDG,27,,,
PKW,HPU,27,,,
HRR,RNR,27,,,
HRR,DVG,27,,,
TIR,KTU,27,,,
BIRD,KYN,26,,,
DPA,JP,26,,,
LD,BGM,26,,,
WKI,TCR,26,,,
SRR,TIR,26,,,
BAP,KPG,26,,,
BAM,BALU,26,,,
STA,ALD,26,,,
STR,KRD,26,,,
KGG,BGS,26,,,
KGI,SBC,26,,,
BIH,BPL,26,,,
BIH,SEH,26,,,
KOTA,RMA,26,,,
SNT,RPH,26,,,
CKI,AFK,26,,,
BUP,SGG,26,,,
BSL,AK,26,,,
PGT,PTJ,26,,,
GHD,DTO,26,,,
ASK,RRB,26,,,
TRVL,CGY,26,,,
CGY,KTYM,26,,,
KYJ,KPY,26,,,
DNA,MTD,26,,,
DNR,ARA,26,,,
AME,PBH,26,,,
SIR,RPJ,26,,,
CLT,TIR,26,,,
DURE,BXR,26,,,
BCY,BSB,25,,,
STA,MYR,25,,,
KIUL,MKA,25,,,
HBJ,HBD,25,,,
NGP,PAR,25,,,
BKP,KOO,25,,,
MAO,KAWR,25,,,
KMC,NZB,25,,,
QLD,CLT,25,,,
RE,GGN,25,,,
PGW,PHR,25,,,
JUD,UMB,25,,,
AH,BTE,25,,,
KWV,DD,25,,,
UD,MAJN,25,,,
SWM,GGC,25,,,
BNC,KJM,25,,,
KTHU,JAT,25,,,
MYR,KTE,25,,,
PNP,UMB,24,,,
PND,APR,24,,,
DNKL,TLHD,24,,,
DMM,HUP,24,,,
DMO,SGO,24,,,
NAD,KUH,24,,,
HBJ,ET,24,,,
ND,MHD,24,,,
DKJ,KMT,24,,,
CPR,SIP,24,,,
SLO,VSKP,24,,,
CRP,BKSC,24,,,
FD,AY,24,,,
DAA,DBA,24,,,
IJK,TCR,24,,,
KRNT,GWD,24,,,
KRNT,DHNE,24,,,
BUP,JMP,24,,,
SBP,SBPD,24,,,
WADI,GR,24,,,
COR,BHL,24,,,
OKHA,DWK,24,,,
BQA,ADRA,24,,,
ASKN,GUNA,24,,,
TK,TTR,24,,,
AD,MALM,24,,,
R,TLD,24,,,
PMY,LUNI,24,,,
DLK,KNE,24,,,
JMP,AHA,24,,,
BOE,MLDT,24,,,
HD,KNW,24,,,
SPJ,DSS,23,,,
SPJ,DBG,23,,,
JNU,SHG,23,,,
PNC,PNBE,23,,,
TDD,NDD,23,,,
VAK,QLN,23,,,
NCB,NJP,23,,,
GDV,BZA,23,,,
MEX,DZA,23,,,
GZB,MTC,23,,,
KEI,BSB,23,,,
MZR,BD,23,,,
MZR,AK,23,,,
BOY,BSB,23,,,
ON,LJN,23,,,
MDU,KQN,23,,,
KGQ,MAQ,23,,,
KGQ,CAN,23,,,
CPH,BSP,23,,,
BONA,ANGL,23,,,
DGR,UDL,23,,,
VAPI,BVI,23,,,
CTO,TPTY,23,,,
MOZ,DBD,23,,,
AKV,BH,23,,,
BST,GD,23,,,
BSR,PNVL,23,,,
QLN,TVC,23,,,
ST,NDB,23,,,
BPHB,DURG,23,,,
BDJ,TLY,23,,,
PRG,ALD,23,,,
RTM,BRC,23,,,
DG,KRR,23,,,
ALJN,KRJ,23,,,
SKM,KVZ,23,,,
NDO,BPP,23,,,
NDLS,CNB,23,,,
BTE,MTJ,23,,,
GOTN,MTD,23,,,
SPT,PSA,22,,,
SPN,LKO,22,,,
WKR,SUNR,22,,,
BCY,ARJ,22,,,
SRC,SHM,22,,,
MV,SY,22,,,
DOS,AUBR,22,,,
BAM,IPM,22,,,
LKO,RBL,22,,,
NH,KOAA,22,,,
NLR,BTTR,22,,,
MKC,UJN,22,,,
FTP,ALD,22,,,
DKJ,MABD,22,,,
NGP,KATL,22,,,
NGP,BRD,22,,,
HYB,SC,22,,,
GIMB,BCOB,22,,,
BKP,FUT,22,,,
JBP,SHR,22,,,
VAPI,ST,22,,,
KMT,MDR,22,,,
BTTR,KVZ,22,,,
QLD,BDJ,22,,,
AII,JP,22,,,
KQN,DG,22,,,
SY,CDM,22,,,
UDZ,RPZ,22,,,
KUH,RTM,22,,,
GLPT,NBQ,22,,,
TIG,KBJ,22,,,
CGL,VM,22,,,
BYT,TLD,22,,,
DLI,DSA,22,,,
RTA,GUNA,22,,,
BCOB,SIOB,22,,,
ET,HD,22,,,
RPZ,MVJ,22,,,
ALJN,HRS,22,,,
DDN,HW,22,,,
KTE,SHR,22,,,
YPR,SBC,22,,,
PNBE,ARA,22,,,
MURI,BKSC,22,,,
SPE,MAS,21,,,
LD,DWR,21,,,
KKLR,AKVD,21,,,
DMN,PLO,21,,,
SRE,UMB,21,,,
VAK,TVC,21,,,
BAB,JHS,21,,,
NCB,DQG,21,,,
LKO,NHH,21,,,
NU,KY,21,,,
RAIR,BONA,21,,,
NGP,ET,21,,,
MGS,PNBE,21,,,
BKP,MKA,21,,,
KGP,PKU,21,,,
RGDA,PVPT,21,,,
JBP,MML,21,,,
DGG,G,21,,,
DGR,PAN,21,,,
PC,JL,21,,,
PC,CSN,21,,,
BRWD,DTO,21,,,
RU,KHT,21,,,
UDL,RNG,21,,,
PER,AJJ,21,,,
KQR,PNME,21,,,
HWH,BDC,21,,,
BPHB,R,21,,,
KMBL,JAM,21,,,
ROK,BGZ,21,,,
ROU,GP,21,,,
KYN,LNL,21,,,
VBL,VZM,21,,,
AWR,KRH,21,,,
CD,HGT,21,,,
WR,PLO,21,,,
RPH,BHP,21,,,
GGJ,ABP,21,,,
AKVD,BVRT,21,,,
VRI,ALU,21,,,
TLY,MAHE,21,,,
NOQ,KOJ,20,,,
PNP,SNP,20,,,
APR,SDL,20,,,
DNKL,BBS,20,,,
MSMD,R,20,,,
SRR,PTB,20,,,
BAQ,BINA,20,,,
BAM,VZM,20,,,
KIUL,BJU,20,,,
LDH,JUC,20,,,
MEX,CHKB,20,,,
NK,KYN,20,,,
NU,JBP,20,,,
MKC,SFY,20,,,
NGP,BPQ,20,,,
SJP,SEH,20,,,
CPR,DGA,20,,,
BLGR,BRGA,20,,,
SLI,KRD,20,,,
BWT,KPN,20,,,
PAK,TPTY,20,,,
ALLP,SRTL,20,,,
AKP,YLM,20,,,
BST,MUR,20,,,
SBP,BRGA,20,,,
MABD,WL,20,,,
SZM,DLI,20,,,
PNME,HZD,20,,,
TJ,TPJ,20,,,
AY,GGJ,20,,,
JSG,RIG,20,,,
ORAI,CNB,20,,,
TRVL,KTYM,20,,,
KMBL,DWK,20,,,
BDJ,CLT,20,,,
PGI,FK,20,,,
PRG,PFM,20,,,
AMRO,HPU,20,,,
SSB,BGZ,20,,,
PTB,KTU,20,,,
BPRD,NBQ,20,,,
TEL,NDO,20,,,
NBQ,RNY,20,,,
AUB,KNE,20,,,
VDS,MDP,20,,,
MDR,BZA,20,,,
BVI,ADH,20,,,
KJH,AHA,20,,,
HTE,RNC,20,,,
BGM,GPB,20,,,
NOQ,NBQ,19,,,
KKLR,GDV,19,,,
SRR,PGT,19,,,
DRD,VAPI,19,,,
MS,MBM,19,,,
LDH,KNN,19,,,
NU,PPI,19,,,
NU,SRID,19,,,
GZB,NZM,19,,,
CPR,BUI,19,,,
KUDA,BYNR,19,,,
CRJ,JMT,19,,,
MAU,IAA,19,,,
SNT,AMP,19,,,
LSI,DBG,19,,,
PAR,MTY,19,,,
PAR,NRKR,19,,,
MOZ,MTC,19,,,
ALLP,AMPA,19,,,
BST,GKP,19,,,
SBI,MSH,19,,,
QLN,KCVL,19,,,
GNG,AME,19,,,
MKP,ALD,19,,,
CAN,CLT,19,,,
GAR,KY,19,,,
JUD,JUDW,19,,,
NNA,THB,19,,,
BDJ,MAHE,19,,,
KYJ,HAD,19,,,
KYN,KSRA,19,,,
KYE,BINA,19,,,
KYE,SGO,19,,,
KSRA,IGP,19,,,
DLN,BXR,19,,,
AMPA,HAD,19,,,
BLS,JER,19,,,
BLM,HRI,19,,,
MBM,TBM,19,,,
TORI,LTHR,19,,,
VSKP,SCM,19,,,
SGG,BGP,19,,,
SPT,IPM,18,,,
LD,LWR,18,,,
PND,BSP,18,,,
MBNR,GWD,18,,,
MBNR,KCG,18,,,
WKI,OTP,18,,,
DMO,PHA,18,,,
DMO,KMZ,18,,,
HNL,WHM,18,,,
TDO,DZA,18,,,
TDL,ALJN,18,,,
TDU,VKB,18,,,
RJY,NDD,18,,,
CAPE,NCJ,18,,,
KZE,PAY,18,,,
MB,NBD,18,,,
DOS,GAYA,18,,,
BAY,GTL,18,,,
LKO,FD,18,,,
NGO,MTD,18,,,
BMT,SC,18,,,
SHG,ABP,18,,,
GZB,SBB,18,,,
MGS,ZNA,18,,,
MGS,KEI,18,,,
BDTS,ADH,18,,,
LWR,DWR,18,,,
CPK,JID,18,,,
BLGR,TIG,18,,,
KUDA,UD,18,,,
DGA,SEE,18,,,
BWN,GKH,18,,,
UJA,MSH,18,,,
MNGD,AMB,18,,,
VSU,BQA,18,,,
AKT,BSP,18,,,
BST,BV,18,,,
MMR,CSN,18,,,
KOU,RU,18,,,
RE,KRH,18,,,
GNT,BZA,18,,,
SEGM,CD,18,,,
NJP,AUB,18,,,
NJP,DQG,18,,,
AK,WHM,18,,,
AN,JL,18,,,
GLPT,KYQ,18,,,
NHH,MFKA,18,,,
ROK,JIND,18,,,
BDL,ALD,18,,,
DLK,BOE,18,,,
DLN,ZNA,18,,,
SSB,DKZ,18,,,
JMU,JAJ,18,,,
BPRD,RNY,18,,,
GYN,ALY,18,,,
MRGA,NLDA,18,,,
SIP,BUI,18,,,
MYS,MYA,18,,,
ABR,SOH,18,,,
BAND,YPR,18,,,
JAA,MURI,18,,,
BTE,BXN,18,,,
VRI,TPJ,18,,,
AJJ,TRL,18,,,
KNE,MLDT,18,,,
JU,MTD,18,,,
CUPJ,CDM,18,,,
ALD,ALY,18,,,
SPN,ROZA,17,,,
SPE,NYP,17,,,
DPJ,SA,17,,,
PNP,NDLS,17,,,
TDL,HRS,17,,,
BAU,NPNR,17,,,
KIUL,AHA,17,,,
KIUL,JMU,17,,,
NK,BSL,17,,,
NN,MKU,17,,,
GZB,KRJ,17,,,
BKP,PNBE,17,,,
GDR,NYP,17,,,
KGP,JER,17,,,
KGG,NNA,17,,,
AMLA,MTY,17,,,
MLPR,ABP,17,,,
DGR,RNG,17,,,
SLN,MFKA,17,,,
KIR,KNE,17,,,
FD,RDL,17,,,
MAS,KPD,17,,,
KWAE,NDAE,17,,,
SBP,JSG,17,,,
RE,AWR,17,,,
RE,PTRD,17,,,
DEE,DLI,17,,,
BURN,ASN,17,,,
MKA,BJU,17,,,
J,PTU,17,,,
PGW,JUC,17,,,
OGL,SKM,17,,,
AB,KPD,17,,,
DUI,SAG,17,,,
IDG,SWM,17,,,
VBL,PVP,17,,,
SSM,KTQ,17,,,
BBK,BNZ,17,,,
BBU,KTQ,17,,,
PTU,SELU,17,,,
LJN,CNB,17,,,
DDR,BVI,17,,,
SMBJ,GGC,17,,,
NPNR,KNW,17,,,
NZB,BSX,17,,,
TPJ,SRGM,17,,,
JNH,BOY,16,,,
BEA,ARA,16,,,
NOK,BKN,16,,,
DPJ,HSRA,16,,,
LS,MMR,16,,,
DMM,SSPN,16,,,
DMO,KTE,16,,,
BCH,SJP,16,,,
SRE,DBD,16,,,
PDKT,TPJ,16,,,
KZJ,ZN,16,,,
VAK,PVU,16,,,
MV,KMU,16,,,
SVJR,PUNE,16,,,
KIUL,KJH,16,,,
ATP,GTL,16,,,
GAYA,MGS,16,,,
LKO,BCN,16,,,
NLR,BZA,16,,,
MGS,DLN,16,,,
RMD,PMK,16,,,
DEC,DLI,16,,,
GDG,KBL,16,,,
AMLA,PAR,16,,,
RGDA,SPRD,16,,,
NMH,MDS,16,,,
RPRD,KSNG,16,,,
PAY,CAN,16,,,
ETW,BNT,16,,,
BSR,ST,16,,,
BSB,MUV,16,,,
MML,SRID,16,,,
ERS,ERN,16,,,
QLN,KPY,16,,,
RN,CHI,16,,,
GHR,JAJ,16,,,
GHY,JID,16,,,
GNT,SAP,16,,,
MKN,KMNC,16,,,
MKU,AK,16,,,
AII,NSD,16,,,
MABD,KDM,16,,,
BJNR,BHL,16,,,
ST,BVI,16,,,
CAP,BALU,16,,,
DBRG,NTSK,16,,,
TDPR,VM,16,,,
BMKI,SGL,16,,,
JSG,BRJN,16,,,
PMK,MNM,16,,,
BINA,BHS,16,,,
DD,SUR,16,,,
VN,JTJ,16,,,
WL,BPQ,16,,,
HAN,BXN,16,,,
SIR,KNN,16,,,
PNVL,TNA,16,,,
JIND,NRW,16,,,
BHP,GKH,16,,,
BVH,FDB,16,,,
TVP,TVC,16,,,
SRGM,ALU,16,,,
DPR,NGG,15,,,
LD,CLR,15,,,
MRA,AGC,15,,,
KMME,DHN,15,,,
WKR,THAN,15,,,
SRR,CLT,15,,,
DRU,ASK,15,,,
DRU,RRB,15,,,
JHL,TUN,15,,,
PWL,KSV,15,,,
LKO,GD,15,,,
LKO,HRI,15,,,
NGG,NBD,15,,,
NGN,CSN,15,,,
NGN,MMR,15,,,
NGP,AJNI,15,,,
SHG,MLPR,15,,,
GZB,HPU,15,,,
MZP,ALD,15,,,
VKI,KHT,15,,,
CPR,HJP,15,,,
CPU,RNQ,15,,,
BIM,BL,15,,,
SLO,PAP,15,,,
BWN,PAN,15,,,
MAD,MYA,15,,,
SNP,SZM,15,,,
MAO,VSG,15,,,
KKN,HD,15,,,
TUN,NRW,15,,,
PAR,BZU,15,,,
KATL,NRKR,15,,,
GBD,HUP,15,,,
THAN,SUNR,15,,,
BRWD,LTHR,15,,,
MMR,NSL,15,,,
KOJ,FKM,15,,,
QLM,CLR,15,,,
RGL,JSG,15,,,
MKP,DBR,15,,,
KQR,HZD,15,,,
DYD,RDL,15,,,
GAR,PPI,15,,,
KSV,MTJ,15,,,
NJP,SGUJ,15,,,
NHT,RPH,15,,,
DUI,BNN,15,,,
PPI,SGP,15,,,
AWR,JP,15,,,
TEL,BPP,15,,,
RTM,DHD,15,,,
DHN,GMO,15,,,
YNK,YPR,15,,,
NDD,KVR,15,,,
MUT,MTC,15,,,
GCT,ARJ,15,,,
HPP,MRPR,15,,,
PBN,MVO,15,,,
TPJ,KRR,15,,,
MVO,SELU,15,,,
JNU,ZBD,14,,,
NOK,DSO,14,,,
LMG,LKA,14,,,
DPA,SWM,14,,,
APT,DWP,14,,,
APT,SLO,14,,,
PDY,VM,14,,,
PSA,NWP,14,,,
NRLR,RPRD,14,,,
BCH,MKC,14,,,
HNL,PAU,14,,,
SRE,MB,14,,,
TDO,JRC,14,,,
RJY,DWP,14,,,
RJN,G,14,,,
KZJ,RDM,14,,,
VAK,KVU,14,,,
DOL,MFP,14,,,
DOL,KRBP,14,,,
DOS,SEB,14,,,
BHTR,BTT,14,,,
JJK,RURA,14,,,
JJK,PHD,14,,,
NCJ,VLY,14,,,
GAYA,AUBR,14,,,
NAD,KOTA,14,,,
SVM,QLM,14,,,
SVM,MAO,14,,,
SVA,CMU,14,,,
SVA,SGZ,14,,,
LKA,HJI,14,,,
NW,YG,14,,,
AZR,BOE,14,,,
MKC,DWX,14,,,
NDKD,PGRL,14,,,
NGP,BZU,14,,,
GZB,DSA,14,,,
MGS,CAR,14,,,
RMGM,CPT,14,,,
CKTD,MKP,14,,,
BKN,DSO,14,,,
SJP,UJN,14,,,
CPP,VZM,14,,,
CPT,MAD,14,,,
THVM,MAO,14,,,
SLN,BSB,14,,,
CRR,KUE,14,,,
CRY,KVU,14,,,
SPRD,THV,14,,,
BWM,SGZ,14,,,
BWM,RMA,14,,,
SNP,GNU,14,,,
LSR,AWB,14,,,
LSR,RGO,14,,,
CKU,GTS,14,,,
UJA,SID,14,,,
KMU,TJ,14,,,
JMT,VDS,14,,,
AKP,TUNI,14,,,
BSP,JSG,14,,,
ERS,SRTL,14,,,
WADI,YG,14,,,
WADI,RC,14,,,
QLN,PVU,14,,,
NRPD,YG,14,,,
RU,PUT,14,,,
RC,KSN,14,,,
COR,MVJ,14,,,
NSD,BJNR,14,,,
SDL,BRS,14,,,
SZM,NDLS,14,,,
JWB,FA,14,,,
PGRL,SAP,14,,,
ST,UDN,14,,,
SA,TPT,14,,,
SA,KPD,14,,,
CAN,KPQ,14,,,
DYD,BBK,14,,,
BNDA,MBA,14,,,
TMR,G,14,,,
ASKN,MNV,14,,,
TU,KDP,14,,,
TU,GY,14,,,
AF,IDH,14,,,
HIJ,BLS,14,,,
PGI,TIR,14,,,
PRR,TATA,14,,,
WJR,KPD,14,,,
TEL,CLX,14,,,
DNR,BTA,14,,,
CHKB,JAT,14,,,
DSS,BJU,14,,,
YFP,GCT,14,,,
BRGA,BRPL,14,,,
BNZ,LJN,14,,,
SVGA,MNM,14,,,
RPH,MLDT,14,,,
NDB,JL,14,,,
BJU,JAJ,14,,,
NDLS,MTJ,14,,,
FZR,FDK,14,,,
GD,CLJ,14,,,
BTA,ARA,14,,,
BTH,SGL,14,,,
KJM,YPR,14,,,
AJJ,TRT,14,,,
SGO,PHA,14,,,
JNU,BSB,13,,,
BER,MJ,13,,,
PNU,SID,13,,,
KMME,BRR,13,,,
DNKL,CTC,13,,,
BCT,DDR,13,,,
BPF,ET,13,,,
SRU,BTT,13,,,
KZE,NLE,13,,,
MB,LRJ,13,,,
MB,CH,13,,,
STA,JTW,13,,,
RHG,AWR,13,,,
PWL,BVH,13,,,
LKO,SAN,13,,,
LKO,AMG,13,,,
LKE,IDG,13,,,
DKO,KKDI,13,,,
BMB,JSG,13,,,
BMB,GP,13,,,
SHG,KRND,13,,,
GZB,ANVT,13,,,
GZB,ALJN,13,,,
TBN,HD,13,,,
FL,JOB,13,,,
MET,DUI,13,,,
GDG,UBL,13,,,
CPH,NIA,13,,,
CPH,RIG,13,,,
CPA,CNB,13,,,
MXN,FKG,13,,,
MCI,SKZR,13,,,
BCA,DSS,13,,,
MAU,MMA,13,,,
SNP,NUR,13,,,
MAN,MHD,13,,,
NMH,COR,13,,,
SGNR,ABS,13,,,
ALLP,KYJ,13,,,
ALLP,ERS,13,,,
SV,BTT,13,,,
GHR,JMU,13,,,
BURN,JOC,13,,,
SM,MLDT,13,,,
TMR,TRO,13,,,
HWH,ASN,13,,,
NJP,JPE,13,,,
GJL,AMRO,13,,,
TA,TIR,13,,,
TA,PGI,13,,,
DUI,NBA,13,,,
BYNR,BTJL,13,,,
BINA,MABA,13,,,
PRR,BBM,13,,,
PRR,ANR,13,,,
BRKA,PTRU,13,,,
BBM,CNI,13,,,
PTA,NBA,13,,,
PTA,RPJ,13,,,
RKB,JU,13,,,
G,TRO,13,,,
PVP,PVPT,13,,,
DHN,KTH,13,,,
BARH,PHK,13,,,
HAN,SMBJ,13,,,
BNC,BNCE,13,,,
KBL,HPT,13,,,
BLS,SORO,13,,,
BVI,PLG,13,,,
MDNR,MTC,13,,,
BRD,KP,13,,,
CNB,PHN,13,,,
KPN,JTJ,13,,,
SNSI,PB,12,,,
SPN,TLH,12,,,
PQN,UCR,12,,,
JND,KSD,12,,,
HLN,HAS,12,,,
DPA,BNLW,12,,,
PNP,SMK,12,,,
GRRU,RFJ,12,,,
GRRU,GAYA,12,,,
MRJ,BGM,12,,,
MRJ,KUD,12,,,
MBNR,JCL,12,,,
DMV,BXJ,12,,,
MSMD,BGBR,12,,,
BCH,UJN,12,,,
RJP,NRE,12,,,
RJP,KOU,12,,,
RJY,KVR,12,,,
DRH,AHA,12,,,
RKSN,CKP,12,,,
RKSN,SINI,12,,,
TAPA,BNN,12,,,
MB,GZB,12,,,
MJ,ABR,12,,,
BAY,TNGL,12,,,
RTGH,CUR,12,,,
ATE,BNDA,12,,,
ATE,CKTD,12,,,
PWS,PNBE,12,,,
PWS,DNR,12,,,
ABKA,NDAE,12,,,
ABKA,BDC,12,,,
DEOS,SV,12,,,
RAIR,SBPD,12,,,
RMGM,BID,12,,,
VKB,SKP,12,,,
VKB,ZB,12,,,
GIMB,AI,12,,,
ALER,ZN,12,,,
SJP,KPP,12,,,
GDR,BZA,12,,,
KGP,MDN,12,,,
KGP,JGM,12,,,
KGI,BID,12,,,
CPU,OBR,12,,,
MXN,SLGR,12,,,
RGDA,MNGD,12,,,
SLN,LBA,12,,,
SLO,ANV,12,,,
CRP,GMO,12,,,
PB,KPG,12,,,
BCN,HCP,12,,,
BWN,SDAH,12,,,
KKW,RN,12,,,
KKP,GJUT,12,,,
KKP,FDK,12,,,
CTO,PAK,12,,,
TUP,PTJ,12,,,
VMA,CMU,12,,,
KRNR,MYS,12,,,
CKU,JGM,12,,,
KATI,TMZ,12,,,
PRLI,LTRR,12,,,
MNGD,THV,12,,,
KMT,MABD,12,,,
VSU,MDN,12,,,
AKV,KSB,12,,,
AKT,NIA,12,,,
AKN,SGG,12,,,
BSP,BYL,12,,,
SBG,BHW,12,,,
ERS,TUVR,12,,,
QLN,CNGR,12,,,
MKU,SEG,12,,,
J,PBN,12,,,
JWP,HW,12,,,
GUR,GR,12,,,
SC,NLDA,12,,,
CAA,BMKI,12,,,
PGK,HMH,12,,,
PGK,SOG,12,,,
OGL,TEL,12,,,
BEAS,KRE,12,,,
BNDM,ROU,12,,,
JUC,KRE,12,,,
GWL,SVPI,12,,,
BGBR,KRAR,12,,,
AB,JTJ,12,,,
AN,NDB,12,,,
HIJ,MDN,12,,,
PKU,TMZ,12,,,
MUR,MSW,12,,,
ASK,HAS,12,,,
ORAI,KPI,12,,,
TNGL,HPT,12,,,
TIG,BUDM,12,,,
SDLP,CUR,12,,,
MSK,MNE,12,,,
BYT,BYL,12,,,
MQR,SEM,12,,,
MQR,CT,12,,,
VG,DHG,12,,,
VM,MLMR,12,,,
PTJ,CBE,12,,,
JMP,BGP,12,,,
AME,RBL,12,,,
YFP,BUI,12,,,
RTA,BRRG,12,,,
DHN,BKSC,12,,,
RIG,KHS,12,,,
BNT,PHD,12,,,
RANI,FA,12,,,
BIDR,ZB,12,,,
SRTL,TUVR,12,,,
KBJ,KRAR,12,,,
HCP,RBL,12,,,
NFK,BHW,12,,,
BLM,SAN,12,,,
RPR,DURE,12,,,
ALJN,NDLS,12,,,
SKP,LPI,12,,,
MYA,PANP,12,,,
DHNE,GY,12,,,
SMR,LUNI,12,,,
FA,SOH,12,,,
CSN,JL,12,,,
LRJ,HW,12,,,
VLR,KPD,12,,,
BTH,NKE,12,,,
HX,NRE,12,,,
HRI,AJI,12,,,
BPL,LAR,12,,,
KPI,PHN,12,,,
DPR,SEO,11,,,
MRJ,KOP,11,,,
DNKL,TLHR,11,,,
DMN,CND,11,,,
NRLR,AMB,11,,,
SRJ,NYN,11,,,
SRU,LRD,11,,,
MB,HPU,11,,,
MB,DLI,11,,,
RWL,HW,11,,,
MJ,AII,11,,,
MS,GDR,11,,,
BAU,RV,11,,,
BAQ,MABA,11,,,
BAB,LAR,11,,,
STL,JAJ,11,,,
STL,JSME,11,,,
KAD,LNL,11,,,
KAD,KJT,11,,,
ATL,BARH,11,,,
ATL,BKP,11,,,
JHS,AGC,11,,,
NAD,VMA,11,,,
SMBX,JAT,11,,,
SMBX,VJPJ,11,,,
NN,JM,11,,,
JRLE,AZ,11,,,
DEOS,GB,11,,,
DKO,SVGA,11,,,
URI,PUNE,11,,,
NGP,BD,11,,,
NGP,BPL,11,,,
BOY,PRF,11,,,
VKI,VDD,11,,,
ALER,BG,11,,,
GDR,VDD,11,,,
GDG,NGR,11,,,
KGI,MYA,11,,,
BLGR,BRPL,11,,,
JBP,PPI,11,,,
SLN,NHH,11,,,
KIR,BOE,11,,,
BCN,RBL,11,,,
ULT,BRR,11,,,
NYY,TVC,11,,,
KOTA,RTM,11,,,
KOTA,BUDI,11,,,
MAU,DLR,11,,,
PAP,ANV,11,,,
BUH,SDL,11,,,
ERN,TCR,11,,,
RN,PNVL,11,,,
GHQ,GHD,11,,,
GHH,GGN,11,,,
GNU,SMK,11,,,
HUP,YNK,11,,,
PNME,DHN,11,,,
KSG,JP,11,,,
SINI,TATA,11,,,
KLAR,MBA,11,,,
HWH,BHP,11,,,
GJL,GMS,11,,,
AMP,BHP,11,,,
AL,BVRT,11,,,
AL,TNKU,11,,,
AZ,KGLE,11,,,
BLTR,LRD,11,,,
ORAI,PHN,11,,,
ASN,MDP,11,,,
YLM,TUNI,11,,,
BD,CND,11,,,
BV,MSW,11,,,
NNO,BGZ,11,,,
JOB,JP,11,,,
BRKA,RMT,11,,,
TKD,FDB,11,,,
RMT,MURI,11,,,
WJR,AJJ,11,,,
JMU,MNP,11,,,
NBI,BTE,11,,,
NBI,KL,11,,,
RTM,JAO,11,,,
WL,KDM,11,,,
VZM,KTV,11,,,
JUDW,UMB,11,,,
ALJN,CNB,11,,,
YA,HX,11,,,
CSA,GMR,11,,,
CSA,BXR,11,,,
SCM,KTV,11,,,
SEG,JM,11,,,
GOTN,JU,11,,,
SDAH,BNXR,11,,,
SPZ,BGZ,10,,,
SPT,BAM,10,,,
PQN,GRMR,10,,,
JND,JLR,10,,,
LMN,RBL,10,,,
LMN,UCR,10,,,
LC,BNZ,10,,,
LC,LJN,10,,,
LS,NR,10,,,
PNC,BKP,10,,,
PNE,BHP,10,,,
CLG,BGP,10,,,
CLG,PPT,10,,,
WKI,SRR,10,,,
DMN,BD,10,,,
JLD,BUW,10,,,
JLD,CLJ,10,,,
BCT,BVI,10,,,
SRR,KTU,10,,,
TDL,RKM,10,,,
NMZ,SGUJ,10,,,
TDD,RJY,10,,,
PDKT,KKDI,10,,,
RJT,BKNG,10,,,
DRH,JMP,10,,,
AJE,AI,10,,,
AJE,BHUJ,10,,,
MLHA,KSD,10,,,
TAPA,PUL,10,,,
MB,LKO,10,,,
MJ,SOD,10,,,
MW,SV,10,,,
STA,JBP,10,,,
STN,ASN,10,,,
NCJ,ERL,10,,,
KIUL,PNBE,10,,,
GAYA,DHN,10,,,
JHD,TEA,10,,,
JHS,CGN,10,,,
JHS,NZM,10,,,
NAD,MEP,10,,,
LKN,BGS,10,,,
LKO,SLN,10,,,
SMBX,KTHU,10,,,
FLK,DQG,10,,,
NK,NR,10,,,
ND,MAN,10,,,
NLR,KVZ,10,,,
MKC,TAN,10,,,
AIT,ORAI,10,,,
GNH,PBN,10,,,
GNH,PRLI,10,,,
NGP,CD,10,,,
BMT,HYB,10,,,
BMT,LPI,10,,,
SHG,AMH,10,,,
RMD,MMM,10,,,
OTP,TCR,10,,,
KKDE,SHDM,10,,,
FL,SBR,10,,,
BKI,AWR,10,,,
SJP,AKD,10,,,
GDL,BKNG,10,,,
KGP,BLDA,10,,,
KGG,BJU,10,,,
CPH,SKT,10,,,
CPK,KWM,10,,,
CPK,HJI,10,,,
CPP,CHE,10,,,
BRYA,MKA,10,,,
SLO,CCT,10,,,
KIR,SMO,10,,,
CRR,SMO,10,,,
BCA,BJU,10,,,
AGN,G,10,,,
KOTA,BRC,10,,,
KOTA,NZM,10,,,
MAS,BZA,10,,,
MAU,AMH,10,,,
MAU,BLTR,10,,,
MAO,KRMI,10,,,
KKM,YA,10,,,
KKM,HX,10,,,
CTC,BHC,10,,,
KUDL,RN,10,,,
PAY,KPQ,10,,,
PAY,PAZ,10,,,
KATI,DGHA,10,,,
UJN,TAN,10,,,
BUW,BBK,10,,,
MNGD,KSNG,10,,,
MOO,YA,10,,,
MOO,KDP,10,,,
CVP,TEN,10,,,
HKG,SBP,10,,,
BSR,KYN,10,,,
BSR,BL,10,,,
BSB,JOP,10,,,
BSB,BTP,10,,,
KOJ,APDJ,10,,,
NRPD,KSN,10,,,
RU,KPD,10,,,
RC,YG,10,,,
RK,TPZ,10,,,
RGO,NSL,10,,,
PER,TRL,10,,,
GNT,NRT,10,,,
AII,BHL,10,,,
SDL,UMR,10,,,
HUP,SSPN,10,,,
HUP,PKD,10,,,
SL,UD,10,,,
SL,MAJN,10,,,
PGR,KRR,10,,,
SFY,BRRG,10,,,
TDPR,CUPJ,10,,,
NWP,CHE,10,,,
KUR,NKP,10,,,
KUE,NNA,10,,,
AF,AH,10,,,
AH,IDH,10,,,
AO,CH,10,,,
AY,ABP,10,,,
HIR,NKE,10,,,
RAA,UMB,10,,,
ASN,ADRA,10,,,
NNO,SSB,10,,,
BINA,MNV,10,,,
JOC,PRR,10,,,
NLV,RNY,10,,,
CC,GB,10,,,
SUR,PUNE,10,,,
TEN,VLY,10,,,
RKB,GOTN,10,,,
LTRR,UDGR,10,,,
RBGJ,CUK,10,,,
SWM,JP,10,,,
GYM,KPD,10,,,
DHG,SIOB,10,,,
DHD,BRC,10,,,
BIDR,BHLK,10,,,
SIR,GVG,10,,,
SIR,UMB,10,,,
KHNM,GRMR,10,,,
KHNM,LGO,10,,,
RPJ,UMB,10,,,
SKI,DBG,10,,,
MFP,MTR,10,,,
NDD,TNKU,10,,,
MYS,PANP,10,,,
WRR,HGT,10,,,
PNVL,ROHA,10,,,
BHW,TPH,10,,,
BAND,KJM,10,,,
KTE,UMR,10,,,
SHDM,UMB,10,,,
NDLS,DKZ,10,,,
UMR,BRS,10,,,
GD,GKP,10,,,
BTE,JP,10,,,
KAWR,KT,10,,,
BPQ,RDM,10,,,
KNN,GVG,10,,,
BRRG,CBK,10,,,
GTS,TATA,10,,,
SIOB,MALB,10,,,
DURE,ARA,10,,,
SPZ,ROK,9,,,
SPJ,LSI,9,,,
JNH,BSE,9,,,
PNC,GZH,9,,,
MRJ,JSP,9,,,
DMM,YPR,9,,,
PSB,HZD,9,,,
PSB,KQR,9,,,
JLL,ZBD,9,,,
JLL,BSB,9,,,
SRC,ULB,9,,,
SRJ,DBR,9,,,
SRO,KGA,9,,,
SRP,HWH,9,,,
GOL,MOU,9,,,
GOY,CNB,9,,,
KZT,ERL,9,,,
STA,MGS,9,,,
STA,COI,9,,,
RHG,BU,9,,,
KIUL,BSQP,9,,,
LKE,KOTA,9,,,
NH,SDAH,9,,,
JRLE,NILE,9,,,
RSR,BUI,9,,,
URD,GHD,9,,,
URD,MDJ,9,,,
HDN,MDJ,9,,,
HDN,JPL,9,,,
SHC,SBV,9,,,
HYT,LSI,9,,,
DEC,PM,9,,,
KLRE,TORI,9,,,
BKI,MURD,9,,,
BKI,BU,9,,,
GDB,BTI,9,,,
GDB,MOT,9,,,
DGO,BBU,9,,,
BIM,NVS,9,,,
KIM,KSB,9,,,
CRP,KTH,9,,,
FD,ACND,9,,,
FD,SLW,9,,,
AGC,NZM,9,,,
BWT,TPT,9,,,
VAPI,PLG,9,,,
KWAE,SALE,9,,,
KRND,SMZ,9,,,
PAY,CHV,9,,,
ACND,AY,9,,,
MOT,ABS,9,,,
KMC,SC,9,,,
SLW,RDL,9,,,
AKP,VSKP,9,,,
BSP,RIG,9,,,
BSL,RV,9,,,
BSB,GYN,9,,,
MMA,AMH,9,,,
RC,AD,9,,,
WFD,KJM,9,,,
GHH,PTRD,9,,,
PDPL,JMKT,9,,,
PDPL,RDM,9,,,
COR,NBH,9,,,
GNG,JAIS,9,,,
BQI,SA,9,,,
ST,KSB,9,,,
SC,BG,9,,,
OGL,KVZ,9,,,
SFM,SAG,9,,,
KLAR,HPP,9,,,
UBL,NGR,9,,,
DGLE,NFK,9,,,
AB,VN,9,,,
NUQ,WDM,9,,,
DUA,BINA,9,,,
YLM,NRP,9,,,
PMR,TLH,9,,,
NLE,CHV,9,,,
SSB,NDLS,9,,,
DQG,JPE,9,,,
CC,GKP,9,,,
VV,RKD,9,,,
RKD,HTK,9,,,
AMH,SMZ,9,,,
HAN,GGC,9,,,
BNC,YNK,9,,,
ET,SGP,9,,,
ANGL,TLHR,9,,,
PNVL,MNI,9,,,
MDS,JAO,9,,,
GGN,PTRD,9,,,
NZB,MUE,9,,,
SAN,HRI,9,,,
WDM,DXN,9,,,
HPU,GMS,9,,,
TPT,JTJ,9,,,
NRP,TUNI,9,,,
KND,CNI,9,,,
CNI,TATA,9,,,
DXN,RNQ,9,,,
NNR,THB,9,,,
MURD,KL,9,,,
BSDP,NKP,8,,,
BSDP,KAPG,8,,,
SPJ,KRBP,8,,,
SPJ,KPGM,8,,,
SPN,AO,8,,,
JNH,PLP,8,,,
JNH,ALD,8,,,
JNL,ASR,8,,,
JNL,BEAS,8,,,
BEH,BMB,8,,,
BEH,JSG,8,,,
BEA,BYN,8,,,
BER,SOD,8,,,
GRL,MFP,8,,,
GRL,BNR,8,,,
HLN,KRNR,8,,,
LMT,BGK,8,,,
LMT,BSRX,8,,,
LMG,HJI,8,,,
MOTH,AIT,8,,,
MOTH,CGN,8,,,
PNE,AMP,8,,,
MRR,NHT,8,,,
MRL,NVS,8,,,
MRK,DKD,8,,,
APR,AAL,8,,,
MBNR,KRNT,8,,,
BLQR,RUPC,8,,,
BLQR,RMU,8,,,
DMM,KRY,8,,,
MSMD,KRAR,8,,,
PSA,VZM,8,,,
HNA,KT,8,,,
BCH,KSH,8,,,
SRR,OTP,8,,,
TDL,ETW,8,,,
TDL,SKB,8,,,
TDU,WADI,8,,,
TDU,SEM,8,,,
RJT,PDH,8,,,
RJP,HX,8,,,
RJY,DVD,8,,,
RJA,MBI,8,,,
DRD,BVI,8,,,
GOH,SGZ,8,,,
GOH,BWM,8,,,
MLO,BWT,8,,,
KZJ,KCG,8,,,
MAUR,BTI,8,,,
MB,KNT,8,,,
RWL,DWO,8,,,
MW,BHTR,8,,,
MS,NLR,8,,,
MS,CGL,8,,,
BAM,VSKP,8,,,
STA,REWA,8,,,
STA,UHR,8,,,
STW,BUI,8,,,
NCJ,TEN,8,,,
NCB,FLK,8,,,
KAT,MOZ,8,,,
SVJR,LNL,8,,,
KIUL,BRYA,8,,,
ATP,DHNE,8,,,
KRBP,KPGM,8,,,
LDH,SIR,8,,,
JHL,SAG,8,,,
JHL,NRW,8,,,
JHW,RMA,8,,,
JHW,BWM,8,,,
NAC,SBR,8,,,
LKO,BLM,8,,,
LKO,HGH,8,,,
SMBX,HRNR,8,,,
LKU,HDW,8,,,
LKS,MHJ,8,,,
KCG,SC,8,,,
ND,KBRV,8,,,
NW,CT,8,,,
BDVT,TKE,8,,,
TKR,KRD,8,,,
NDKD,MRGA,8,,,
NDKD,VNUP,8,,,
NGT,TVR,8,,,
BMB,GPH,8,,,
BMI,RTM,8,,,
LUR,LTRR,8,,,
LUR,UMD,8,,,
MRDW,BTJL,8,,,
MZP,COI,8,,,
WSJ,PBR,8,,,
GIMB,SIOB,8,,,
FL,NRI,8,,,
KLRE,RAY,8,,,
NEW,MRPR,8,,,
BKN,LGH,8,,,
SJP,BPL,8,,,
MEJ,KDU,8,,,
MEP,VMA,8,,,
KGG,KIR,8,,,
KGG,SKJ,8,,,
KGM,HDW,8,,,
CPJ,SBZ,8,,,
THVM,KRMI,8,,,
DGR,SURI,8,,,
AAL,BUH,8,,,
BIM,AML,8,,,
SLN,JOP,8,,,
SLO,DVD,8,,,
KIR,LAV,8,,,
KIT,BALU,8,,,
KIN,COR,8,,,
CRJ,DHN,8,,,
FD,ABP,8,,,
DAB,BSX,8,,,
KOTA,DKNT,8,,,
BWN,KQU,8,,,
BWN,ASN,8,,,
MAP,SA,8,,,
MAS,OGL,8,,,
SNI,AJNI,8,,,
SNT,SURI,8,,,
SNT,BHP,8,,,
MAI,MTR,8,,,
MAI,CAA,8,,,
VAPI,BOR,8,,,
KAPG,KUU,8,,,
BSQP,MNP,8,,,
PAK,PIL,8,,,
GBD,DBU,8,,,
BUG,HIR,8,,,
BUG,SBZ,8,,,
MOR,PHK,8,,,
MOR,MKA,8,,,
ETW,PHD,8,,,
KMU,PML,8,,,
KMZ,UMR,8,,,
CVP,KDU,8,,,
STKT,QLN,8,,,
STKT,KPY,8,,,
SV,DDA,8,,,
UHR,MYR,8,,,
AKN,BGP,8,,,
AKD,KSH,8,,,
HKG,BRGA,8,,,
BSL,ET,8,,,
BSB,BHLP,8,,,
SBP,ANGL,8,,,
SBG,PPT,8,,,
SBG,TPH,8,,,
ERS,TCR,8,,,
WADI,CT,8,,,
KOP,VV,8,,,
RU,BZA,8,,,
ANND,KBRV,8,,,
AUBR,RFJ,8,,,
GHQ,NUQ,8,,,
HSK,KBJ,8,,,
PM,GGN,8,,,
GNT,TEL,8,,,
GNG,RBL,8,,,
MKA,PNBE,8,,,
SZM,NUR,8,,,
GUR,DUD,8,,,
HUP,YPR,8,,,
EKM,PUT,8,,,
SC,ZN,8,,,
CAP,GAM,8,,,
SFY,SFW,8,,,
KSV,CHJ,8,,,
KSX,JAA,8,,,
VTM,CLX,8,,,
VTM,CJM,8,,,
SEGM,WR,8,,,
AML,NVS,8,,,
AMG,HRI,8,,,
KUD,GPB,8,,,
HSRA,CRLM,8,,,
TJ,PML,8,,,
AF,BXN,8,,,
SKZR,WL,8,,,
JSP,HTK,8,,,
RAA,JUDW,8,,,
RAY,PTRU,8,,,
PKR,MLDT,8,,,
DUA,LAR,8,,,
KWV,BTW,8,,,
RURA,CNB,8,,,
BL,BVI,8,,,
NNN,VLY,8,,,
NNN,TEN,8,,,
BDL,MNF,8,,,
PMR,BE,8,,,
DWO,DDN,8,,,
KYJ,CNGR,8,,,
BYN,RPR,8,,,
JOP,SKN,8,,,
VNUP,MRGA,8,,,
TKE,RRB,8,,,
DLJ,BTD,8,,,
DLI,DKZ,8,,,
RMM,MMM,8,,,
BBK,LJN,8,,,
BBS,BLS,8,,,
DD,BGVN,8,,,
KMNC,JP,8,,,
SURI,RPH,8,,,
SUR,HG,8,,,
RTM,MDS,8,,,
G,BRD,8,,,
SWA,GKP,8,,,
RIG,BRJN,8,,,
RIG,BPH,8,,,
BNR,HJP,8,,,
YNK,DBU,8,,,
CHJ,MTJ,8,,,
VZM,SCM,8,,,
VZM,DVD,8,,,
BLT,SMR,8,,,
KNVT,ADB,8,,,
SKT,KHS,8,,,
SKI,MBI,8,,,
DDE,NDB,8,,,
NDL,GID,8,,,
BJP,BSRX,8,,,
MYG,BRC,8,,,
MYG,PLJ,8,,,
BHC,SORO,8,,,
BUI,GCT,8,,,
BBMN,JAT,8,,,
UMD,BTW,8,,,
SOG,MHJ,8,,,
GP,GPH,8,,,
VLR,ARV,8,,,
CHI,ROHA,8,,,
JAA,BKSC,8,,,
BGVN,JEUR,8,,,
KRAR,NPD,8,,,
KLD,MHH,8,,,
PVRD,KTYM,8,,,
SEO,KNT,8,,,
SEH,KPP,8,,,
BPH,BRJN,8,,,
BRRG,PFR,8,,,
CNB,PHD,8,,,
MJG,JTW,8,,,
GID,CBM,8,,,
KPD,TPTY,8,,,
PNBE,BXR,8,,,
RBG,GPB,8,,,
BHLK,UDGR,8,,,
GADJ,GTJT,8,,,
NKM,RNC,8,,,
CBF,CBE,8,,,
BZA,DVD,8,,,
ALD,PLP,8,,,
PQE,BEHS,7,,,
PQE,NLD,7,,,
JNA,JIND,7,,,
JNA,ROK,7,,,
JNH,URPR,7,,,
JNH,SQN,7,,,
PNK,RURA,7,,,
MRR,PKR,7,,,
DMV,FKG,7,,,
BPF,TBN,7,,,
SRE,MOZ,7,,,
GTNR,BNZ,7,,,
GTNR,BBK,7,,,
SGRL,OBR,7,,,
JJR,NIRA,7,,,
STR,KRG,7,,,
KAT,MUT,7,,,
SVJR,KK,7,,,
KIUL,MNP,7,,,
KIUL,JSME,7,,,
LDH,QRP,7,,,
GAYA,TKN,7,,,
KDPR,HCR,7,,,
JHS,MRPR,7,,,
NAC,MKN,7,,,
NAD,RMA,7,,,
LKO,NHN,7,,,
TKR,KOV,7,,,
IPL,ERN,7,,,
IPL,AWY,7,,,
NGP,ITR,7,,,
SHU,WJR,7,,,
GZN,GZB,7,,,
TBT,LAR,7,,,
MGS,CDMR,7,,,
LNN,WTR,7,,,
LNN,NIRA,7,,,
MZM,BJO,7,,,
GDR,OGL,7,,,
MET,AHH,7,,,
KGP,MCA,7,,,
CPA,KJN,7,,,
CPS,MNDR,7,,,
CPS,HLDR,7,,,
NILE,DGLE,7,,,
BLGR,SFC,7,,,
BLGR,BUDM,7,,,
DGR,OYR,7,,,
ITR,KP,7,,,
SLI,BVQ,7,,,
BCN,NHN,7,,,
AGC,FDB,7,,,
NYN,MJA,7,,,
BWN,KOAA,7,,,
BWN,DAKE,7,,,
MAS,TRL,7,,,
MAU,BUI,7,,,
SNI,SEGM,7,,,
MAN,BJD,7,,,
KKN,KNW,7,,,
MNDR,GJL,7,,,
GBD,YNK,7,,,
MOZ,MUT,7,,,
MOU,BNDM,7,,,
CNDM,CDG,7,,,
CNDM,KLK,7,,,
KHED,CHI,7,,,
SV,GKP,7,,,
OKA,TKD,7,,,
OKA,NZM,7,,,
BSL,BPL,7,,,
BSB,SWPR,7,,,
MMR,AWB,7,,,
ERN,PVRD,7,,,
KOV,BVQ,7,,,
NBG,ANH,7,,,
AUBR,SEB,7,,,
UDL,OYR,7,,,
HSA,APDJ,7,,,
RGL,SBPD,7,,,
MKU,BDWD,7,,,
NSL,AWB,7,,,
KQR,PRP,7,,,
JWP,LRJ,7,,,
HLDR,BJO,7,,,
UDN,VYA,7,,,
GWL,DHO,7,,,
MWM,YPR,7,,,
MWM,SBC,7,,,
BLTR,IAA,7,,,
URPR,PLP,7,,,
ASN,BRR,7,,,
KWV,JEUR,7,,,
SVPI,GUNA,7,,,
SQN,SAW,7,,,
KYN,PUNE,7,,,
BINA,SGO,7,,,
JOC,ANR,7,,,
PRP,TKN,7,,,
MAG,BZA,7,,,
DLN,GMR,7,,,
DLR,JKN,7,,,
KGLE,BZLE,7,,,
BBK,RDL,7,,,
VG,JVN,7,,,
VR,BVI,7,,,
TEA,PNBE,7,,,
DND,PBH,7,,,
RBGJ,LUSA,7,,,
VJPJ,JAT,7,,,
SWA,MHH,7,,,
GYN,BHLP,7,,,
DHN,BRR,7,,,
WL,NKD,7,,,
JRC,DZA,7,,,
JHN,RFJ,7,,,
BOR,BVI,7,,,
BJD,MHD,7,,,
PNVL,CHI,7,,,
UMRI,MUE,7,,,
BZLE,SALE,7,,,
MUE,BSX,7,,,
KJM,JTJ,7,,,
MNE,THB,7,,,
MNF,MJA,7,,,
PBH,ALD,7,,,
CNGR,KTYM,7,,,
SEB,ANH,7,,,
NRW,UCA,7,,,
SNSI,KPG,6,,,
SPP,MOG,6,,,
SPJ,HYT,6,,,
SPN,AJI,6,,,
SPE,GDR,6,,,
JNR,KML,6,,,
JNR,SMI,6,,,
BEB,BPC,6,,,
BEA,RPR,6,,,
BIRD,PNVL,6,,,
NOQ,KAMG,6,,,
LMG,GHY,6,,,
LS,NK,6,,,
PNW,BKSC,6,,,
PNC,BKG,6,,,
PND,BIG,6,,,
MRR,RJG,6,,,
MRK,CBM,6,,,
SASN,CDG,6,,,
MBNR,WPR,6,,,
ANSB,NLDM,6,,,
CLG,EKC,6,,,
CLG,SBG,6,,,
KRPU,JYP,6,,,
PLCJ,RDRA,6,,,
DMM,PKD,6,,,
DMM,GTL,6,,,
DMO,BNU,6,,,
HNA,MRDW,6,,,
HNL,BMF,6,,,
BPF,HD,6,,,
SRF,TLGP,6,,,
SRF,ANF,6,,,
SRJ,MKP,6,,,
SRO,BRE,6,,,
NMZ,BNV,6,,,
NMJ,MQ,6,,,
NMJ,TJ,6,,,
NMK,NNL,6,,,
TDU,BMT,6,,,
PDKT,CTND,6,,,
RJT,GDL,6,,,
RJR,SDGH,6,,,
RJR,RTGH,6,,,
RJG,PKR,6,,,
RJA,KJI,6,,,
DRL,GDA,6,,,
DRD,BSR,6,,,
GOL,SWR,6,,,
MLO,WFD,6,,,
MPA,DG,6,,,
MPA,TPJ,6,,,
KZT,PASA,6,,,
KZJ,GNP,6,,,
KZJ,SKZR,6,,,
KZJ,BZA,6,,,
GOGH,FKM,6,,,
MLHA,VRL,6,,,
MAUR,MSZ,6,,,
SGRL,CPU,6,,,
MB,KPV,6,,,
MO,SUR,6,,,
MJ,RANI,6,,,
MW,BTK,6,,,
MW,ZRDE,6,,,
MV,PEM,6,,,
DOA,KNN,6,,,
DOA,LDH,6,,,
BHTR,BTK,6,,,
PUK,IJK,6,,,
PUK,TCR,6,,,
JJG,MBB,6,,,
BAP,PB,6,,,
BAZ,GUNA,6,,,
BAZ,KOTA,6,,,
BAY,HPT,6,,,
STW,SIP,6,,,
NCJ,TVC,6,,,
ROZA,AJI,6,,,
ROZA,HRI,6,,,
RHA,KNJ,6,,,
RHE,TATA,6,,,
RHG,BKI,6,,,
ATE,KHU,6,,,
ATU,CHSM,6,,,
ATS,BRGA,6,,,
LDH,DUI,6,,,
LDH,RPJ,6,,,
MED,KMC,6,,,
SBHR,SKLR,6,,,
SBHR,KBPR,6,,,
JHL,BRZ,6,,,
JHL,SFM,6,,,
JHS,DBA,6,,,
JHS,SGO,6,,,
JHS,NEW,6,,,
NAC,KMNC,6,,,
HBJ,MDDP,6,,,
HBD,BPL,6,,,
HBD,ODG,6,,,
LKN,KGG,6,,,
LKN,SKJ,6,,,
SMBX,GHGL,6,,,
LKU,RUPC,6,,,
LKR,MKB,6,,,
LKS,LGH,6,,,
KCG,JCL,6,,,
NH,BWN,6,,,
NK,JL,6,,,
NN,SEG,6,,,
ND,BRC,6,,,
NS,PKO,6,,,
NW,WADI,6,,,
BNTL,MAJN,6,,,
BNTL,KBPR,6,,,
BDVT,SME,6,,,
CDGR,SLB,6,,,
CDGR,GBA,6,,,
MKC,SJP,6,,,
FTP,KGA,6,,,
RAIR,SBPY,6,,,
RSR,IAA,6,,,
URI,DD,6,,,
NGO,DNA,6,,,
NGO,MDW,6,,,
NGP,KP,6,,,
BMF,PAU,6,,,
BMT,SNF,6,,,
SHU,AJJ,6,,,
SHG,KS,6,,,
TBN,ET,6,,,
RMD,RMM,6,,,
MRDW,KT,6,,,
MHRG,RE,6,,,
MZC,SBG,6,,,
MZC,PPT,6,,,
MZL,AKE,6,,,
MZM,NBD,6,,,
BOY,SAW,6,,,
BOY,MOF,6,,,
EKMA,CPR,6,,,
KKDI,CTND,6,,,
VVM,PKO,6,,,
VKN,NRT,6,,,
VKB,LPI,6,,,
DES,HJP,6,,,
FL,RGS,6,,,
BKG,FUT,6,,,
BKN,NPS,6,,,
BKH,PPI,6,,,
BKI,JP,6,,,
BKI,BTE,6,,,
GDR,KHT,6,,,
MEJ,MVN,6,,,
MDU,MNM,6,,,
GDL,VRR,6,,,
KGB,BIG,6,,,
CPH,AKT,6,,,
CPH,JSG,6,,,
CPH,KRBA,6,,,
MXN,AGI,6,,,
MXH,LNK,6,,,
CLKA,BALU,6,,,
CLKA,KIT,6,,,
THVM,KKW,6,,,
THVM,PERN,6,,,
DGG,AGN,6,,,
DGO,KMS,6,,,
SLO,TUNI,6,,,
SLB,MDN,6,,,
MCI,WL,6,,,
MCA,TMZ,6,,,
MCA,PKU,6,,,
MCA,ULB,6,,,
MCS,BBS,6,,,
KIR,CRR,6,,,
KIR,NJP,6,,,
KIT,CAP,6,,,
CRY,TVP,6,,,
CRJ,VDS,6,,,
KURJ,MBA,6,,,
FD,BSB,6,,,
DAB,UMRI,6,,,
NYY,PASA,6,,,
AGI,SLGR,6,,,
NYN,MKP,6,,,
KOTA,GUNA,6,,,
KOTA,BWM,6,,,
BWT,SA,6,,,
BWH,GMR,6,,,
BWH,DLN,6,,,
CHSM,VRI,6,,,
SNF,LPI,6,,,
MAP,JTJ,6,,,
MAU,BSB,6,,,
MAO,PNVL,6,,,
MAO,CNO,6,,,
KKW,SNDD,6,,,
KKN,CAER,6,,,
VAPI,BLD,6,,,
BNLW,SWM,6,,,
KWAE,AZ,6,,,
KUDL,SNDD,6,,,
KUDL,SWV,6,,,
DAKE,BNXR,6,,,
AJNI,WR,6,,,
TUP,CBF,6,,,
VMA,SGZ,6,,,
PAR,KATL,6,,,
CKB,SWM,6,,,
PAZ,CAN,6,,,
PAZ,KPQ,6,,,
CKP,PRR,6,,,
CKP,SWR,6,,,
PAN,MNAE,6,,,
UJN,RTM,6,,,
UJN,BPL,6,,,
GBA,VSU,6,,,
BUT,BLT,6,,,
BUG,NKE,6,,,
MOF,SAW,6,,,
KMD,PGR,6,,,
KMC,AKE,6,,,
KML,DBG,6,,,
KMU,ADT,6,,,
KMZ,SGO,6,,,
KMZ,SDL,6,,,
ALLP,MAKM,6,,,
CVP,VPT,6,,,
JJKR,BLS,6,,,
SV,ZRDE,6,,,
UHP,JAT,6,,,
BSB,GCT,6,,,
BSB,PBH,6,,,
SBV,KFA,6,,,
SBO,BGP,6,,,
ERN,TRTR,6,,,
KOU,OBVP,6,,,
RE,NNL,6,,,
RN,SGR,6,,,
ANND,VDA,6,,,
NBG,KYF,6,,,
NGNT,TEL,6,,,
JYG,KJI,6,,,
JYG,MBI,6,,,
AUBR,JHN,6,,,
HSA,DLO,6,,,
HSK,NPD,6,,,
HSR,BNW,6,,,
GHY,GLPT,6,,,
GHY,RNY,6,,,
COR,CNA,6,,,
COR,BUDI,6,,,
PEM,TVR,6,,,
COI,MKP,6,,,
MKU,KNW,6,,,
GNA,GJUT,6,,,
GNA,BTI,6,,,
MKP,MJG,6,,,
MKX,RMA,6,,,
SDE,BTA,6,,,
KQR,GMO,6,,,
KQT,SEM,6,,,
BQA,MDN,6,,,
JWB,ABR,6,,,
JWB,SOH,6,,,
HUP,KJM,6,,,
EKM,TRT,6,,,
EKC,GGA,6,,,
SC,BN,6,,,
SC,MJF,6,,,
SC,MLY,6,,,
SA,SGE,6,,,
PGR,ED,6,,,
MAKM,SRTL,6,,,
OGL,ANB,6,,,
OGL,TNR,6,,,
UDN,BL,6,,,
UDN,NDB,6,,,
MIL,BE,6,,,
MIL,RMU,6,,,
GAR,SCKR,6,,,
SFW,PFR,6,,,
KSG,NRI,6,,,
BNDA,KHU,6,,,
GWD,SRNR,6,,,
TME,TN,6,,,
TME,MVN,6,,,
TDPR,CDM,6,,,
FAN,MVJ,6,,,
PIP,MDS,6,,,
AMI,BD,6,,,
NWU,NDB,6,,,
NWP,KBM,6,,,
KHRJ,CBK,6,,,
TU,YA,6,,,
TP,TPJ,6,,,
AN,DDE,6,,,
AY,MUR,6,,,
PUT,TRT,6,,,
SKZR,RDM,6,,,
HIJ,TATA,6,,,
PKF,BANO,6,,,
MUV,GYN,6,,,
MUR,BV,6,,,
MUD,MDNR,6,,,
DUD,SUR,6,,,
THDR,MGN,6,,,
KWM,HJI,6,,,
BYNR,UD,6,,,
TIU,CHE,6,,,
TIU,KBM,6,,,
TIS,NKM,6,,,
ROU,HTE,6,,,
ROU,RNC,6,,,
BDC,CGR,6,,,
BDM,HLAR,6,,,
BDL,MJA,6,,,
SDLP,LHU,6,,,
IDR,BJP,6,,,
MSZ,BLZ,6,,,
MSH,KLL,6,,,
PGI,VLI,6,,,
KYN,PNVL,6,,,
KYF,JPL,6,,,
VBW,RAJP,6,,,
PRF,SWPR,6,,,
PRR,ADRA,6,,,
DLK,TETA,6,,,
RMR,KPV,6,,,
LNL,TGN,6,,,
SMET,ANF,6,,,
SMET,SME,6,,,
VM,TRK,6,,,
VM,CUPJ,6,,,
BPRD,PBL,6,,,
SUD,TETA,6,,,
SUD,BOE,6,,,
TEL,DIG,6,,,
NBQ,BNGN,6,,,
DND,BSE,6,,,
ADTP,TATA,6,,,
JKE,KTE,6,,,
JKE,MYR,6,,,
DO,GTJT,6,,,
DHG,ADI,6,,,
DHG,HVD,6,,,
WL,JMKT,6,,,
HAS,SKLR,6,,,
MJRI,WRR,6,,,
MJRI,ADB,6,,,
BLS,BLDA,6,,,
KTHU,HRNR,6,,,
ED,SGE,6,,,
BOR,PLG,6,,,
SKM,TNR,6,,,
SKI,PDW,6,,,
NDL,DHNE,6,,,
BJU,SAE,6,,,
GJUT,BTI,6,,,
ADRA,ANR,6,,,
MYA,SBC,6,,,
DHNE,GTL,6,,,
NTSK,SLGR,6,,,
FK,VLI,6,,,
GGC,BXN,6,,,
MDW,MTD,6,,,
JER,BTS,6,,,
LPJ,JAM,6,,,
NDLS,FDB,6,,,
UMR,CHD,6,,,
MBI,PDW,6,,,
MBB,BPC,6,,,
JCL,SHNR,6,,,
BTJL,KAWR,6,,,
DBD,TPZ,6,,,
BTY,KNJ,6,,,
KJM,BNCE,6,,,
JAIS,RBL,6,,,
VRL,SMNH,6,,,
HPU,MTC,6,,,
GMO,BKSC,6,,,
BRE,ALD,6,,,
CJM,ANB,6,,,
VPT,TMQ,6,,,
GPR,PUNE,6,,,
TPJ,ALU,6,,,
SEH,BPL,6,,,
PDH,HAPA,6,,,
CLT,TLY,6,,,
KAWR,ANKL,6,,,
KAWR,CNO,6,,,
GOK,KT,6,,,
KNW,TLV,6,,,
TRK,TNM,6,,,
HTC,MTJ,6,,,
HDB,JPG,6,,,
CNB,BZM,6,,,
SHR,GSPR,6,,,
CKDL,HRNR,6,,,
SZR,BXJ,6,,,
JRU,DVG,6,,,
ALD,MJA,6,,,
SPJ,UJP,5,,,
JNH,SAW,5,,,
GRY,PHR,5,,,
GRY,PGW,5,,,
PNDM,VRI,5,,,
PNDM,ALU,5,,,
MLN,PP,5,,,
PNP,SZM,5,,,
PNK,CNB,5,,,
MRJ,HTK,5,,,
MRB,KBL,5,,,
MRB,HPT,5,,,
SKGH,CAR,5,,,
SKGH,LUSA,5,,,
DMM,YNK,5,,,
JLS,HRS,5,,,
JLS,TDL,5,,,
JLL,KSF,5,,,
SRC,MCA,5,,,
RJK,CH,5,,,
RJK,MB,5,,,
DRD,BOR,5,,,
DRD,PLG,5,,,
BGKT,PMY,5,,,
KZJ,JMKT,5,,,
UVD,VAPI,5,,,
JJR,GPR,5,,,
BAT,DHW,5,,,
BAT,ASR,5,,,
GAYA,BELA,5,,,
GAYA,SSM,5,,,
GAYA,PRP,5,,,
JHL,LHA,5,,,
NAD,SGZ,5,,,
LKO,GKP,5,,,
NH,BNXR,5,,,
RAIR,SBP,5,,,
URI,KDG,5,,,
NGP,AK,5,,,
BMO,MJF,5,,,
GZN,MUD,5,,,
RMC,PFM,5,,,
RMC,LGO,5,,,
KEM,JEUR,5,,,
KEM,KWV,5,,,
KEH,SWPR,5,,,
KEH,PRF,5,,,
DMRX,BRYA,5,,,
RQJ,BLK,5,,,
KLRE,PTRU,5,,,
BKP,KWO,5,,,
BKP,HRT,5,,,
KGQ,KMQ,5,,,
CPJ,GKP,5,,,
CPJ,PPC,5,,,
CPR,CI,5,,,
CPU,AGY,5,,,
CPU,CUK,5,,,
DGR,RPH,5,,,
MCA,HWH,5,,,
KIM,ST,5,,,
CRY,TVC,5,,,
PP,PBE,5,,,
AGY,CUK,5,,,
MAP,TPT,5,,,
SNT,MLV,5,,,
MAO,RN,5,,,
MAN,ANND,5,,,
NMH,NBH,5,,,
CTC,BLS,5,,,
PAP,GLP,5,,,
PAO,AKV,5,,,
PAO,KSB,5,,,
MOG,BJU,5,,,
KHED,MNI,5,,,
CDMR,SYJ,5,,,
JMT,MDP,5,,,
NDAE,BDC,5,,,
GLP,ANV,5,,,
BSL,IGP,5,,,
BSL,NDB,5,,,
BSB,CAR,5,,,
SBB,DLI,5,,,
SBB,NZM,5,,,
SBB,DSA,5,,,
KOO,KWO,5,,,
KOP,HTK,5,,,
QLN,TVP,5,,,
RC,GTL,5,,,
RK,MTC,5,,,
SUNR,LTR,5,,,
SUNR,ADI,5,,,
PEP,BUI,5,,,
MKP,JTW,5,,,
KQR,GJD,5,,,
MKA,PHK,5,,,
SM,BKRD,5,,,
CAR,RBGJ,5,,,
LHA,SFM,5,,,
DYD,SGJ,5,,,
OGL,CJM,5,,,
SFC,BUDM,5,,,
KSV,FDB,5,,,
KSJ,HTC,5,,,
KSJ,FBD,5,,,
NJP,MLDT,5,,,
NJT,TVC,5,,,
NJT,TEN,5,,,
GJL,HPU,5,,,
NWU,VYA,5,,,
HSRA,BAND,5,,,
TP,KLT,5,,,
AH,MTJ,5,,,
ASN,JSME,5,,,
KWR,BTA,5,,,
BKRD,HCR,5,,,
PPC,GKP,5,,,
GSP,DHW,5,,,
BH,PLJ,5,,,
NNW,GGC,5,,,
UD,KAWR,5,,,
MSR,TAZ,5,,,
MSK,NNR,5,,,
KYQ,NBQ,5,,,
TRTR,KTYM,5,,,
RMP,KRG,5,,,
RMP,TAZ,5,,,
BBK,SGJ,5,,,
DD,KDG,5,,,
VG,LTR,5,,,
VG,SAU,5,,,
VS,BRC,5,,,
PTK,KTHU,5,,,
NBQ,APDJ,5,,,
AMB,LJR,5,,,
SWM,BTE,5,,,
SWM,MTJ,5,,,
SWM,MLZ,5,,,
GYN,ALD,5,,,
BLM,BGH,5,,,
RPH,MLV,5,,,
KDM,NKD,5,,,
HEM,SHSK,5,,,
BJU,HJP,5,,,
BJU,HTZ,5,,,
WENA,HRT,5,,,
NDLS,UMB,5,,,
SAU,ADI,5,,,
KJN,FBD,5,,,
QRP,AHH,5,,,
KLT,KRR,5,,,
TPT,KPN,5,,,
PFM,LGO,5,,,
KPG,ANG,5,,,
GZH,PNBE,5,,,
TLV,CAER,5,,,
TNM,ARV,5,,,
SPP,BJU,4,,,
SPP,HJP,4,,,
SPP,MNO,4,,,
SPT,MMS,4,,,
JNU,KS,4,,,
JND,NUD,4,,,
JNH,MAY,4,,,
JNH,PBH,4,,,
BEB,PLY,4,,,
BER,FA,4,,,
HLN,MGF,4,,,
RLO,TU,4,,,
RLO,GY,4,,,
LMK,PPD,4,,,
DPR,MB,4,,,
LD,KNP,4,,,
PNQ,TCR,4,,,
PNU,CHP,4,,,
PNU,DISA,4,,,
PNU,ADI,4,,,
PNW,KSX,4,,,
PNC,MKA,4,,,
MRR,RPH,4,,,
MRL,SCH,4,,,
MRJ,GPB,4,,,
MRJ,STR,4,,,
APR,BSP,4,,,
APR,BUH,4,,,
KXH,SQR,4,,,
KXH,JUC,4,,,
KXN,GP,4,,,
SASN,LDH,4,,,
MBNL,MON,4,,,
MBNL,RNV,4,,,
MBNR,SHNR,4,,,
CLG,SBO,4,,,
WKR,MVI,4,,,
PNYA,KZA,4,,,
PNYA,BUG,4,,,
KRPU,DMNJ,4,,,
DMP,KLK,4,,,
JLR,VRR,4,,,
JLR,NUD,4,,,
JLR,GDL,4,,,
PSA,MMS,4,,,
PSA,IPM,4,,,
JLD,GD,4,,,
JLD,BBK,4,,,
PSR,MSK,4,,,
PSR,NNR,4,,,
JLL,JOP,4,,,
HNA,KAWR,4,,,
HNA,BTJL,4,,,
BCU,PUL,4,,,
BCU,BTI,4,,,
SRE,LRJ,4,,,
SRJ,BRG,4,,,
SRP,CGR,4,,,
SRP,SHE,4,,,
HLZ,TMZ,4,,,
TDO,JUC,4,,,
NMZ,DLO,4,,,
TDD,BMD,4,,,
NMJ,TVR,4,,,
NMK,SMPR,4,,,
TDU,NAW,4,,,
RJT,JAM,4,,,
RJP,PMT,4,,,
RJY,TNKU,4,,,
DRH,DRTP,4,,,
DRL,BRC,4,,,
DRD,UBR,4,,,
BGKT,JU,4,,,
BGKT,LUNI,4,,,
MLD,DIL,4,,,
MLD,KKJ,4,,,
MPL,PIL,4,,,
MPL,MCU,4,,,
MPL,KRY,4,,,
MPL,KCI,4,,,
GOY,BZM,4,,,
JDB,JYP,4,,,
KZT,NYY,4,,,
KZA,SBZ,4,,,
KZE,CHV,4,,,
KZJ,MCI,4,,,
KZJ,BPQ,4,,,
GOGH,APDJ,4,,,
MLHA,CVR,4,,,
VAK,TVP,4,,,
SGRL,KMZ,4,,,
SGRL,BEHR,4,,,
SGRA,HMH,4,,,
SGRA,DABN,4,,,
SGRA,MNSR,4,,,
SGRA,MBY,4,,,
MA,MO,4,,,
MA,KWV,4,,,
MB,PLS,4,,,
MB,HW,4,,,
MJ,SOS,4,,,
MV,KTM,4,,,
NBR,MAG,4,,,
NBR,PDKN,4,,,
DOD,JAO,4,,,
BHTA,DWK,4,,,
BHTA,KMBL,4,,,
PUL,BTI,4,,,
JJG,BQG,4,,,
PUS,BRMO,4,,,
PUS,DHN,4,,,
PUS,BHME,4,,,
BAZ,CAG,4,,,
BAZ,ATH,4,,,
SJNP,PTK,4,,,
BAB,BZY,4,,,
BAB,TBT,4,,,
BAL,TJ,4,,,
STA,MZP,4,,,
STN,ULT,4,,,
STN,RNPR,4,,,
STR,WTR,4,,,
NCR,NGT,4,,,
NCR,KIK,4,,,
NCJ,AAY,4,,,
SJN,BLD,4,,,
SJN,UBR,4,,,
KAJ,RGJ,4,,,
KAJ,RDP,4,,,
RTGH,SUJH,4,,,
RHE,GUD,4,,,
SYN,KIM,4,,,
SYN,ST,4,,,
MRHT,SRTN,4,,,
DMNJ,LKMR,4,,,
KIUL,HTZ,4,,,
CNPR,RRME,4,,,
ATE,BTKP,4,,,
ATH,KOTA,4,,,
RGD,NLD,4,,,
LDH,DDL,4,,,
LDH,MET,4,,,
KKHT,TRS,4,,,
KKHT,DBG,4,,,
GAYA,JHD,4,,,
GAYA,RFJ,4,,,
DNWH,FUT,4,,,
DNWH,HIL,4,,,
GDA,SAT,4,,,
JOR,MKSR,4,,,
JOR,MON,4,,,
FSP,HAN,4,,,
FSP,BXN,4,,,
KDPR,BOE,4,,,
SNLR,SIOB,4,,,
SNLR,RDHP,4,,,
DIL,RBD,4,,,
JHL,ROK,4,,,
JHL,MSZ,4,,,
PWL,AST,4,,,
NAB,WSA,4,,,
HBJ,ODG,4,,,
NAM,NHK,4,,,
BOJ,SLGR,4,,,
NAW,KQT,4,,,
NAT,BGP,4,,,
BOF,SOL,4,,,
MGME,TORI,4,,,
MGME,KLRE,4,,,
SMBX,BBMN,4,,,
LKU,HLDD,4,,,
LKR,BJU,4,,,
LKR,JAJ,4,,,
LKS,DHRR,4,,,
KCG,SHNR,4,,,
KCI,PIL,4,,,
NH,BP,4,,,
AZR,KWE,4,,,
NLR,VDE,4,,,
TKR,SLI,4,,,
DEOR,BLDI,4,,,
DEOR,RDHP,4,,,
DEOS,MAU,4,,,
KEPR,LBA,4,,,
KEPR,HRPG,4,,,
RAIR,ANGL,4,,,
RSI,LRJ,4,,,
RSR,MAU,4,,,
RSR,RTP,4,,,
PDU,CPP,4,,,
PDU,CHE,4,,,
DKD,VKN,4,,,
DKJ,GLA,4,,,
IPR,EKR,4,,,
NGT,VLNK,4,,,
NGP,BSL,4,,,
NGP,NRKR,4,,,
NGP,MJRI,4,,,
BMD,EE,4,,,
BME,BUT,4,,,
BMI,MGN,4,,,
BMI,THDR,4,,,
BMO,MZL,4,,,
BMT,VKB,4,,,
SHZ,JTO,4,,,
SHZ,SML,4,,,
SHE,CGR,4,,,
SHE,BDC,4,,,
SHE,HWH,4,,,
SHG,FD,4,,,
GZO,EKI,4,,,
MGF,KRNR,4,,,
GZB,MDNR,4,,,
MGS,CNB,4,,,
MGS,SSM,4,,,
KEI,CAR,4,,,
MRDW,BYNR,4,,,
MHRG,LHU,4,,,
BNVD,WSJ,4,,,
BMH,DHNE,4,,,
BOY,PBH,4,,,
CKTD,BTKP,4,,,
FTG,JAIS,4,,,
VVM,BVRM,4,,,
WSJ,JAM,4,,,
HYT,RBZ,4,,,
VKI,GDR,4,,,
VKB,SC,4,,,
SBLT,JSM,4,,,
SBLT,AQG,4,,,
GIMB,BHUJ,4,,,
DES,MNO,4,,,
FL,MKN,4,,,
KLRS,SVPI,4,,,
NED,PBN,4,,,
HFG,JTG,4,,,
BKL,MDR,4,,,
BKL,KMT,4,,,
BKH,SCKR,4,,,
BKJ,UD,4,,,
BKJ,KUDA,4,,,
BKP,RJPB,4,,,
SJP,BIH,4,,,
DHRR,LGH,4,,,
GDR,VDE,4,,,
GDG,HLAR,4,,,
MDU,TMQ,4,,,
MDU,SDN,4,,,
GDL,NUD,4,,,
KGQ,PAY,4,,,
KGQ,KQK,4,,,
KGB,BSP,4,,,
KGL,KO,4,,,
KGL,AD,4,,,
CPH,BUA,4,,,
CPK,GHY,4,,,
CPU,GHD,4,,,
RMRB,KATI,4,,,
RMRB,DGHA,4,,,
MXN,NTSK,4,,,
MXN,TTB,4,,,
MXH,MWX,4,,,
RGDA,PVP,4,,,
RGDA,TKRI,4,,,
RGDA,KSNG,4,,,
GNGD,KUU,4,,,
GNGD,BALU,4,,,
MKRN,GAJ,4,,,
MKRN,SGO,4,,,
VID,RAJP,4,,,
JBP,BSL,4,,,
THVM,KUDL,4,,,
JBN,FBG,4,,,
DGA,STLR,4,,,
DGG,SKS,4,,,
DGR,KOAA,4,,,
DGR,HWH,4,,,
DGU,JID,4,,,
DGU,GHY,4,,,
BIH,BHS,4,,,
BIA,BPHB,4,,,
SLR,SOL,4,,,
SLR,KDZ,4,,,
SLN,FD,4,,,
SLN,PBH,4,,,
MCN,KPD,4,,,
MCI,RVKH,4,,,
MCU,KRY,4,,,
MCS,CTC,4,,,
MCQ,KRLR,4,,,
MCQ,OBR,4,,,
KIR,BJU,4,,,
KIR,PRNA,4,,,
KIT,GAM,4,,,
KIT,RBA,4,,,
KIN,MVJ,4,,,
KIN,FAN,4,,,
CRP,PLJE,4,,,
CRJ,ULT,4,,,
CRJ,RNPR,4,,,
ANDN,GKP,4,,,
ANDN,NTV,4,,,
ANDI,SZM,4,,,
BCA,TGA,4,,,
SGF,BTI,4,,,
SGF,MBY,4,,,
NRZB,BRS,4,,,
CIL,PBH,4,,,
DAA,SOR,4,,,
ULT,ASN,4,,,
SNTD,ADRA,4,,,
SNTD,BJE,4,,,
ULB,BZN,4,,,
ULD,BNT,4,,,
ULD,PHD,4,,,
AGN,SKS,4,,,
AGC,IDH,4,,,
NYO,SEE,4,,,
NYO,STLR,4,,,
KOTA,IDG,4,,,
BWT,YPR,4,,,
BWM,RTM,4,,,
MAP,BQI,4,,,
MAY,ZBD,4,,,
SNV,G,4,,,
MAO,KUDL,4,,,
MAO,MAJN,4,,,
MAO,KKW,4,,,
MAO,SWV,4,,,
NMX,DQG,4,,,
NMX,JPE,4,,,
KKU,JOB,4,,,
KKU,JP,4,,,
KKW,VBW,4,,,
NMH,MLG,4,,,
NMH,JWO,4,,,
VAPI,NVS,4,,,
CTC,BRAG,4,,,
PDKN,GNT,4,,,
BNLW,ISA,4,,,
DAKE,KQU,4,,,
SKTN,KRSL,4,,,
KAPG,BALU,4,,,
VMD,KVM,4,,,
VMD,PAV,4,,,
TUA,KTU,4,,,
TUA,TIR,4,,,
KRND,AMH,4,,,
TKRI,LKMR,4,,,
PAV,CLU,4,,,
CKB,ISA,4,,,
PAY,TKQ,4,,,
PAY,NLE,4,,,
CKI,DINR,4,,,
PAK,KPD,4,,,
BMCK,THV,4,,,
BMCK,MNGD,4,,,
PERN,SWV,4,,,
UJP,NAZJ,4,,,
GBX,HTE,4,,,
GBX,PKF,4,,,
BUP,RPUR,4,,,
PRLI,PBN,4,,,
BUG,GKP,4,,,
KMD,ED,4,,,
ETW,FZD,4,,,
KMZ,BEHR,4,,,
ETM,PVRD,4,,,
ETM,KTYM,4,,,
CVR,VRL,4,,,
CNDB,NAVI,4,,,
CNDB,NRKR,4,,,
GAJ,PHA,4,,,
KHED,RN,4,,,
KHED,PNVL,4,,,
RDRA,POK,4,,,
BRWD,CPDR,4,,,
NAZJ,DSS,4,,,
MAGH,BPQ,4,,,
SGLA,PVR,4,,,
AKJ,NHH,4,,,
AKJ,HGH,4,,,
BSP,USL,4,,,
BSR,BOR,4,,,
BSR,BRC,4,,,
BSL,VNA,4,,,
BSB,COI,4,,,
BSB,CHH,4,,,
BSB,ARJ,4,,,
SBP,RGL,4,,,
SBV,MNE,4,,,
MMR,RGO,4,,,
SBG,BGP,4,,,
MMK,MLMR,4,,,
MMK,CGL,4,,,
SBE,BPRD,4,,,
SBI,VG,4,,,
SBI,CLDY,4,,,
MMA,SAA,4,,,
ERS,TRTR,4,,,
CPDR,LTHR,4,,,
NRPD,RC,4,,,
RE,CKD,4,,,
RE,LHU,4,,,
RC,MTU,4,,,
RN,ADVI,4,,,
RN,MNI,4,,,
RN,SWV,4,,,
MULK,UD,4,,,
MULK,SL,4,,,
NGNT,BZA,4,,,
UDL,SURI,4,,,
UDL,ASN,4,,,
SYJ,BBU,4,,,
RGP,ZN,4,,,
RGP,GNP,4,,,
RGS,SMPR,4,,,
RGH,SGL,4,,,
RGH,RXL,4,,,
RGL,SBPY,4,,,
COA,CCT,4,,,
GNP,ZN,4,,,
GNT,MAG,4,,,
MKO,BHC,4,,,
MKO,SORO,4,,,
MKH,AWR,4,,,
AII,BJNR,4,,,
MKX,DKNT,4,,,
MNSR,HMH,4,,,
SDT,ARJ,4,,,
SDT,JKN,4,,,
SDE,DNR,4,,,
SDF,SDGH,4,,,
SDF,NPS,4,,,
SDI,MGAE,4,,,
SDI,AZ,4,,,
KQR,DHN,4,,,
BQG,LGL,4,,,
TIHU,PBL,4,,,
MABD,GLA,4,,,
BURN,ADRA,4,,,
MKA,SAE,4,,,
AKOR,DUD,4,,,
MGAE,NHT,4,,,
JWO,NBH,4,,,
GUD,GTS,4,,,
HLDD,RUPC,4,,,
MKR,GTL,4,,,
REN,DNA,4,,,
REN,MTD,4,,,
EKR,HIL,4,,,
ST,JL,4,,,
SM,HCR,4,,,
SL,MAQ,4,,,
SC,WL,4,,,
SA,SXT,4,,,
CAI,BTH,4,,,
CAI,NKE,4,,,
CAN,MAJN,4,,,
CAA,MFP,4,,,
CAG,RTA,4,,,
UDN,SCH,4,,,
MAKR,MNV,4,,,
MAKR,SGO,4,,,
DRTP,JMP,4,,,
GHD,RNQ,4,,,
SOR,DBA,4,,,
KSD,VRL,4,,,
KSF,BTP,4,,,
KSN,YG,4,,,
SEGM,BPQ,4,,,
BNDP,GRMP,4,,,
SUJH,LAU,4,,,
TMX,UR,4,,,
KOAA,ASN,4,,,
PIA,ASKN,4,,,
PIA,MNV,4,,,
BMKI,MFP,4,,,
PIP,MLG,4,,,
ASKN,SGO,4,,,
BVP,BVC,4,,,
DOE,GSPR,4,,,
UBL,DVG,4,,,
MWX,FZR,4,,,
MWJ,BEHR,4,,,
ORGA,BANO,4,,,
KHRJ,VJP,4,,,
KUU,BALU,4,,,
KUN,TRR,4,,,
KUE,KTRH,4,,,
KUD,RBG,4,,,
KUD,UGR,4,,,
KUD,CNC,4,,,
KUA,ARA,4,,,
TK,ASK,4,,,
AB,GYM,4,,,
AF,SWM,4,,,
AZ,MLDT,4,,,
BLTR,BTT,4,,,
SKZR,CD,4,,,
JSG,GP,4,,,
JSG,SBPY,4,,,
NHH,HGH,4,,,
NHK,DJG,4,,,
HIJ,JER,4,,,
FGR,FBD,4,,,
LBA,JOP,4,,,
LBA,SKN,4,,,
BFM,MNP,4,,,
BFM,JMU,4,,,
GHGL,HRNR,4,,,
PKR,BHW,4,,,
PKD,SSPN,4,,,
KTRH,NNA,4,,,
MUW,MDP,4,,,
MUR,GKP,4,,,
AST,BVH,4,,,
ASK,YPR,4,,,
NUD,VRR,4,,,
ASN,JOC,4,,,
KWE,LAV,4,,,
KWM,JMK,4,,,
BYNR,KT,4,,,
BKRO,GMIA,4,,,
ANVT,CNB,4,,,
PPD,SAT,4,,,
PPN,PNBE,4,,,
PPT,SVRP,4,,,
GSP,PTK,4,,,
BC,IZN,4,,,
BL,BOR,4,,,
BH,MYG,4,,,
BH,NIU,4,,,
TIS,MURI,4,,,
VYA,NDB,4,,,
NNW,SWM,4,,,
SQR,LNK,4,,,
ROK,NDLS,4,,,
LLR,PHN,4,,,
LLI,SRGM,4,,,
ROP,BLS,4,,,
ROP,BTS,4,,,
ROU,NXN,4,,,
BDM,BGK,4,,,
BDM,GED,4,,,
UD,BTJL,4,,,
MMY,OSN,4,,,
IDR,HG,4,,,
IDH,KLB,4,,,
PMT,OBVP,4,,,
PMP,KK,4,,,
CGL,CJ,4,,,
PNGM,BPB,4,,,
PNGM,KTX,4,,,
MSZ,BTI,4,,,
MSR,KRD,4,,,
MSH,VG,4,,,
AQG,POK,4,,,
DWR,BGM,4,,,
DWX,NRGR,4,,,
MLGH,BUDI,4,,,
VBL,PVPT,4,,,
PRNA,ARQ,4,,,
ANTU,AME,4,,,
SRNR,WPR,4,,,
JOP,ZBD,4,,,
PRB,KPP,4,,,
PRB,SEH,4,,,
PRT,VM,4,,,
PRR,BKSC,4,,,
MAQ,MAJN,4,,,
BRKA,DTO,4,,,
BRKA,TORI,4,,,
NLV,BPRD,4,,,
TKQ,CHV,4,,,
DLJ,SGD,4,,,
DLI,CNB,4,,,
DLO,APDJ,4,,,
DLO,BNV,4,,,
DLR,ARJ,4,,,
CTYL,NLDA,4,,,
SNX,KTW,4,,,
SNX,NBD,4,,,
LNL,KK,4,,,
LNL,CCH,4,,,
BBN,BJMD,4,,,
BBS,BRAG,4,,,
FKG,BXP,4,,,
FKG,BXJ,4,,,
FKG,SZR,4,,,
DQN,BLDI,4,,,
DQN,RNV,4,,,
DD,KPG,4,,,
DD,JEUR,4,,,
CJ,AJJ,4,,,
CD,WRR,4,,,
CD,WR,4,,,
VM,TNM,4,,,
VN,GYM,4,,,
MDPB,KTHU,4,,,
PTK,CHKB,4,,,
JMP,RPUR,4,,,
JMK,HJI,4,,,
BPRD,BJF,4,,,
SUR,BJP,4,,,
TET,DHN,4,,,
TET,GMO,4,,,
DISA,BLDI,4,,,
AMH,SAA,4,,,
NWD,WRS,4,,,
ADTP,KND,4,,,
DINR,AFK,4,,,
RTA,VJP,4,,,
RTA,CBK,4,,,
RTP,IAA,4,,,
UREN,KJH,4,,,
VJPJ,BBMN,4,,,
DO,JP,4,,,
TGA,BJU,4,,,
DHN,CNB,4,,,
DHT,BHB,4,,,
DHT,KFA,4,,,
RIG,SKT,4,,,
BNW,CKD,4,,,
BNU,KTE,4,,,
BNC,CRLM,4,,,
YNK,KJM,4,,,
BOKR,MUE,4,,,
BOKR,HEM,4,,,
VDA,BRC,4,,,
VZM,PVPT,4,,,
RRB,JRU,4,,,
SRTN,SLGR,4,,,
DJG,NTSK,4,,,
HCR,BOE,4,,,
BLZ,BRZ,4,,,
NFK,RPH,4,,,
BLS,BTS,4,,,
KTHU,CKDL,4,,,
DIG,BZA,4,,,
DIA,LAU,4,,,
DIA,CTKT,4,,,
KNVT,SHSK,4,,,
ZNA,BXR,4,,,
DABN,MBY,4,,,
SOJN,SGD,4,,,
ET,BGTA,4,,,
RJPB,GZH,4,,,
BDWD,VNA,4,,,
SKN,HRPG,4,,,
SKI,TRS,4,,,
GED,BGK,4,,,
DDL,KNN,4,,,
KDP,YA,4,,,
BJF,BNGN,4,,,
BJU,PNBE,4,,,
BJP,BGK,4,,,
ARCL,SCL,4,,,
ARCL,KTX,4,,,
MYS,S,4,,,
HZD,GMO,4,,,
SGUJ,APDJ,4,,,
TNKU,BVRT,4,,,
FTS,RBS,4,,,
FTS,KLB,4,,,
SMR,MKSR,4,,,
FK,TIR,4,,,
GGA,BGP,4,,,
GGC,MLZ,4,,,
MDR,YP,4,,,
JER,BLDA,4,,,
YL,KPG,4,,,
YP,KI,4,,,
ABR,ADI,4,,,
ABS,BTI,4,,,
NZD,BZA,4,,,
NZM,BVH,4,,,
JIND,UCA,4,,,
BHL,CNA,4,,,
BHB,MNE,4,,,
WENA,BEHS,4,,,
FZD,CNB,4,,,
CDG,KLK,4,,,
GAM,RBA,4,,,
MBY,BTI,4,,,
NXN,BANO,4,,,
BVH,MTJ,4,,,
TVI,JTO,4,,,
GD,SCC,4,,,
SAH,PLG,4,,,
SAN,RBD,4,,,
CHH,SWPR,4,,,
CHI,SGR,4,,,
DBR,BRG,4,,,
BTY,PLY,4,,,
BTX,HPP,4,,,
BTD,JVN,4,,,
MNV,SGO,4,,,
PBE,BPR,4,,,
PBH,RBL,4,,,
ADT,KTM,4,,,
ADI,MHD,4,,,
BRC,SMLA,4,,,
BGTA,SGP,4,,,
CLX,BZA,4,,,
CLU,MTM,4,,,
KAWR,GOK,4,,,
BPR,IZN,4,,,
GOK,ANKL,4,,,
KND,TATA,4,,,
KNW,CAER,4,,,
KNP,BGM,4,,,
ODG,MDDP,4,,,
FBG,ARQ,4,,,
CNC,RBG,4,,,
PFM,PLP,4,,,
SZR,BXP,4,,,
GTL,MALM,4,,,
HVD,MALB,4,,,
PNBE,BGS,4,,,
RBS,BXN,4,,,
PHN,BZM,4,,,
PUNE,KK,4,,,
PLJE,KTH,4,,,
GVL,KVM,4,,,
BVRM,BVRT,4,,,
BZU,MTY,4,,,
BZA,KI,4,,,
MVI,MALB,4,,,
MURI,TATA,4,,,
KO,MALM,4,,,
NIU,PLJ,4,,,
MALM,MTU,4,,,
RNR,DVG,4,,,
BER,SEU,3,,,
GRD,MMD,3,,,
GRA,PNP,3,,,
GRA,KUN,3,,,
NOQ,FKM,3,,,
MLN,GK,3,,,
LMP,STP,3,,,
LMP,GK,3,,,
LMK,DHD,3,,,
LC,DAL,3,,,
LC,ASH,3,,,
LM,BTD,3,,,
LM,WC,3,,,
PNP,GNU,3,,,
PNP,DLI,3,,,
PNK,GOY,3,,,
MRJ,DLGN,3,,,
ANSB,RPAR,3,,,
AMSA,TTR,3,,,
AMSA,TK,3,,,
DMP,KMTI,3,,,
DMV,MXN,3,,,
NRLR,LJR,3,,,
BCY,SRNT,3,,,
SRJ,ALD,3,,,
SRJ,JSR,3,,,
SRO,SJT,3,,,
RJT,VG,3,,,
RJY,GVN,3,,,
GOL,CKP,3,,,
MLD,LKO,3,,,
MLD,SAN,3,,,
AVD,PER,3,,,
KZT,NCJ,3,,,
KZE,BFR,3,,,
UVD,PAD,3,,,
MB,SEO,3,,,
RWL,MOTC,3,,,
MS,BZA,3,,,
DOD,DLD,3,,,
MOTC,HW,3,,,
PUL,BTIC,3,,,
BAQ,GLG,3,,,
SJNP,KTHU,3,,,
SJNP,MDPB,3,,,
STP,DAL,3,,,
STR,JSV,3,,,
KIUL,JMP,3,,,
ATS,SBP,3,,,
RGD,SILO,3,,,
RGJ,BOE,3,,,
MED,MJF,3,,,
GDV,TGU,3,,,
GAYA,MDE,3,,,
KDPR,AZR,3,,,
JHD,MDE,3,,,
JHD,BELA,3,,,
NAC,FL,3,,,
BOF,KMTI,3,,,
LKO,BSB,3,,,
LKE,KPTN,3,,,
KCC,MAG,3,,,
KCC,BZA,3,,,
NU,MML,3,,,
AZR,KIR,3,,,
TKR,BVNR,3,,,
RSR,CHR,3,,,
BMO,SC,3,,,
DHPR,CDG,3,,,
DHPR,UMB,3,,,
MGG,BLAX,3,,,
GZB,CHL,3,,,
GZB,CNB,3,,,
TBT,BZY,3,,,
MGS,KMS,3,,,
MGS,DGO,3,,,
DMRX,MKB,3,,,
FTG,RBL,3,,,
EKMA,CW,3,,,
EKMA,DDA,3,,,
BHME,CRP,3,,,
DEC,AWR,3,,,
DEC,RE,3,,,
SJT,BRE,3,,,
BRYA,RDUM,3,,,
BRYA,MKB,3,,,
BLGR,LSX,3,,,
JBP,DOE,3,,,
JBP,SRID,3,,,
KUDA,BTJL,3,,,
OML,SA,3,,,
SLY,TPT,3,,,
MCA,BZN,3,,,
ANDI,NUR,3,,,
KRLR,ANPR,3,,,
CIL,ANTU,3,,,
NYP,MAS,3,,,
NYP,BZA,3,,,
AGC,NDLS,3,,,
NYN,JSR,3,,,
KOTA,GQL,3,,,
KOTA,MTJ,3,,,
BWT,WFD,3,,,
BWL,RE,3,,,
BWL,HSI,3,,,
BWN,RNG,3,,,
LSX,BRPL,3,,,
VAPM,CAN,3,,,
DAKE,KOAA,3,,,
TUP,UKL,3,,,
CKP,MOU,3,,,
UJN,VRG,3,,,
BUX,WRR,3,,,
BUX,CD,3,,,
ETW,AF,3,,,
KMS,SYJ,3,,,
BTIC,BTI,3,,,
BLAX,DWX,3,,,
SGLA,DLGN,3,,,
BSL,KYN,3,,,
BSL,BDWD,3,,,
BSB,ABP,3,,,
BSB,ALD,3,,,
BSC,BARL,3,,,
SBT,ADI,3,,,
MMR,YL,3,,,
MMR,KYN,3,,,
MMD,JGD,3,,,
SBI,KLL,3,,,
RU,AJJ,3,,,
NBG,JPL,3,,,
GHQ,MQX,3,,,
HSI,KRH,3,,,
SYC,PFM,3,,,
SYC,PLP,3,,,
COR,MLGH,3,,,
COI,BDL,3,,,
MKN,JP,3,,,
KQK,BFR,3,,,
SILO,NLD,3,,,
TSR,TEL,3,,,
TSR,NDO,3,,,
HUP,BNC,3,,,
UDM,KDHA,3,,,
UDM,NRGR,3,,,
SFG,ALD,3,,,
TMX,SHNR,3,,,
NJP,BLK,3,,,
GJD,PRP,3,,,
BVNR,KRD,3,,,
AMG,SAN,3,,,
KUN,UMB,3,,,
HSRA,SBC,3,,,
KUA,KWR,3,,,
RRME,BRKA,3,,,
JSV,WTR,3,,,
GQL,KPTN,3,,,
R,G,3,,,
KWV,PUNE,3,,,
PPN,TEA,3,,,
GSP,DNN,3,,,
BL,PAD,3,,,
NNA,MNE,3,,,
UR,FM,3,,,
MSK,THB,3,,,
KYN,NRL,3,,,
TRTR,PVRD,3,,,
SRNT,ARJ,3,,,
PRL,TNM,3,,,
PRL,ARV,3,,,
AMRO,DLI,3,,,
TKD,NZM,3,,,
DLD,MDS,3,,,
DLI,ALJN,3,,,
RMA,SGZ,3,,,
BBA,CH,3,,,
AWR,DO,3,,,
CD,MJRI,3,,,
CW,DDA,3,,,
VN,KPD,3,,,
VR,PLG,3,,,
VR,SAH,3,,,
KRSL,ANPR,3,,,
PTK,DNN,3,,,
JMP,SGG,3,,,
NBD,CNK,3,,,
JKN,ARJ,3,,,
SWA,KLD,3,,,
SWA,JTB,3,,,
TGU,BZA,3,,,
GYN,MBS,3,,,
WC,JVN,3,,,
LJN,HRI,3,,,
YNK,BNCE,3,,,
GUNA,BDWS,3,,,
ED,CBE,3,,,
ED,UKL,3,,,
BHLP,MBS,3,,,
JGD,MDP,3,,,
KDHA,VRG,3,,,
JIND,BZO,3,,,
BHS,SCI,3,,,
BHS,GLG,3,,,
TVI,SGS,3,,,
CHL,KRJ,3,,,
KJM,SBC,3,,,
KJT,NRL,3,,,
KJY,KRJ,3,,,
RDUM,HTZ,3,,,
MNJ,BRE,3,,,
CJM,CLX,3,,,
TPJ,GOC,3,,,
HRI,BE,3,,,
HRI,BGH,3,,,
JTG,HJO,3,,,
UCA,BZO,3,,,
GKP,GKC,3,,,
GVN,KVR,3,,,
SNSI,MMR,2,,,
SPX,TPK,2,,,
SPX,FKM,2,,,
SPP,DES,2,,,
SPT,CHE,2,,,
SPJ,ROA,2,,,
SPJ,KGG,2,,,
SPJ,RBZ,2,,,
SPK,BOJ,2,,,
SPK,BFD,2,,,
SPN,CH,2,,,
SPN,BTRA,2,,,
SPN,SCC,2,,,
SPN,BLPU,2,,,
SPC,ROZA,2,,,
SPC,SCC,2,,,
SPE,GPD,2,,,
JNU,MIH,2,,,
JNU,BTP,2,,,
PQL,KZJ,2,,,
PQL,GNP,2,,,
PQN,KHNM,2,,,
JND,BDDR,2,,,
JNH,BSB,2,,,
JNO,NVG,2,,,
JNO,PUX,2,,,
BEM,UJH,2,,,
BEM,BRY,2,,,
BEB,REJ,2,,,
BEA,KRS,2,,,
BEA,DURE,2,,,
BEA,BXR,2,,,
BEG,KUF,2,,,
BEG,TDP,2,,,
BEY,BMH,2,,,
BEY,NDL,2,,,
BET,KAH,2,,,
BET,BAQ,2,,,
GRO,ET,2,,,
GRO,SQL,2,,,
NOI,JRK,2,,,
NOI,SGO,2,,,
NOQ,GOGH,2,,,
STPD,KCG,2,,,
STPD,MJF,2,,,
MLN,BIK,2,,,
LMO,SVKD,2,,,
LMO,DAS,2,,,
LMG,JID,2,,,
LMG,MBG,2,,,
LMG,MYD,2,,,
LMG,LGT,2,,,
DPS,KNPS,2,,,
DPS,BSPX,2,,,
DPS,BJMD,2,,,
DPS,NOMD,2,,,
MOTH,ORAI,2,,,
MOTH,JHS,2,,,
DPL,LKN,2,,,
DPL,BGS,2,,,
DPJ,PCV,2,,,
DPJ,OML,2,,,
LM,RUR,2,,,
LM,JVN,2,,,
PNQ,WKI,2,,,
PNQ,GUV,2,,,
PNP,DEC,2,,,
PNP,DEE,2,,,
PNU,BLDI,2,,,
PNU,UJA,2,,,
PNW,JAA,2,,,
PNE,SNT,2,,,
PND,KOI,2,,,
PND,HRB,2,,,
PNF,JOA,2,,,
PNF,PRLI,2,,,
MRL,UDN,2,,,
MRL,ST,2,,,
MRJ,PUNE,2,,,
MRJ,SED,2,,,
MRJ,UGR,2,,,
MRJ,RBG,2,,,
MRK,NRT,2,,,
MRK,NDL,2,,,
MRK,TLU,2,,,
MRG,DBY,2,,,
MRG,LEDO,2,,,
MRA,BAO,2,,,
APR,CLF,2,,,
APR,KTMA,2,,,
APT,RJY,2,,,
APK,VPT,2,,,
APK,MNM,2,,,
API,DG,2,,,
API,ODC,2,,,
APN,VGE,2,,,
APN,SXT,2,,,
KUPR,BLND,2,,,
KUPR,SCQ,2,,,
KXJ,BRGM,2,,,
KXJ,BPB,2,,,
KXL,TTB,2,,,
KXL,FKG,2,,,
KXN,KLG,2,,,
KXN,ROU,2,,,
KKLR,MDVL,2,,,
DNKL,MCS,2,,,
DNKL,JJKR,2,,,
DNKL,MRDL,2,,,
MBNR,SRNR,2,,,
ANSB,KART,2,,,
PDY,MS,2,,,
CLG,SVRP,2,,,
CLG,BKSL,2,,,
PDL,MKR,2,,,
PDL,DHNE,2,,,
WKR,DL,2,,,
PDD,UD,2,,,
PDD,MAJN,2,,,
KRPU,RGDA,2,,,
KRPU,DMRT,2,,,
PLCJ,LGH,2,,,
PLCJ,MWT,2,,,
PLCJ,BKN,2,,,
PLCJ,JU,2,,,
PLCJ,OSN,2,,,
ALMR,NGA,2,,,
ALMR,UJ,2,,,
DMC,GOM,2,,,
DMG,GKP,2,,,
DMG,JTB,2,,,
DMM,KCG,2,,,
DMM,GY,2,,,
DMN,AMI,2,,,
DMN,WR,2,,,
DMR,CBZ,2,,,
DMR,PEC,2,,,
DMV,SZR,2,,,
DMW,LLJ,2,,,
DMW,JPD,2,,,
JLW,KTE,2,,,
JLW,RPD,2,,,
JLR,UA,2,,,
PSA,PUN,2,,,
HNA,UD,2,,,
BCH,AKD,2,,,
OMLF,ADF,2,,,
OMLF,MLDT,2,,,
HNL,AK,2,,,
HNS,STD,2,,,
HNS,BNW,2,,,
BCT,ADH,2,,,
SRC,PKU,2,,,
SRE,NBD,2,,,
SRI,SI,2,,,
SRI,BOE,2,,,
SRT,TEN,2,,,
SRU,BLTR,2,,,
SRY,SHK,2,,,
SRY,LKR,2,,,
TDN,TMQ,2,,,
TDN,MDU,2,,,
TDL,AGC,2,,,
TDL,GZB,2,,,
HLX,BHZ,2,,,
HLX,SQF,2,,,
NMM,RPAN,2,,,
NMM,MJBT,2,,,
NMK,RGS,2,,,
TDU,KQT,2,,,
TDU,CT,2,,,
FHT,MTJ,2,,,
FHT,RKM,2,,,
KTMA,BJRI,2,,,
RJP,RU,2,,,
RJP,OBVP,2,,,
RJY,TUNI,2,,,
RJY,CCT,2,,,
RJA,JYG,2,,,
DRZ,BXA,2,,,
DRH,MSDN,2,,,
DRL,KRSA,2,,,
DRL,SMLA,2,,,
DRL,CPN,2,,,
DRD,VGN,2,,,
DRD,GVD,2,,,
BGKT,MJ,2,,,
SVHE,UBL,2,,,
SVHE,NGR,2,,,
GOM,NLP,2,,,
MLO,KJM,2,,,
RWTB,ULG,2,,,
RWTB,MJBT,2,,,
MLP,HLAR,2,,,
MLP,GDG,2,,,
AVN,AJJ,2,,,
AVN,SHU,2,,,
GOY,PHN,2,,,
MPY,AKN,2,,,
MPY,NAT,2,,,
JDB,KPRR,2,,,
KZT,TVC,2,,,
KZY,TCN,2,,,
KZY,ANY,2,,,
KZB,ANY,2,,,
KZB,NZT,2,,,
KZJ,HSP,2,,,
KZJ,MLY,2,,,
KZK,TVC,2,,,
DEB,BTY,2,,,
DEB,PLY,2,,,
RKSH,VRH,2,,,
RKSH,RWL,2,,,
BHKD,BRKA,2,,,
BHKD,PTRU,2,,,
DEG,SIL,2,,,
DEG,KASR,2,,,
GOGH,JOQ,2,,,
GOGH,KAMG,2,,,
GOGH,NBQ,2,,,
GOGH,CROA,2,,,
VAA,BJE,2,,,
VAA,MHQ,2,,,
TAPA,BTI,2,,,
RLA,MHV,2,,,
RLA,SVKD,2,,,
MAUR,KTKL,2,,,
SGRL,BRGW,2,,,
SGRL,KRLR,2,,,
SGRL,SGAM,2,,,
SGRM,TKRI,2,,,
SGRM,LKMR,2,,,
UVD,BL,2,,,
MD,KSG,2,,,
MD,AII,2,,,
MB,ANVT,2,,,
RWH,JTTN,2,,,
RWH,BLMR,2,,,
MO,KWV,2,,,
PLMD,TUP,2,,,
PLMD,CBF,2,,,
RWL,QSR,2,,,
RWL,VRH,2,,,
MK,TLH,2,,,
MK,BLPU,2,,,
MW,BTT,2,,,
MV,ADT,2,,,
MV,CDM,2,,,
MV,VDL,2,,,
MS,GPD,2,,,
MS,VM,2,,,
MS,PER,2,,,
MS,OGL,2,,,
DOL,SIHO,2,,,
DOL,DUBH,2,,,
DOS,MGS,2,,,
DOS,ANH,2,,,
DOS,BBU,2,,,
BHTN,BMR,2,,,
BHTN,BRGT,2,,,
BHTK,KOI,2,,,
BHTK,KGS,2,,,
PUN,NWP,2,,,
JJG,LGL,2,,,
PUS,BRKA,2,,,
PUS,GMIA,2,,,
BAT,VKA,2,,,
BAT,GSP,2,,,
SJNP,CHKB,2,,,
BAB,BINA,2,,,
BAO,GWL,2,,,
BAL,TRB,2,,,
BAL,TPJ,2,,,
BAM,CHE,2,,,
BAM,DVD,2,,,
BAI,KWP,2,,,
BAI,DO,2,,,
STD,HSR,2,,,
STA,CKTD,2,,,
STA,BSB,2,,,
STN,CRJ,2,,,
STW,ROI,2,,,
STR,SLI,2,,,
NCB,FKM,2,,,
NCB,GDX,2,,,
NCB,NBQ,2,,,
NCB,JPE,2,,,
NCB,APDJ,2,,,
NEO,SDE,2,,,
NEO,DNR,2,,,
ROZA,KH,2,,,
KTKL,MSZ,2,,,
KAH,MABA,2,,,
KAN,BWN,2,,,
KAN,MNAE,2,,,
RTGH,TLC,2,,,
KAR,MST,2,,,
KAR,HRI,2,,,
RHA,NH,2,,,
RHA,KOAA,2,,,
RHA,SDAH,2,,,
RHE,GTS,2,,,
RHG,MKH,2,,,
MRHT,DBRG,2,,,
MRHT,DMGN,2,,,
DMNJ,DMRT,2,,,
DMNJ,BGUA,2,,,
KIUL,DNRE,2,,,
KIUL,UREN,2,,,
KIUL,SHK,2,,,
CNPR,DNEA,2,,,
CNPR,GMIA,2,,,
ATE,SWC,2,,,
ATT,DLI,2,,,
ATU,ETP,2,,,
ATU,SXT,2,,,
ATU,SA,2,,,
ATS,HKG,2,,,
ATP,KLU,2,,,
ATP,KRNT,2,,,
KRBP,DUBH,2,,,
NANA,SOH,2,,,
NANA,MOI,2,,,
BDHY,KTHU,2,,,
NANR,KDJR,2,,,
NANR,BSTP,2,,,
LMNR,MGG,2,,,
LMNR,INDB,2,,,
PTKP,BGSF,2,,,
PTKP,OEA,2,,,
PTKD,BRGM,2,,,
PTKD,CBZ,2,,,
KNLS,KMBL,2,,,
KNLS,JAM,2,,,
CKHS,PNVL,2,,,
CKHS,MHPE,2,,,
LDH,JGN,2,,,
LDH,AHH,2,,,
MED,BMO,2,,,
MED,WDR,2,,,
MED,GWV,2,,,
GDV,GVL,2,,,
GDV,NUJ,2,,,
GDV,MDVL,2,,,
GDV,MTM,2,,,
GAYA,PRR,2,,,
GAYA,WZJ,2,,,
GAYA,GMO,2,,,
GAYA,NWD,2,,,
GDX,FLK,2,,,
GDA,RTM,2,,,
GDA,KRSA,2,,,
VGN,BOR,2,,,
VGE,ETP,2,,,
MEX,PTK,2,,,
JOA,LTRR,2,,,
KDPR,LAV,2,,,
KDPR,MLDT,2,,,
RUL,TKRI,2,,,
RUL,LLGM,2,,,
RUB,KGA,2,,,
BLMR,BBGN,2,,,
BLMK,LLGM,2,,,
BLMK,SKPI,2,,,
RUR,BTD,2,,,
RECH,BPA,2,,,
RECH,ASAF,2,,,
JHD,NDU,2,,,
JHD,THA,2,,,
JHL,JIND,2,,,
JHL,BLZ,2,,,
JHL,HSR,2,,,
RPAR,KRLI,2,,,
RPAR,GANL,2,,,
JHS,BWR,2,,,
JHS,CNB,2,,,
RPAN,VNE,2,,,
UTA,DLQ,2,,,
UTA,SAN,2,,,
UTL,BUT,2,,,
UTL,BME,2,,,
PWL,HDL,2,,,
NAB,BPQ,2,,,
NAC,JP,2,,,
NAD,BWM,2,,,
HBJ,SJP,2,,,
HBD,BNI,2,,,
HBD,MDDP,2,,,
HBG,BUQ,2,,,
HBG,JBP,2,,,
NAN,KKW,2,,,
NAN,VBW,2,,,
NAM,BOJ,2,,,
NAM,BFD,2,,,
NAS,HSX,2,,,
NAS,SCQ,2,,,
BOJ,NTSK,2,,,
BOJ,LXA,2,,,
NAT,AKN,2,,,
BOD,RTM,2,,,
BOD,RNH,2,,,
BOG,BMI,2,,,
BOG,RTI,2,,,
SVX,CHI,2,,,
SVX,AVRD,2,,,
SVV,SDNR,2,,,
SVV,NZT,2,,,
LKO,RDL,2,,,
LKO,KKJ,2,,,
SMBX,CHKB,2,,,
LKW,FKA,2,,,
LKW,MKS,2,,,
LKU,KPV,2,,,
LKR,DMRX,2,,,
LKS,SOG,2,,,
KCD,DKD,2,,,
KCD,VKN,2,,,
KCG,MJF,2,,,
KCG,KMC,2,,,
KCG,NZB,2,,,
KCG,MXT,2,,,
KCG,UR,2,,,
KCG,NGP,2,,,
KCG,FM,2,,,
KCA,SLD,2,,,
KCA,MGS,2,,,
KCJ,RBL,2,,,
KCJ,GNG,2,,,
KCV,BTQ,2,,,
KCV,BPO,2,,,
ABKP,BSPR,2,,,
NK,LTT,2,,,
NB,RV,2,,,
NB,SAV,2,,,
NG,EKM,2,,,
NG,TRT,2,,,
NU,GAR,2,,,
NU,BSL,2,,,
NU,KKB,2,,,
MHPE,CHOK,2,,,
AZR,SM,2,,,
AZR,LAV,2,,,
NLP,HMY,2,,,
NLR,RU,2,,,
NLR,MAS,2,,,
NLR,PER,2,,,
NLR,KPD,2,,,
HMT,DNRP,2,,,
HMT,SDGM,2,,,
BDVT,SMET,2,,,
JRLI,BSPX,2,,,
JRLI,NYG,2,,,
CDGR,MDN,2,,,
CDGR,VSU,2,,,
JRLE,DGLE,2,,,
BSYA,ANH,2,,,
BSYA,NBG,2,,,
MRBL,KBJ,2,,,
MRBL,TIG,2,,,
DEOS,BLTR,2,,,
DEOS,CC,2,,,
MKC,BRRG,2,,,
MKC,BPL,2,,,
MKC,GUNA,2,,,
AIT,CGN,2,,,
FTP,FYZ,2,,,
FTP,MWH,2,,,
MKS,BRW,2,,,
PNSA,BHLE,2,,,
PNSA,DWLE,2,,,
FGSB,SIR,2,,,
FGSB,BSPN,2,,,
RAIR,JUJA,2,,,
RSI,BLW,2,,,
RSI,CNK,2,,,
RSA,GDZ,2,,,
RSA,MXA,2,,,
RSR,PEP,2,,,
PDU,SGDM,2,,,
PDU,DUSI,2,,,
DKD,NRT,2,,,
DKO,KAL,2,,,
DKJ,PCZ,2,,,
NDKD,SAP,2,,,
URL,ED,2,,,
URL,KMD,2,,,
KLTR,GTK,2,,,
KLTR,KGB,2,,,
NGB,AY,2,,,
NGB,MUR,2,,,
NGO,JU,2,,,
NGO,BKN,2,,,
HDE,FUT,2,,,
HDE,KOO,2,,,
NGP,BTBR,2,,,
NGP,BZA,2,,,
NGP,SKZR,2,,,
NGP,MTY,2,,,
NGP,R,2,,,
HDA,JOB,2,,,
HDA,FL,2,,,
HDL,KSV,2,,,
HDK,GYN,2,,,
HDK,ALY,2,,,
BME,BLT,2,,,
BMI,AGR,2,,,
BMO,GWV,2,,,
BMR,SRID,2,,,
PRDP,BDBA,2,,,
BMT,RC,2,,,
SHC,SBM,2,,,
SHG,BWI,2,,,
SHK,WRS,2,,,
SHK,KSC,2,,,
SHM,KGP,2,,,
GZN,MDNR,2,,,
GZO,BNDP,2,,,
GZO,MANG,2,,,
MGG,INDB,2,,,
MGE,LFG,2,,,
MGE,MXR,2,,,
TBR,TKG,2,,,
TBR,POT,2,,,
MGS,KQR,2,,,
MGS,MKP,2,,,
MGS,DHN,2,,,
MGS,BDL,2,,,
MGS,DNR,2,,,
MGS,SLD,2,,,
MGS,ARW,2,,,
MGS,SYJ,2,,,
MGS,ARA,2,,,
TBH,HMY,2,,,
TBH,GPZ,2,,,
LUR,HGL,2,,,
KEG,DUB,2,,,
KEG,RBK,2,,,
KEA,AY,2,,,
KEA,MUR,2,,,
KER,BLTR,2,,,
KER,IAA,2,,,
DGHR,BSKH,2,,,
DGHR,JSME,2,,,
MRDL,TLHD,2,,,
KTGA,SPRD,2,,,
KTGA,SKPI,2,,,
RMPB,MLNH,2,,,
RMPB,MKRH,2,,,
MHRG,SDLP,2,,,
BNVD,JAM,2,,,
BNVD,GOP,2,,,
BNVD,PBR,2,,,
BNVD,LPJ,2,,,
MZP,BSB,2,,,
KHMA,CKK,2,,,
KHMA,MJZ,2,,,
MZL,WDR,2,,,
MZM,LRJ,2,,,
RMGM,KGI,2,,,
BMH,NDL,2,,,
BOY,ALD,2,,,
CKTD,SWC,2,,,
CKTD,MJG,2,,,
JRNA,TLMR,2,,,
JRNA,JGNR,2,,,
EKMA,DDP,2,,,
EKMA,SV,2,,,
TMKA,TGRL,2,,,
TMKA,BGPL,2,,,
VVM,BVRT,2,,,
KKDE,TRR,2,,,
KKDE,NLKR,2,,,
MLNH,GRMP,2,,,
WSA,SNV,2,,,
WSA,AJU,2,,,
WSJ,UA,2,,,
WSJ,SKR,2,,,
VKR,NIQ,2,,,
VKR,HRB,2,,,
VKA,ASR,2,,,
VKB,RC,2,,,
AGTL,JGNR,2,,,
ON,BLM,2,,,
ON,BQP,2,,,
ALER,RAG,2,,,
ALER,PBP,2,,,
RQJ,MOP,2,,,
RQJ,JPE,2,,,
RQJ,JPG,2,,,
DES,BJU,2,,,
DES,AYRN,2,,,
NRDP,SC,2,,,
NRDP,CTYL,2,,,
FL,AII,2,,,
MDL,BHL,2,,,
MDL,GBP,2,,,
KLRS,MINA,2,,,
KLRS,BDWS,2,,,
NED,BSX,2,,,
NED,NZB,2,,,
NED,ADB,2,,,
NEW,BWR,2,,,
HFG,LFG,2,,,
HFG,BF,2,,,
BKO,KBN,2,,,
BKO,MWH,2,,,
BKH,GAR,2,,,
BKI,GADJ,2,,,
BKI,KL,2,,,
BKI,MKH,2,,,
BKP,BEHS,2,,,
BKP,HTZ,2,,,
GDR,TPTY,2,,,
GDR,KPD,2,,,
GDZ,BXA,2,,,
MEJ,KLPM,2,,,
MEJ,TN,2,,,
MET,QRP,2,,,
MEP,LNR,2,,,
GDG,BDM,2,,,
GDG,KGX,2,,,
GDG,BGK,2,,,
MDU,KON,2,,,
GDL,GTT,2,,,
GDO,MTJ,2,,,
GDO,AWR,2,,,
KGP,JJKR,2,,,
KGP,SUA,2,,,
KGP,BHC,2,,,
KGP,GTS,2,,,
KGP,GMDN,2,,,
KGP,BBS,2,,,
KGS,TGQ,2,,,
KGX,BNP,2,,,
KGB,SLKR,2,,,
KGB,USL,2,,,
KGG,ROA,2,,,
CPH,KHS,2,,,
CPJ,GH,2,,,
CPK,SCE,2,,,
CPN,SMLA,2,,,
CPA,FBD,2,,,
CPP,SGDM,2,,,
CPP,GVI,2,,,
CPR,DDP,2,,,
CPR,DDA,2,,,
CPR,BSB,2,,,
CPU,RBGJ,2,,,
NILE,NFK,2,,,
MONR,KRR,2,,,
MONR,NMKL,2,,,
KTES,SHR,2,,,
KTES,NKJ,2,,,
BGSF,JMKT,2,,,
MXT,FM,2,,,
MXR,DJA,2,,,
MXR,LFG,2,,,
MXR,MBG,2,,,
MXN,CMA,2,,,
MXN,BXJ,2,,,
MXH,FZR,2,,,
MXA,DURG,2,,,
BRYA,SAE,2,,,
AMLA,NVG,2,,,
AMLA,NRKR,2,,,
BONA,SBP,2,,,
RGDA,THV,2,,,
MLPR,BWI,2,,,
MKRH,BLGT,2,,,
SBM,SBV,2,,,
VID,RN,2,,,
VID,ADVI,2,,,
FUT,PNBE,2,,,
BLGT,GRMP,2,,,
HGL,UMD,2,,,
JBP,GSPR,2,,,
JBP,KNW,2,,,
KLPM,MVN,2,,,
THVM,SNDD,2,,,
THVM,RN,2,,,
THVM,SWV,2,,,
DGA,CI,2,,,
DGA,NYO,2,,,
DGA,ATNR,2,,,
DGG,DURG,2,,,
DGI,BL,2,,,
DGI,BIM,2,,,
OML,MCRD,2,,,
BHD,NUR,2,,,
BHD,SZM,2,,,
AAY,VLY,2,,,
AAY,NPK,2,,,
BIO,DHD,2,,,
BIO,ANAS,2,,,
BIK,PLK,2,,,
BIG,SLKR,2,,,
BIG,TGQ,2,,,
BIC,TQN,2,,,
BIC,MIN,2,,,
BIA,DBEC,2,,,
BIA,R,2,,,
BIX,SONI,2,,,
BIY,UDN,2,,,
BIY,MID,2,,,
SLY,BQI,2,,,
SLT,SIHO,2,,,
SLT,NRPA,2,,,
SLO,DWP,2,,,
SLO,AKP,2,,,
SLI,KOV,2,,,
SLD,ZNA,2,,,
SLD,DHA,2,,,
SLF,MURI,2,,,
SLF,TIS,2,,,
MCN,AJJ,2,,,
MCN,WJR,2,,,
MCI,PPZ,2,,,
WANI,MJRI,2,,,
WANI,KAYR,2,,,
DLPH,BNDP,2,,,
DLPH,DOTL,2,,,
KIS,JJKR,2,,,
KIS,CTC,2,,,
KIR,SM,2,,,
KIR,DLK,2,,,
KIR,ALD,2,,,
KIR,SI,2,,,
KIR,MLDT,2,,,
CRR,NNA,2,,,
CRY,MQU,2,,,
CRJ,BRR,2,,,
CRN,LTA,2,,,
CRN,SMC,2,,,
PS,SEG,2,,,
PS,AK,2,,,
PB,ANG,2,,,
KTCH,TIHU,2,,,
KTCH,NLV,2,,,
OPL,HSP,2,,,
OPL,JMKT,2,,,
ANDI,DLI,2,,,
JTTN,CMA,2,,,
NRZB,KKI,2,,,
NRZB,UMR,2,,,
FD,LJN,2,,,
FD,DYD,2,,,
MINA,GUNA,2,,,
KRLI,MRND,2,,,
KART,GANL,2,,,
ASAF,SKZR,2,,,
DAA,GWL,2,,,
DAB,MUE,2,,,
DAS,DLJ,2,,,
ULL,MAQ,2,,,
ULL,MJS,2,,,
ULG,TNL,2,,,
AGC,DSJ,2,,,
NYN,BDL,2,,,
NYO,PMU,2,,,
NYG,PRNR,2,,,
KOTA,AF,2,,,
KOTA,CNA,2,,,
BWT,KPD,2,,,
PRNR,GADH,2,,,
BWN,MNAE,2,,,
BWN,BP,2,,,
BWN,RPH,2,,,
MAP,KPD,2,,,
MAP,BDY,2,,,
MAU,BTT,2,,,
MAU,JKN,2,,,
MAU,ARJ,2,,,
SNK,DDE,2,,,
SNK,AN,2,,,
SNI,TGP,2,,,
SNV,AJU,2,,,
SNT,TPF,2,,,
SNP,NDLS,2,,,
SNP,DEE,2,,,
MAO,UD,2,,,
MAO,BYNR,2,,,
MAO,KT,2,,,
GMDN,MDN,2,,,
TDP,AJI,2,,,
KKW,SWV,2,,,
KKP,BRW,2,,,
KKP,BTI,2,,,
KKN,BRUD,2,,,
KKI,UMR,2,,,
NMH,PIP,2,,,
KKJ,AMG,2,,,
KKA,DLK,2,,,
KKA,KNE,2,,,
KKB,SRID,2,,,
VAPM,KPQ,2,,,
CTC,KDRP,2,,,
CTC,NRG,2,,,
CTC,TLHD,2,,,
CTC,JKPR,2,,,
ABSA,TLMR,2,,,
ABSA,MANU,2,,,
BNLW,CKB,2,,,
KWAE,KGLE,2,,,
CHPT,ODC,2,,,
CHPT,PLNI,2,,,
KUDL,KRMI,2,,,
MJZ,PBE,2,,,
BRUD,CAER,2,,,
DAKE,SDAH,2,,,
NPK,VLY,2,,,
KAPG,NKP,2,,,
KAPG,KUR,2,,,
RPRD,AMB,2,,,
PGTN,PGT,2,,,
TSK,MJN,2,,,
TSK,NTSK,2,,,
TSI,SCT,2,,,
TSI,KDNL,2,,,
VMA,THUR,2,,,
VMA,LNR,2,,,
TUL,SSIA,2,,,
TUL,CNI,2,,,
KRNT,GTL,2,,,
KRNT,GY,2,,,
KRNT,SBBJ,2,,,
QSR,DWO,2,,,
PAY,ELM,2,,,
PAZ,ELM,2,,,
CKI,TCR,2,,,
CKI,AWY,2,,,
CKK,BNSA,2,,,
CKU,HIJ,2,,,
KATI,DSPN,2,,,
CKP,MURI,2,,,
CKP,CBSA,2,,,
CKR,RBG,2,,,
CKR,GPB,2,,,
PERN,RN,2,,,
DCA,BXK,2,,,
DCA,CNE,2,,,
UJA,CHP,2,,,
GBP,BJNR,2,,,
ITA,VS,2,,,
ITA,MYG,2,,,
BUP,KPRD,2,,,
BUQ,SKY,2,,,
BUW,TSF,2,,,
BUW,CLJ,2,,,
THAN,DL,2,,,
THAN,MOL,2,,,
BUA,SKT,2,,,
BUA,KHS,2,,,
BUG,BRU,2,,,
MOZ,TPZ,2,,,
MOZ,RK,2,,,
MOP,JPG,2,,,
MOU,BZR,2,,,
MOU,ROU,2,,,
MOI,JWB,2,,,
MOL,SUNR,2,,,
KMC,MJF,2,,,
ETW,RKM,2,,,
ETW,JGR,2,,,
ETW,ALJN,2,,,
KMQ,MAQ,2,,,
KMQ,UAA,2,,,
KMZ,CHD,2,,,
BAGL,GJH,2,,,
BAGL,ATNR,2,,,
BGUA,KKGM,2,,,
VARD,KTYM,2,,,
VARD,ERS,2,,,
WDA,DJA,2,,,
WDA,MBG,2,,,
KHED,VEER,2,,,
RDRA,JSM,2,,,
DPUR,BWIP,2,,,
DPUR,GRCP,2,,,
CDMR,BBU,2,,,
TWB,MOGA,2,,,
TWB,FZR,2,,,
TWG,DURE,2,,,
TWG,RPR,2,,,
VEER,MNI,2,,,
VEER,PNVL,2,,,
VEER,RN,2,,,
VST,MFQ,2,,,
VST,BEHR,2,,,
VSU,ODM,2,,,
HCNR,CLDR,2,,,
HCNR,NKW,2,,,
RYS,BE,2,,,
RYS,PMR,2,,,
RYP,KI,2,,,
RYP,BZA,2,,,
SMQL,BTU,2,,,
SMQL,TPZ,2,,,
NLKR,TRR,2,,,
JJKR,NRG,2,,,
JJKR,DNM,2,,,
JJKR,KRIH,2,,,
RASP,SA,2,,,
RASP,NMKL,2,,,
PCZ,KRA,2,,,
PCV,HSRA,2,,,
PCH,GKK,2,,,
PCH,BGM,2,,,
PCN,AGR,2,,,
PCN,THDR,2,,,
CMW,KRA,2,,,
CMW,TPY,2,,,
CMU,THUR,2,,,
MAGH,VHGN,2,,,
MAGH,SKZR,2,,,
UHL,AADR,2,,,
UHL,MTPR,2,,,
UHP,RMJK,2,,,
GLH,BARL,2,,,
GLH,HZR,2,,,
AKP,NASP,2,,,
AKP,EE,2,,,
BSZ,HAR,2,,,
BSZ,RGU,2,,,
BST,MND,2,,,
BSP,ROU,2,,,
BSR,DDR,2,,,
BSR,BVI,2,,,
BSL,WR,2,,,
BSL,SAV,2,,,
BSI,GKJ,2,,,
BSI,TPK,2,,,
BSB,JKN,2,,,
BSC,KJY,2,,,
SBR,KMNC,2,,,
SBT,MSH,2,,,
MMZ,BPA,2,,,
MMZ,RVKH,2,,,
SBZ,GKP,2,,,
SBZ,GH,2,,,
MMR,LTT,2,,,
MMR,AK,2,,,
SBB,ANVR,2,,,
MML,BRGT,2,,,
SBE,BJF,2,,,
SBE,BNGN,2,,,
SBI,GNC,2,,,
SBO,GGA,2,,,
MMB,TSF,2,,,
MMB,BVN,2,,,
KOJ,BSGN,2,,,
WADI,SC,2,,,
KOV,KRD,2,,,
SONI,GOA,2,,,
BTRA,TLH,2,,,
QLN,MQO,2,,,
QLN,MYY,2,,,
QLN,KTYM,2,,,
QLD,CAN,2,,,
NRPA,MFP,2,,,
RU,HX,2,,,
RU,TRT,2,,,
RS,BRK,2,,,
RS,NNP,2,,,
RE,DLI,2,,,
RE,GHH,2,,,
RG,BBA,2,,,
RG,ALJN,2,,,
RN,SNDD,2,,,
RK,JWP,2,,,
DDCE,SHR,2,,,
DDCE,SBD,2,,,
DEE,ROK,2,,,
DEE,NDLS,2,,,
DEE,DSJ,2,,,
DEE,SSB,2,,,
JYP,KPRR,2,,,
NGNT,MAG,2,,,
JYM,DNRP,2,,,
JYM,ZW,2,,,
UDL,PAW,2,,,
UDL,UKA,2,,,
TQA,RRS,2,,,
TQA,BQP,2,,,
TQN,BXM,2,,,
HSA,HOJ,2,,,
HSA,BNV,2,,,
GHR,CUX,2,,,
HSD,JRU,2,,,
HSD,RRB,2,,,
HSK,KRAR,2,,,
HSR,DUI,2,,,
HSR,ADR,2,,,
HSR,SDLP,2,,,
HSR,SSA,2,,,
HSX,JRC,2,,,
GHY,NNGE,2,,,
SYA,REI,2,,,
SYA,BNU,2,,,
RGU,BNDA,2,,,
RGU,GTM,2,,,
RGU,ICL,2,,,
PDPL,RGPM,2,,,
PDPL,KYOP,2,,,
PDPL,KRMR,2,,,
PDPL,OEA,2,,,
GHJ,KJN,2,,,
GHJ,KLJ,2,,,
COR,FAN,2,,,
PEP,CHR,2,,,
PER,KPD,2,,,
PEH,SDBH,2,,,
PEH,SDMD,2,,,
PEC,KUGT,2,,,
OKHA,MTHP,2,,,
OEA,KOLR,2,,,
OEA,JMKT,2,,,
GNS,PDE,2,,,
GNS,SKY,2,,,
GNT,NLDA,2,,,
GNT,PGRL,2,,,
MKN,GCH,2,,,
MKI,CAA,2,,,
MKI,SGL,2,,,
GNC,KLL,2,,,
GNC,KHD,2,,,
AII,RANI,2,,,
AII,FA,2,,,
AIG,AJI,2,,,
AIG,KH,2,,,
MKX,DARA,2,,,
NSD,BDW,2,,,
SDL,KTE,2,,,
SDN,DG,2,,,
SDN,KQN,2,,,
KQU,SDAH,2,,,
KQU,HWH,2,,,
KQI,MBG,2,,,
KQI,MUPA,2,,,
KQN,ABI,2,,,
BQA,JPH,2,,,
BQA,ODM,2,,,
BQA,CJN,2,,,
BQA,HIJ,2,,,
BQI,BDY,2,,,
TIHU,NLV,2,,,
MABD,NKD,2,,,
BTPD,BDCR,2,,,
BTPD,TPY,2,,,
BJNR,SSR,2,,,
BJNR,BDW,2,,,
MKA,BGS,2,,,
AKOR,HG,2,,,
AKOR,SUR,2,,,
JWP,ATMO,2,,,
GUG,KSX,2,,,
GUG,PRR,2,,,
TSA,BLPU,2,,,
TSA,PMR,2,,,
GUR,HG,2,,,
GUR,SUR,2,,,
GUV,TCR,2,,,
DWLE,HPLE,2,,,
PGRL,MRGA,2,,,
BSKH,JAMA,2,,,
MKR,DHNE,2,,,
EKI,ADF,2,,,
EKI,MLDT,2,,,
REJ,PLY,2,,,
REI,KTE,2,,,
LFG,BF,2,,,
LFG,MBG,2,,,
PDRD,KSF,2,,,
PDRD,BTP,2,,,
SDBH,DHN,2,,,
SY,VDL,2,,,
SY,TDPR,2,,,
SC,BZA,2,,,
SC,RMNP,2,,,
SC,GTL,2,,,
SC,LPI,2,,,
SA,KJM,2,,,
SA,KPN,2,,,
CAR,LUSA,2,,,
CAR,ALD,2,,,
CAA,MTR,2,,,
CAF,BPQ,2,,,
PGT,ED,2,,,
PGR,MPLM,2,,,
DYD,PTH,2,,,
SOD,HP,2,,,
UDR,KTE,2,,,
UDR,MYR,2,,,
UDZ,KRCD,2,,,
MAKR,LAR,2,,,
MAKR,KYE,2,,,
MIH,KS,2,,,
MIN,NNP,2,,,
MID,VYA,2,,,
GAR,BNE,2,,,
SOS,JAL,2,,,
SOS,RANI,2,,,
SFY,PFR,2,,,
SFW,BRRG,2,,,
SFM,DUI,2,,,
SFG,MNJ,2,,,
SFC,TIG,2,,,
KSP,RBZ,2,,,
KSX,BKSC,2,,,
KSD,BDDR,2,,,
KSG,TL,2,,,
KSC,WRS,2,,,
KSJ,SRNK,2,,,
KSJ,KMJ,2,,,
KSJ,MTJ,2,,,
KSJ,SKA,2,,,
KSJ,GWA,2,,,
MLAR,SAC,2,,,
MLAR,GOA,2,,,
DKNT,DARA,2,,,
DKNT,RMA,2,,,
TLU,CBM,2,,,
VTJ,BVP,2,,,
ATMO,LRJ,2,,,
SEGM,TGP,2,,,
SEGM,MJRI,2,,,
SEGM,WRR,2,,,
SEGM,BTBR,2,,,
BNDA,ICL,2,,,
BNDM,NXN,2,,,
KLAR,BTX,2,,,
JUC,ASR,2,,,
JUC,FZR,2,,,
JUC,BLND,2,,,
JUC,CHKB,2,,,
JUD,RAA,2,,,
BRMO,JAN,2,,,
BRMO,BKRO,2,,,
SSIA,TRAN,2,,,
SUJH,TLC,2,,,
GWD,SBBJ,2,,,
GWD,WPR,2,,,
GWA,FBD,2,,,
TMV,CGL,2,,,
GWL,SAC,2,,,
GWL,NZM,2,,,
GWS,RMR,2,,,
GWS,KPV,2,,,
KOAA,BDC,2,,,
KOAA,BP,2,,,
HWH,MNAE,2,,,
DBRG,DMGN,2,,,
NJP,DLO,2,,,
NJP,NBQ,2,,,
NJP,BNV,2,,,
NJP,JPG,2,,,
NJP,APDJ,2,,,
TDPR,PRT,2,,,
RWO,PBR,2,,,
RWO,SKR,2,,,
NAVI,BD,2,,,
NAVI,AK,2,,,
ASKN,BINA,2,,,
BVP,SOJN,2,,,
UBR,BLD,2,,,
UBR,GVD,2,,,
UBC,SIR,2,,,
UBL,YLG,2,,,
MWT,OSN,2,,,
MWJ,SGAM,2,,,
MWJ,NWB,2,,,
GJD,GAP,2,,,
ORGA,NXN,2,,,
NWA,NIR,2,,,
NWA,LTA,2,,,
NWB,SGAM,2,,,
KHRK,KLNK,2,,,
KHRK,BMLL,2,,,
KHRJ,RTA,2,,,
KUR,VZM,2,,,
KUR,KASR,2,,,
KUN,DLI,2,,,
KUH,RNH,2,,,
KUF,HRI,2,,,
HMH,BTI,2,,,
TU,DHNE,2,,,
TN,MVN,2,,,
TL,NRI,2,,,
TJ,TVR,2,,,
TK,DVG,2,,,
AD,NRR,2,,,
AF,GGC,2,,,
AF,BTE,2,,,
AF,CNB,2,,,
AF,SMBJ,2,,,
AI,BHUJ,2,,,
AK,KNW,2,,,
AO,BE,2,,,
AO,PMR,2,,,
AO,DUB,2,,,
AO,RBK,2,,,
AN,DXG,2,,,
BDCR,MUGR,2,,,
AZ,NFK,2,,,
GLPT,JPZ,2,,,
DUSI,CHE,2,,,
PUX,CWA,2,,,
RUPC,RMU,2,,,
SKZR,SRUR,2,,,
CROA,FKM,2,,,
BPHB,BQR,2,,,
HIP,ROP,2,,,
HIP,BLS,2,,,
HIR,BRU,2,,,
NHK,NTSK,2,,,
NHK,SLGR,2,,,
NHT,PKR,2,,,
HIJ,BLDA,2,,,
HIJ,BBS,2,,,
BSGN,NBQ,2,,,
RAG,BG,2,,,
FGR,KJN,2,,,
FGR,KLJ,2,,,
GHGL,KTHU,2,,,
SDNR,TEN,2,,,
PKR,GMAN,2,,,
PKR,KLP,2,,,
PKF,HTE,2,,,
SGDP,TGRL,2,,,
SGDP,CLDR,2,,,
KTRR,BZM,2,,,
KTRR,PTRE,2,,,
MUW,SNQ,2,,,
MUW,JSME,2,,,
MUV,ALD,2,,,
MUV,BHLP,2,,,
ASV,SDGM,2,,,
ASV,ADI,2,,,
NUQ,MQX,2,,,
NUQ,RNQ,2,,,
NUJ,GVL,2,,,
ASK,DVG,2,,,
ASN,SDAH,2,,,
DUJ,SURI,2,,,
DUJ,PAW,2,,,
DUB,CH,2,,,
DUB,AFR,2,,,
DUD,GR,2,,,
R,KBJ,2,,,
R,DBEC,2,,,
R,KRAR,2,,,
KWP,GTJT,2,,,
KWR,ARA,2,,,
KWV,MLB,2,,,
KWV,PVR,2,,,
KWV,UMD,2,,,
TRVL,KYJ,2,,,
BYNR,ANKL,2,,,
SVPR,SVKS,2,,,
SVPR,RJPM,2,,,
BKRO,JAN,2,,,
MHT,SIP,2,,,
ANVT,PNBE,2,,,
ANVR,TKJ,2,,,
PPI,SCKR,2,,,
PPO,KLG,2,,,
PPO,ROU,2,,,
PPR,GOTN,2,,,
GAGA,TKG,2,,,
GAGA,NAK,2,,,
PPZ,RDM,2,,,
MTPR,NNGL,2,,,
BG,ZN,2,,,
BG,BN,2,,,
BG,CHZ,2,,,
BG,MLY,2,,,
BC,BE,2,,,
BC,BRY,2,,,
BN,RMNP,2,,,
BN,NLDA,2,,,
BP,SDAH,2,,,
NNA,BJU,2,,,
NNA,BGS,2,,,
TMZ,DSPN,2,,,
SQL,BGTA,2,,,
SQF,BPB,2,,,
KAL,SVGA,2,,,
ROI,SIP,2,,,
ROK,BNW,2,,,
ROK,LHLL,2,,,
ROK,KLNK,2,,,
LLR,BZM,2,,,
LLR,PMN,2,,,
LLJ,RRS,2,,,
LLI,ALU,2,,,
LLI,KKPM,2,,,
ROP,TKH,2,,,
BDC,CNS,2,,,
RHN,PLS,2,,,
BDH,GKH,2,,,
BDH,BHP,2,,,
SDLP,RMB,2,,,
UR,SHNR,2,,,
MMY,JU,2,,,
MMY,RKB,2,,,
IDR,TVL,2,,,
PMU,SEE,2,,,
PMP,CCH,2,,,
PMP,DEHR,2,,,
CGS,RNY,2,,,
CGS,KYQ,2,,,
CGR,CNS,2,,,
MSZ,BRZ,2,,,
MST,BGH,2,,,
MSH,ABR,2,,,
DWK,JAM,2,,,
DWK,MTHP,2,,,
DWO,HRW,2,,,
BAKA,BHLE,2,,,
KYN,CSTM,2,,,
KYE,JRK,2,,,
BYT,HN,2,,,
TRTR,MNTT,2,,,
BYD,RNR,2,,,
BYD,HVR,2,,,
SVRP,BKSL,2,,,
MLGH,CNA,2,,,
BLPU,BE,2,,,
BLPR,KUTI,2,,,
BLPR,RNGG,2,,,
ANTU,MFL,2,,,
ANTU,PBH,2,,,
JOP,BTP,2,,,
JOQ,KAMG,2,,,
PRG,PBH,2,,,
PRG,KHNM,2,,,
PRH,EE,2,,,
PRH,NZD,2,,,
PRT,CUPJ,2,,,
PRP,GAP,2,,,
PRR,BJE,2,,,
PRR,CNI,2,,,
JOL,JRG,2,,,
JOL,BTQ,2,,,
NRKR,BZU,2,,,
MAQ,MJS,2,,,
BRKA,MURI,2,,,
BRKA,GMIA,2,,,
BRKA,DHN,2,,,
CBSA,KNPS,2,,,
NLV,PBL,2,,,
TKJ,CSB,2,,,
TKH,JRG,2,,,
HML,VNE,2,,,
HML,GPZ,2,,,
NLI,RTM,2,,,
NLI,JAO,2,,,
HMG,BHL,2,,,
HMG,GGR,2,,,
DLJ,SOJN,2,,,
DLI,SSB,2,,,
DLI,UMB,2,,,
SNQ,JSME,2,,,
DLN,PNBE,2,,,
DLQ,BLM,2,,,
CTYL,RMNP,2,,,
SSR,BHL,2,,,
SSA,KNL,2,,,
SSA,BTI,2,,,
SSA,BHT,2,,,
RMU,NRS,2,,,
LNT,PMKT,2,,,
LNT,KAYR,2,,,
RMB,LHU,2,,,
LNL,LTT,2,,,
LNL,TNA,2,,,
RMA,RTM,2,,,
LNK,MQS,2,,,
KGLE,SALE,2,,,
RMN,KNL,2,,,
RMN,BTI,2,,,
RMM,PBM,2,,,
BBK,CLJ,2,,,
BBK,GKP,2,,,
BBA,ALJN,2,,,
BBS,BHC,2,,,
POT,AUB,2,,,
FKM,KAMG,2,,,
FKM,NBQ,2,,,
FKG,GLGT,2,,,
FKG,TTB,2,,,
KHTU,CTKT,2,,,
KHTU,DNA,2,,,
AWR,GGN,2,,,
AWR,GADJ,2,,,
MQO,KPY,2,,,
MQS,NRO,2,,,
CCH,PUNE,2,,,
CCH,TGN,2,,,
KPRD,SGG,2,,,
CI,GJH,2,,,
CH,AFR,2,,,
CH,SCC,2,,,
CC,GKC,2,,,
CE,JKA,2,,,
CE,SAU,2,,,
CT,SEM,2,,,
WJR,JTJ,2,,,
VG,SRGT,2,,,
VG,JKA,2,,,
KMNR,UDGR,2,,,
KMNR,BHLK,2,,,
VM,VLR,2,,,
VR,BOR,2,,,
VS,MYG,2,,,
AYRN,HJP,2,,,
SRPJ,SOH,2,,,
SRPJ,ABR,2,,,
SURI,PAW,2,,,
PTJ,ED,2,,,
PTH,RDL,2,,,
JMU,CUX,2,,,
SUA,JGM,2,,,
TEA,NDU,2,,,
TEA,NDW,2,,,
NBQ,BJF,2,,,
NBQ,JPZ,2,,,
NBD,KTW,2,,,
DNA,CTKT,2,,,
DNA,JP,2,,,
DNA,GCH,2,,,
DNT,JER,2,,,
DNT,BLDA,2,,,
WIRR,VHGN,2,,,
WIRR,MKDI,2,,,
HOJ,APDJ,2,,,
NWR,KTE,2,,,
SVKS,TTL,2,,,
AME,MFL,2,,,
NWD,TIA,2,,,
CHKB,DZA,2,,,
ABFC,BLK,2,,,
DSJ,MTJ,2,,,
DSJ,UMB,2,,,
DSA,BTU,2,,,
BJRI,BRH,2,,,
JSME,DHN,2,,,
KDNL,PBKS,2,,,
WTJ,ALB,2,,,
WTJ,PDH,2,,,
G,BPQ,2,,,
UREN,DNRE,2,,,
JKPR,SKND,2,,,
PVR,MLB,2,,,
PVU,MYY,2,,,
PVD,DIG,2,,,
PVD,BZA,2,,,
JKB,AONI,2,,,
JKB,SHTT,2,,,
BRGW,SGAM,2,,,
SWM,BXN,2,,,
DG,ABI,2,,,
DG,KON,2,,,
GYM,JTJ,2,,,
TGN,KK,2,,,
TGN,DEHR,2,,,
DHG,MALB,2,,,
DHA,ZNA,2,,,
LKMR,KKGM,2,,,
SRUR,MKDI,2,,,
WR,BPQ,2,,,
WR,HGT,2,,,
HAN,BTE,2,,,
BNR,MFP,2,,,
BNR,SAI,2,,,
BNP,KBL,2,,,
BNW,BNWC,2,,,
BNW,KLNK,2,,,
BNV,APDJ,2,,,
BNI,ODG,2,,,
BNN,BTI,2,,,
HAR,GTM,2,,,
HAS,MYS,2,,,
BNE,KY,2,,,
ADVI,RAJP,2,,,
LJN,GD,2,,,
LJR,GRCP,2,,,
CHP,SID,2,,,
BNSA,TPU,2,,,
JAL,RANI,2,,,
HPLE,KKTA,2,,,
RMJK,JAT,2,,,
VZM,GVI,2,,,
MCRD,MTDM,2,,,
USL,GTK,2,,,
JID,NNGE,2,,,
JID,HJI,2,,,
BBTR,ET,2,,,
BBTR,GDYA,2,,,
NMGY,GLGT,2,,,
NMGY,KUTI,2,,,
KBJ,NPD,2,,,
KBN,CNB,2,,,
KBY,TNL,2,,,
KBY,RNY,2,,,
HCR,MLDT,2,,,
BLU,KJN,2,,,
BLU,BJR,2,,,
BLW,CNK,2,,,
LTT,IGP,2,,,
GUNA,SGO,2,,,
GUNA,KTE,2,,,
KNVT,HEM,2,,,
KNVT,BHBK,2,,,
KHNM,UCR,2,,,
KHNM,PFM,2,,,
CHOK,KJT,2,,,
SOJN,BVC,2,,,
EE,NZD,2,,,
ET,JL,2,,,
NASP,TUNI,2,,,
RJPM,SNKL,2,,,
KDJR,GADH,2,,,
BDWL,MHJ,2,,,
BDWL,SOG,2,,,
SKND,BGPL,2,,,
RPD,CHD,2,,,
RPH,TPF,2,,,
RPJ,KNN,2,,,
KRIH,BTV,2,,,
NAK,BORA,2,,,
MSDN,AHA,2,,,
SKA,HTC,2,,,
SKB,MNQ,2,,,
SKB,CNB,2,,,
SKJ,BGS,2,,,
TCR,AFK,2,,,
MFQ,KHBJ,2,,,
JGM,TATA,2,,,
JGN,MOGA,2,,,
DDN,HRW,2,,,
KDZ,SGS,2,,,
HEM,MUE,2,,,
NDT,MVJ,2,,,
BJE,GMO,2,,,
BJE,SDMD,2,,,
BJE,ADRA,2,,,
TRAN,MURI,2,,,
BJW,BRC,2,,,
BJP,HG,2,,,
ADRA,JPH,2,,,
ADRA,CJN,2,,,
SBPD,JUJA,2,,,
SBPD,ANGL,2,,,
MYS,SBC,2,,,
MYA,S,2,,,
MYD,HTL,2,,,
ANGL,SBPY,2,,,
BNWC,BMLL,2,,,
RMNP,NLDA,2,,,
SMBL,GMS,2,,,
SMBL,HPU,2,,,
SMBJ,BXN,2,,,
BHBK,SHSK,2,,,
PAW,UKA,2,,,
HZR,HPU,2,,,
KYOP,KOLR,2,,,
SNKL,PBKS,2,,,
SGUJ,BORA,2,,,
PNVL,PUNE,2,,,
PNVL,KJT,2,,,
STBJ,BSTP,2,,,
STBJ,NKW,2,,,
SMT,SCI,2,,,
SMT,BPL,2,,,
SMC,BTC,2,,,
RCTC,GRKN,2,,,
RCTC,KDRP,2,,,
GGR,CNA,2,,,
MDE,BELA,2,,,
MDE,THA,2,,,
MDR,KI,2,,,
JER,ARD,2,,,
BQR,DURG,2,,,
KFA,MNE,2,,,
ABD,CLDY,2,,,
ABD,SAU,2,,,
ABR,JU,2,,,
NZM,BTE,2,,,
NZM,MTC,2,,,
BHC,BTV,2,,,
BHZ,HJO,2,,,
BHZ,BPB,2,,,
BHZ,CNE,2,,,
BHP,MLDT,2,,,
BHT,ADR,2,,,
BHW,GMAN,2,,,
BHW,KLP,2,,,
BHW,MLDT,2,,,
LPJ,GOP,2,,,
LPJ,PBR,2,,,
KHBJ,KTE,2,,,
KHBJ,NKJ,2,,,
KHBJ,BEHR,2,,,
DUMK,JAMA,2,,,
CSB,NDLS,2,,,
BANE,JU,2,,,
BANE,LUNI,2,,,
BAND,CRLM,2,,,
NNGL,NLDM,2,,,
KTE,CHD,2,,,
KTE,SBD,2,,,
S,PANP,2,,,
DOTL,MANG,2,,,
NDLS,PNBE,2,,,
UMB,KNN,2,,,
BLDI,RDHP,2,,,
MBG,LGT,2,,,
KHD,CLDY,2,,,
KMJ,FBD,2,,,
BVC,BTD,2,,,
BVC,SGD,2,,,
BVI,BRC,2,,,
BVH,FDN,2,,,
BVN,SCC,2,,,
BTJL,GOK,2,,,
SSPN,SBC,2,,,
TLHD,TLHR,2,,,
GY,HX,2,,,
GY,KLU,2,,,
GD,PDR,2,,,
MPLM,KRR,2,,,
TTL,VPT,2,,,
VLR,TNM,2,,,
ZN,PBP,2,,,
ZW,KRCD,2,,,
RDHP,SIOB,2,,,
SAI,HJP,2,,,
KUGT,MANU,2,,,
JAJ,PNBE,2,,,
CHZ,MLY,2,,,
DBB,GKJ,2,,,
DBY,MJN,2,,,
DBR,ALD,2,,,
BTP,ZBD,2,,,
BTS,ARD,2,,,
BTX,MBA,2,,,
BTD,SRGT,2,,,
BTG,BE,2,,,
BTI,FDK,2,,,
BTH,MJL,2,,,
ANAS,MGN,2,,,
RNGG,BBGN,2,,,
BSPN,MRND,2,,,
BSPR,BRH,2,,,
VRR,GTT,2,,,
TORI,PTRU,2,,,
TVL,HG,2,,,
NGAN,SCE,2,,,
NGAN,AONI,2,,,
SDGH,NPS,2,,,
HPP,MBA,2,,,
RXL,SGL,2,,,
HX,TPTY,2,,,
HP,SEU,2,,,
HN,TLD,2,,,
HD,CAER,2,,,
MNQ,BGQ,2,,,
MNI,ROHA,2,,,
MND,KLD,2,,,
PBM,MMM,2,,,
PBN,SELU,2,,,
PBH,BSE,2,,,
GMO,MHQ,2,,,
GMD,BGTA,2,,,
GMD,SGP,2,,,
ADB,PMKT,2,,,
GMR,BXR,2,,,
ADI,SIOB,2,,,
ADI,JVN,2,,,
BRK,PDR,2,,,
PVRD,MNTT,2,,,
YPR,KPD,2,,,
AVRD,SGR,2,,,
TPJ,TRB,2,,,
UGR,SED,2,,,
NIQ,JTI,2,,,
CLF,JTI,2,,,
CLT,MAHE,2,,,
PDE,NIR,2,,,
RHMA,GRKN,2,,,
RHMA,BDBA,2,,,
BPA,RVKH,2,,,
BPL,PUNE,2,,,
BPO,BGY,2,,,
BPQ,BZA,2,,,
GOC,TPTN,2,,,
NRO,NRM,2,,,
NRS,BE,2,,,
NRR,GTL,2,,,
RGPM,RDM,2,,,
BJMD,NOMD,2,,,
KNW,JL,2,,,
DKE,LGT,2,,,
DKE,MUPA,2,,,
LXA,SLGR,2,,,
SRGM,TPTN,2,,,
TRT,KPD,2,,,
HTE,BANO,2,,,
HTL,LGT,2,,,
HTZ,BGS,2,,,
FBD,BGQ,2,,,
FBD,CNB,2,,,
SGL,MJL,2,,,
CNB,TATA,2,,,
CNB,GTM,2,,,
CNI,MURI,2,,,
DXG,JL,2,,,
MJS,UAA,2,,,
SHR,SBD,2,,,
KPV,PLS,2,,,
KKTA,BGP,2,,,
BNCE,CRLM,2,,,
HAPA,ALB,2,,,
MGX,JTG,2,,,
MGX,HJO,2,,,
GTM,PTRE,2,,,
TLJ,TPH,2,,,
TLH,BE,2,,,
HVD,SIOB,2,,,
HVR,DVG,2,,,
UCR,RBL,2,,,
UCR,JPD,2,,,
PNBE,ALD,2,,,
LGH,MHJ,2,,,
TIA,WZJ,2,,,
GKK,GPB,2,,,
KRS,ARA,2,,,
KRG,KRD,2,,,
TNA,CSTM,2,,,
NKM,MURI,2,,,
DTC,HJO,2,,,
DTC,BXK,2,,,
CBE,MTP,2,,,
BZM,PMN,2,,,
ALU,KKPM,2,,,
LHLL,KLNK,2,,,
FDB,FDN,2,,,
PLK,BXM,2,,,
SPZ,ISM,1,,,
SPJ,MKPR,1,,,
SPJ,KSP,1,,,
JNU,ABP,1,,,
JNU,JNH,1,,,
JNH,ZBD,1,,,
JNO,IKR,1,,,
JNO,HRG,1,,,
GRX,BSE,1,,,
GRX,DND,1,,,
GRD,MDP,1,,,
LMK,MAM,1,,,
LMG,DMV,1,,,
DPJ,BAND,1,,,
LD,PUNE,1,,,
STJT,DSS,1,,,
STJT,BCA,1,,,
PNK,PHD,1,,,
MRT,MTJ,1,,,
MRT,HTC,1,,,
KCKI,BRWD,1,,,
KCKI,DTO,1,,,
MRR,CTR,1,,,
MRN,RTM,1,,,
MRN,BILD,1,,,
MRJ,SGLA,1,,,
MRJ,VRB,1,,,
MRE,SYWN,1,,,
MRE,BMU,1,,,
APT,PAP,1,,,
APT,BVL,1,,,
KMME,ULT,1,,,
KMME,ASN,1,,,
SASN,MRND,1,,,
SASN,RPAR,1,,,
KPNA,NIA,1,,,
KPNA,AKT,1,,,
ANSB,SIR,1,,,
DMC,SPTR,1,,,
DMP,BOF,1,,,
JLL,SIQ,1,,,
JLN,DUA,1,,,
JLN,LAR,1,,,
SRJ,BDL,1,,,
SRJ,COI,1,,,
SRP,BDC,1,,,
RJT,ADI,1,,,
RJY,KYM,1,,,
DRD,BL,1,,,
BGKT,MBF,1,,,
MPU,SLO,1,,,
MPU,BVL,1,,,
AVD,AJJ,1,,,
AVD,KPD,1,,,
AVD,TRL,1,,,
KANO,KEJ,1,,,
KANO,KDZ,1,,,
KZT,PYD,1,,,
KZT,KZTW,1,,,
KZE,KQK,1,,,
KZK,QLN,1,,,
KZK,CRY,1,,,
KZK,MQU,1,,,
KZK,TVP,1,,,
MB,NDLS,1,,,
ML,LKO,1,,,
ML,JRR,1,,,
MJ,SEU,1,,,
MS,RU,1,,,
MS,OML,1,,,
MS,AJJ,1,,,
DOA,CHA,1,,,
DOA,SNL,1,,,
DOD,MDS,1,,,
DOS,RFJ,1,,,
PUL,BNN,1,,,
JJR,ABLE,1,,,
JJR,PUNE,1,,,
JJK,CNB,1,,,
JJK,ALJN,1,,,
ROZA,LJN,1,,,
KAP,CPA,1,,,
KAP,BJR,1,,,
KAT,DRLA,1,,,
SVJR,CCH,1,,,
KIUL,GHR,1,,,
RGJ,KIR,1,,,
KDMR,SOJN,1,,,
KDMR,VTJ,1,,,
BDHY,CHNR,1,,,
BDHY,CKDL,1,,,
LDH,UBC,1,,,
LDH,SNL,1,,,
MED,SC,1,,,
MEX,MRTL,1,,,
RUM,RBL,1,,,
RUM,FTG,1,,,
RUB,FTP,1,,,
RUB,FYZ,1,,,
RPAR,SIR,1,,,
RPAR,MRND,1,,,
UTR,MLJ,1,,,
UTR,LKO,1,,,
NAB,MME,1,,,
NAB,CAF,1,,,
LKO,SHG,1,,,
LKO,MGS,1,,,
LKE,KPZ,1,,,
KCO,SRNK,1,,,
KCO,UJH,1,,,
KCJ,JAIS,1,,,
KCJ,BANI,1,,,
BDVL,FM,1,,,
BDVL,UR,1,,,
GNW,CWA,1,,,
GNW,KUX,1,,,
FTP,BKO,1,,,
DKT,CDG,1,,,
DKT,UMB,1,,,
PYD,ERL,1,,,
NGA,BTD,1,,,
NGA,LTD,1,,,
NGI,HGT,1,,,
NGI,CKNI,1,,,
NGP,SNI,1,,,
BMU,SFG,1,,,
SHU,KPD,1,,,
SHF,MWK,1,,,
SHF,BRVR,1,,,
MGG,DWX,1,,,
GZB,GUH,1,,,
GZB,MUD,1,,,
GZB,DER,1,,,
MGS,COI,1,,,
MGS,VYN,1,,,
KEK,UMRI,1,,,
KEK,DAB,1,,,
KEJ,SGS,1,,,
KEI,VYN,1,,,
CHNR,CKDL,1,,,
MZM,CNK,1,,,
BDTS,ST,1,,,
KKDI,SVGA,1,,,
BHME,GMO,1,,,
HYT,TLWA,1,,,
MKPR,KSP,1,,,
ALER,SC,1,,,
DER,ALJN,1,,,
NED,SHSK,1,,,
NED,HEM,1,,,
BKO,CNB,1,,,
MEM,SWE,1,,,
MEM,BTJ,1,,,
KGQ,MJS,1,,,
KGA,FYZ,1,,,
KGG,SBV,1,,,
KGI,MAD,1,,,
CPH,BPRH,1,,,
CPA,BJR,1,,,
CPR,GTST,1,,,
CPR,MHT,1,,,
CPU,CAR,1,,,
CPU,KRLR,1,,,
MXK,FZD,1,,,
MXK,ALJN,1,,,
BRYA,BJU,1,,,
AMLA,JMV,1,,,
JBP,ADTL,1,,,
SLY,MAP,1,,,
SLN,SHNG,1,,,
SLI,VRB,1,,,
SLJ,TLJ,1,,,
SLJ,SBG,1,,,
KIP,RE,1,,,
KIP,PTRD,1,,,
CRP,DHN,1,,,
CRP,TELO,1,,,
ANDI,SNP,1,,,
BCN,KVG,1,,,
BCN,SAGR,1,,,
FD,BBK,1,,,
KRLR,KRSL,1,,,
KRLR,OBR,1,,,
CIL,JGJ,1,,,
ULB,HWH,1,,,
NYY,DAVM,1,,,
KOTA,VMA,1,,,
KOTA,KPTN,1,,,
BWT,BNCE,1,,,
BWT,BNC,1,,,
SNC,MSW,1,,,
SNC,BV,1,,,
SNP,DLI,1,,,
SNP,SMK,1,,,
SNP,RDDE,1,,,
MAM,DHD,1,,,
MAO,QLM,1,,,
MAN,BRC,1,,,
LSI,TLWA,1,,,
VAPM,PAY,1,,,
CTC,KNPR,1,,,
CTC,DNM,1,,,
CTC,SORO,1,,,
SIPR,SWA,1,,,
SIPR,MHH,1,,,
AJNI,SEGM,1,,,
BSQP,JMU,1,,,
KATL,BZU,1,,,
UJP,DSS,1,,,
UJN,NRGR,1,,,
UJH,SRNK,1,,,
BUX,TAE,1,,,
BUX,MJRI,1,,,
BUH,SNGP,1,,,
MOU,JRA,1,,,
MOM,KJY,1,,,
MOM,BSC,1,,,
MOG,VPN,1,,,
KMQ,MJS,1,,,
TLKH,AME,1,,,
TLKH,GNG,1,,,
SRBA,MWRN,1,,,
SRBA,URGA,1,,,
BWSN,GGN,1,,,
BWSN,PM,1,,,
AKT,KTSH,1,,,
MHAD,BRVR,1,,,
MHAD,DHI,1,,,
BSP,JRMG,1,,,
BSR,PLG,1,,,
BSR,VR,1,,,
BSL,YL,1,,,
BSB,BRPT,1,,,
BSB,SOP,1,,,
BSC,HPU,1,,,
SBT,KLL,1,,,
SBB,VVB,1,,,
SBG,TLJ,1,,,
MME,CAF,1,,,
ERS,KTYM,1,,,
KOP,GRMT,1,,,
QLD,PYOL,1,,,
SPTR,TQM,1,,,
RM,MWK,1,,,
RM,JMD,1,,,
RK,DBD,1,,,
BUPH,GNVR,1,,,
BUPH,CD,1,,,
AUBR,PES,1,,,
UDL,RPH,1,,,
TQM,MZS,1,,,
HSA,SGUJ,1,,,
KRBA,GAD,1,,,
KRBA,URGA,1,,,
PEP,CBN,1,,,
PES,JHN,1,,,
SGBJ,CAER,1,,,
SGBJ,TLV,1,,,
SNRR,SBD,1,,,
SNRR,NWR,1,,,
TELO,GMO,1,,,
GNG,BANI,1,,,
NSU,BTG,1,,,
NSU,AO,1,,,
SDL,SNGP,1,,,
KQN,TPJ,1,,,
BQI,TPT,1,,,
HBLN,TMX,1,,,
HBLN,SHNR,1,,,
MKA,AHA,1,,,
J,BDU,1,,,
KMDR,YFP,1,,,
KMDR,CBN,1,,,
JWP,IKK,1,,,
GUH,MDNR,1,,,
HUP,BNCE,1,,,
LFG,BPB,1,,,
LFG,JTG,1,,,
SC,NZB,1,,,
CAR,ARW,1,,,
CAR,KYT,1,,,
CAN,BDJ,1,,,
UDN,NWU,1,,,
SOW,BEHS,1,,,
SOW,WENA,1,,,
SFH,BBK,1,,,
SFH,JRR,1,,,
KSV,BVH,1,,,
KSF,ZBD,1,,,
KSB,BH,1,,,
SINI,ADTP,1,,,
VTJ,SOJN,1,,,
BNDM,BZR,1,,,
BNDM,JRA,1,,,
BNDM,ORGA,1,,,
KOAA,MLDT,1,,,
HWH,RPH,1,,,
NJP,ABFC,1,,,
DOE,ADTL,1,,,
ORGA,ROU,1,,,
KUX,PUX,1,,,
HSRA,YPR,1,,,
HSRA,BNC,1,,,
KUA,BTA,1,,,
TP,PLI,1,,,
AO,BTG,1,,,
AY,BLG,1,,,
RRME,ARGD,1,,,
GNVR,BPQ,1,,,
PUX,IKR,1,,,
JSG,SBPD,1,,,
JSP,NMGT,1,,,
NHN,SAGR,1,,,
NHN,KKAH,1,,,
NHT,CTR,1,,,
PKU,BZN,1,,,
NUR,DLI,1,,,
NUR,RDDE,1,,,
NUQ,RMF,1,,,
YLG,HVR,1,,,
YLG,KJG,1,,,
PYOL,BDJ,1,,,
SVPI,BDWS,1,,,
KMBL,HAPA,1,,,
MHT,GTST,1,,,
ANVT,ALJN,1,,,
BILD,RTI,1,,,
RURA,PHD,1,,,
PPN,NDW,1,,,
PPR,JU,1,,,
PPR,RKB,1,,,
BL,PLG,1,,,
BH,VS,1,,,
BJ,CH,1,,,
BJ,BBA,1,,,
NNO,MGLP,1,,,
NNW,MLZ,1,,,
ROK,ISM,1,,,
ROU,BZR,1,,,
ROU,TATA,1,,,
RHN,ALJ,1,,,
RHN,KPV,1,,,
BDU,AWB,1,,,
UJ,SOA,1,,,
UJ,DLJ,1,,,
PMR,BLPU,1,,,
MSR,SIW,1,,,
MSH,SID,1,,,
DWP,KYM,1,,,
DWP,KVR,1,,,
PGI,CLT,1,,,
KYT,ARW,1,,,
MLGH,SMPA,1,,,
BLPU,TLH,1,,,
ANTU,JGJ,1,,,
PRI,IKK,1,,,
PRI,LRJ,1,,,
BRKA,ARGD,1,,,
SNN,BPK,1,,,
SNN,HGT,1,,,
TKD,NDLS,1,,,
TKJ,NDLS,1,,,
TKJ,NZM,1,,,
DLJ,SOA,1,,,
DLI,KRJ,1,,,
SSB,MGLP,1,,,
LNL,DR,1,,,
RMF,MQX,1,,,
DRLA,MUT,1,,,
AWY,DINR,1,,,
MQU,TVC,1,,,
CCH,KK,1,,,
CI,SEE,1,,,
CC,SANR,1,,,
CD,TAE,1,,,
VV,GRMT,1,,,
MDPB,CHKB,1,,,
JMV,BCRD,1,,,
JMD,BFJ,1,,,
BPRH,KTHD,1,,,
DNM,KNPR,1,,,
NWR,SBD,1,,,
GMIA,DNEA,1,,,
GMIA,DMBR,1,,,
MWRN,KTHD,1,,,
ADTP,GMH,1,,,
CHKB,MRTL,1,,,
DSA,VVB,1,,,
YFP,CBN,1,,,
DINR,TCR,1,,,
RTM,RTI,1,,,
SWE,PFM,1,,,
WR,BPK,1,,,
BARL,HPU,1,,,
BNC,JTJ,1,,,
CHA,KNN,1,,,
VDA,BJW,1,,,
VDA,RNO,1,,,
SIQ,ZBD,1,,,
SIW,KRD,1,,,
NMGT,HTK,1,,,
HCP,KVG,1,,,
HCP,GANG,1,,,
BCRD,BXY,1,,,
BLG,GGJ,1,,,
LTT,PUNE,1,,,
LTD,BTD,1,,,
JRMG,KTSH,1,,,
KPTN,KPZ,1,,,
ALJN,FZD,1,,,
SKB,BDN,1,,,
SKB,JGR,1,,,
KDZ,TVI,1,,,
NDJ,ARJ,1,,,
NDJ,GCT,1,,,
NDW,PNBE,1,,,
BJW,RNO,1,,,
BJU,VPN,1,,,
BUDI,SMPA,1,,,
DHNE,HX,1,,,
DHNE,YA,1,,,
WRR,CKNI,1,,,
TNKU,KVR,1,,,
MDP,JAJ,1,,,
CSN,BFJ,1,,,
BUI,CBN,1,,,
BUI,CHR,1,,,
SOA,BJUD,1,,,
SOA,SGD,1,,,
SOP,BTP,1,,,
KHM,GKC,1,,,
KHM,SANR,1,,,
BVI,SAH,1,,,
ABLE,GPR,1,,,
GB,GKP,1,,,
KKAH,MLJ,1,,,
BTP,BRPT,1,,,
BTJ,VPO,1,,,
KJG,HVR,1,,,
KJT,CSTM,1,,,
SCI,BPL,1,,,
MNJ,SYWN,1,,,
MNF,ALD,1,,,
PBH,VPO,1,,,
GMH,KND,1,,,
GMH,CNI,1,,,
GMH,TATA,1,,,
BRC,PLJ,1,,,
KLT,PLI,1,,,
KLT,MMH,1,,,
SHNG,MFKA,1,,,
GANG,RBL,1,,,
HRG,NVG,1,,,
BPB,HJO,1,,,
BPL,KNW,1,,,
GOC,SRGM,1,,,
AJJ,JTJ,1,,,
NRM,BZG,1,,,
NRM,PHR,1,,,
PASA,DAVM,1,,,
PASA,KZTW,1,,,
DNEA,DMBR,1,,,
SGD,BJUD,1,,,
KPV,ALJ,1,,,
BNCE,SBC,1,,,
BNCE,JTJ,1,,,
JTB,GKP,1,,,
PHR,BZG,1,,,
NVG,BXY,1,,,
KRR,MMH,1,,,
LAR,BZY,1,,,
BDN,JGR,1,,,
