SSPN,DMM,60,33
SSPN,PKD,60,21
AGN,G,78,22
AGN,SKS,78,15
NYY,DAVM,20,6
NYY,TVC,20,18
AGI,NCH,24,17
AGI,NMT,24,12
NYP,GDR,104,28
NYP,SPE,104,27
AGC,DHO,126,53
AGC,MTJ,57,54
AGC,IDH,4,1
AGC,RKM,85,4
NYN,ALD,87,7
NYN,MJA,14,31
NYN,JSR,73,16
NYO,PMU,84,4
NYO,STLR,84,8
AGY,CUK,13,12
AGY,CPU,13,10
NYG,JRLI,2,15
NYG,PRNR,2,14
KOTA,DKNT,76,9
KOTA,BUDI,13,38
KOTA,GQL,89,6
KOTA,ATH,16,45
SPX,TPK,2,9
SPX,FKM,2,8
KYJ,KPY,89,14
KYJ,MVLK,55,8
KYJ,HAD,34,13
BWR,NEW,15,9
BWR,JHS,15,22
SRY,SHK,4,10
SRY,LKR,4,16
BWT,MLO,78,27
BWT,KPN,78,34
KYN,KSRA,116,67
KYN,TNA,167,20
KYN,PNVL,6,37
KYN,BIRD,36,25
KYN,NRL,93,33
KYM,DWP,139,9
KYM,RJY,139,10
SPP,MOG,12,13
SPP,MNO,12,7
SPT,MMS,106,19
SPT,IPM,106,18
KYF,NBG,9,8
KYF,JPL,9,8
KYE,BINA,20,22
KYE,JRK,50,18
KYE,MAKR,30,18
KRG,RMP,42,11
KRG,STR,42,10
SPJ,ROA,2,29
SPJ,MKPR,40,4
SPJ,UJP,75,10
SPJ,KPGM,66,6
SPK,BOJ,18,14
SPK,BFD,18,13
KRD,BVNR,42,21
KRD,SIW,42,9
SPN,BTRA,127,9
SPN,MINJ,2,44
SPN,ROZA,125,8
BWH,GMR,109,7
BWH,DLN,109,8
BWI,MLPR,50,13
BWI,SHG,50,11
KYQ,GLPT,24,122
KYQ,CGS,55,15
KYQ,GHY,68,6
SPC,SCC,2,5
SPC,ROZA,2,79
BWL,RE,43,15
BWL,HSI,43,24
BWM,GOH,76,22
BWM,JHW,76,17
BWN,GKH,60,32
BWN,KQU,108,61
BWN,BDC,74,67
BWN,KAN,122,13
KYT,CAR,54,9
KYT,ARW,54,9
UMRI,MUE,27,20
UMRI,KEK,27,16
GR,GUR,55,26
GR,SDB,55,26
GP,GPH,71,19
GP,KXN,71,9
TLHD,ANGL,39,12
TLHD,MRDL,28,15
TLHD,TLHR,11,6
BYT,BYL,84,30
BYT,HN,84,15
TRTR,MNTT,53,8
TRTR,ERS,53,9
GY,KLU,68,30
GY,RLO,25,24
GY,GTL,93,28
BYN,BEA,109,5
BYN,RPR,109,9
BYL,BSP,84,16
GD,PDR,2,35
GD,CLJ,77,28
GD,MUR,81,29
GB,CC,66,10
GB,DEOS,66,15
BYD,RNR,37,18
BYD,HVR,37,14
GK,LMP,3,35
GK,MLN,3,26
TLHR,DNKL,11,52
GH,SBZ,16,11
GH,CPJ,16,15
MAQ,MAJN,42,5
MAQ,ULL,70,9
MAQ,SL,4,29
MAP,BDY,111,12
MAP,SLY,111,24
MAS,SPE,78,83
MAS,PER,100,6
MAU,BLTR,10,35
MAU,DLR,21,21
MAU,MMA,23,21
MAU,IAA,36,8
PQE,BEHS,7,6
PQE,NLD,7,6
JNU,MIH,39,12
JNU,ZBD,39,7
MAY,JNH,6,30
MAY,ZBD,6,18
SNL,DOA,7,7
SNL,LDH,7,15
PQL,KZJ,82,8
PQL,GNP,82,12
SNK,DDE,43,19
SNK,AN,43,42
PQN,UCR,14,11
PQN,GRMR,14,7
SNI,TGP,160,9
SNI,AJNI,160,43
SNV,AJU,6,33
SNV,G,6,46
SNT,TPF,2,21
SNT,AMP,56,13
SNT,MLV,72,16
SNT,SURI,22,19
MAD,MYA,34,19
MAD,CPT,34,18
SNP,RDDE,67,10
SNP,DEE,4,46
SNP,GNU,71,16
JND,BDDR,14,28
JND,JLR,14,26
MAI,MTR,18,13
MAI,CAA,18,8
JNH,BSE,23,17
JNH,URPR,25,14
JNH,SQN,42,5
JNO,IKR,3,13
JNO,HRG,3,10
MAO,KRMI,48,40
MAO,SVM,15,16
MAO,VSG,15,28
MAO,CNO,42,45
JNL,ASR,60,19
JNL,BEAS,60,24
BEH,BMB,71,16
BEH,JSG,71,21
BEB,REJ,6,9
BEB,BPC,6,18
SVRP,BKSL,24,5
SVRP,PPT,24,9
BEA,KRS,109,12
BEG,KUF,123,8
BEG,TDP,123,7
BEY,BMH,10,6
BEY,NDL,10,34
BER,SEU,43,14
BER,AII,43,52
BSRX,LMT,12,18
BSRX,BJP,12,44
MLGH,SMPA,13,21
MLGH,CNA,13,58
VLI,FK,74,10
VLI,PGI,74,5
TTR,ASK,37,26
TTR,AMSA,37,27
GMDN,KGP,14,2
GMDN,MDN,14,11
LSI,TLWA,40,7
LSI,DBG,40,5
VLY,NNN,26,14
VLY,NPK,26,8
MPLM,KRR,42,10
MPLM,PGR,42,5
LSR,POZ,27,12
LSR,KAJG,27,10
TTL,VPT,2,21
TTL,SVKS,2,3
TTB,MXN,22,12
TTB,KXL,22,17
VLR,KPD,12,10
VLR,ARV,12,35
BIRD,PNVL,30,40
BIRD,BSR,66,27
LSX,BRPL,31,38
LSX,BLGR,31,18
ZN,RGP,82,12
ZN,PBP,82,5
KSRA,IGP,116,16
SPZ,BGZ,37,18
SPZ,ISM,37,3
GRX,BSE,23,13
GRX,DND,23,10
GRY,PHR,123,13
GRY,PGW,123,10
GRD,MMD,4,10
GRA,PNP,73,16
GRA,KUN,73,18
GRO,ET,98,11
GRO,SQL,98,8
GRL,MFP,72,26
GRL,BNR,72,9
ZW,JYM,2,23
ZW,KRCD,2,15
BSDP,NKP,106,7
BSDP,KAPG,106,10
NMM,RPAN,2,11
NMM,MJBT,2,30
NOI,JRK,50,16
NOI,SGO,50,18
NOK,DSO,32,32
NOK,NGO,32,51
KKU,JOB,97,28
KKU,JP,97,9
ARV,PRL,12,17
KKW,SNDD,50,25
KKW,NAN,50,22
KKP,GJUT,16,16
KKP,BRW,2,18
KKP,FDK,14,13
KKM,YA,25,15
KKM,HX,25,24
HLN,HAS,14,32
HLN,MGF,14,19
KKN,BRUD,123,20
KKN,HD,123,32
KKI,NRZB,32,10
KKI,UMR,32,12
TDU,VKB,32,41
TDU,NAW,32,18
KKJ,MLD,115,10
KKJ,AMG,115,8
APDJ,NCB,21,23
APDJ,HOJ,21,26
KKA,DLK,104,15
KKA,KNE,104,14
NOQ,NCB,77,19
NOQ,KAMG,75,20
KKB,SRID,98,15
KKB,NU,98,15
VAPM,KPQ,70,7
VAPM,CAN,70,7
STPD,KCG,8,5
STPD,MJF,8,4
VAPI,BLD,156,13
VAPI,UVD,156,8
BZLE,KGLE,17,27
BZLE,SALE,17,14
VBL,PVP,25,24
VBL,VZM,25,53
VBW,RAJP,50,24
VBW,NAN,50,21
PRNR,GADH,2,7
CTC,KNPR,102,4
CTC,KDRP,2,16
CTC,KIS,2,15
CTC,NRG,2,11
CTC,DNKL,37,57
CTC,BRAG,4,11
CTC,JKPR,2,64
CTC,MCS,143,21
CTO,PAK,59,30
CTO,KPD,57,32
BRJN,BPH,58,9
BRJN,JSG,58,13
MTJ,MRT,9,2
MTJ,AH,48,35
MTJ,CHJ,153,31
MTJ,DSJ,4,137
MTJ,FHT,71,22
MTJ,GDO,2,25
WHM,AK,20,79
WHM,HNL,20,47
PNDM,VRI,44,18
PNDM,ALU,44,35
ABSA,TLMR,2,29
ABSA,MANU,2,20
SID,CHP,72,14
SID,UJA,72,14
MDL,BHL,28,11
MDL,GBP,28,53
DBEC,R,102,20
DBEC,BIA,102,4
RLO,TU,25,24
LMP,STP,3,45
LMT,BGK,12,35
SPE,GPD,26,35
LMK,MAM,89,10
LMK,PPD,89,8
LMN,RBL,12,21
LMN,UCR,12,17
LMO,SVKD,2,24
LMO,DAS,2,33
LMG,DPU,28,32
LMG,MYD,6,10
LMG,LKA,30,30
DPU,DMV,28,37
MOTC,RWL,36,7
MOTC,HW,36,4
DPS,KNPS,2,20
DPS,DJHR,2,21
DPS,NOMD,4,8
DPR,SEO,65,14
DPR,NGG,65,16
MOTH,AIT,45,34
MOTH,CGN,45,24
JID,NNGE,2,49
JID,CPK,32,34
JID,DGU,30,23
MVLK,CYN,55,6
UKL,TUP,118,14
UKL,ED,118,36
DPA,JP,36,7
DPA,BNLW,36,59
SDGM,HMT,2,81
SDGM,ASV,2,5
DPL,LKN,62,5
DPL,BGS,62,13
DPJ,PCV,19,21
DPJ,OML,19,55
UKA,UDL,9,12
UKA,PAW,9,9
LD,LWR,43,34
LD,KNP,35,26
LD,CLR,15,25
KAMG,JOQ,75,8
LC,DAL,3,2
LC,BNZ,36,7
LC,ASH,3,2
LC,LJN,36,5
LM,RUR,9,27
LM,WC,9,20
BNLW,ISA,36,26
LS,NR,116,17
LS,MMR,116,25
BLPU,MK,127,7
BLPU,TSA,127,7
BLPR,KUTI,2,4
BLPR,RNGG,2,4
TPH,TLJ,22,10
TPH,BHW,22,16
ANTU,JGJ,36,8
ANTU,MFL,36,8
CLDR,HCNR,2,11
CLDR,SGDP,2,11
RDHP,DEOR,6,41
RDHP,SNLR,6,43
NLDA,CTYL,20,26
NLDA,MRGA,20,38
KWAE,NDAE,17,39
KWAE,SALE,17,17
PNP,DEC,2,94
PNP,SMK,71,17
NLDM,NNGL,4,3
NLDM,ANSB,6,20
BINA,DUA,138,35
BINA,MABA,150,18
BINA,MNV,12,28
PNW,BKSC,38,17
PNW,KSX,38,12
PNK,GOY,144,7
PNK,RURA,144,33
BKNG,RJT,16,6
BKNG,GDL,16,35
PNC,BKG,119,6
PNC,GZH,119,3
SRNR,GWD,38,12
SRNR,WPR,38,10
PNE,BHP,56,4
PNE,AMP,56,15
PND,KOI,30,11
PND,HRB,30,8
PNF,JOA,14,16
PNF,PRLI,14,36
KUDL,SNDD,50,14
KUDL,SWV,50,30
CTKT,KHTU,6,6
CTKT,DIA,6,35
SIPR,SWA,83,5
SIPR,MHH,83,3
JPG,MOP,6,6
JPG,HDB,6,22
JOP,ZBD,38,7
JOP,SKN,38,28
JOQ,GOGH,75,18
JOR,MKSR,4,32
JOR,MON,4,35
PRF,BOY,42,9
PRF,KEH,42,9
SAN,UTA,115,5
SAN,RBD,115,11
PRB,KPP,54,15
PRB,SEH,54,14
SAC,GWL,2,18
SAC,MLAR,2,7
PRL,TNM,12,31
SAA,AMH,23,13
SAA,MMA,23,9
MUR,MSW,83,14
MUR,NGB,10,21
SAG,DUI,21,16
SAG,SFM,21,12
PRH,EE,125,2
PRH,NZD,125,17
NGR,SVHE,24,13
NGR,GDG,24,23
PRT,VM,27,20
PRT,TDPR,27,23
JOB,HDA,97,10
JOC,BURN,17,33
JOC,ANR,17,13
PRP,TKN,77,13
PRP,GAP,77,12
PRR,BBM,37,31
PRR,BKSC,8,64
PRR,GUG,2,29
PRR,ANR,31,26
BLW,CNK,68,7
BLW,RSI,68,9
SAP,PGRL,20,32
SAP,GNT,20,42
SAW,SQN,42,10
SAW,MOF,42,7
SAV,BSL,115,16
SAV,NB,115,9
SAU,ABD,103,12
SAU,CE,103,11
NRKR,PAR,103,18
NRKR,KATL,99,25
NRKR,CNDB,4,95
SNF,BMT,38,4
SNF,LPI,38,14
GRRU,RFJ,79,16
GRRU,GAYA,79,22
CHE,TIU,106,19
CHE,DUSI,106,6
JNR,KML,6,20
JNR,SMI,6,25
MRT,HTC,9,40
CHI,KHED,50,41
CHI,SVX,50,26
JAT,BBMN,66,9
JAT,RMJK,8,44
SKTN,KRSL,4,10
MRR,RJG,64,12
MRR,CTR,64,7
KASR,KUR,69,11
KASR,DEG,69,5
MRL,NVS,168,9
MRL,SCH,168,7
JAO,NLI,21,20
JAO,DOD,21,17
CHR,PEP,21,11
CHR,RSR,21,11
JAM,HAPA,44,9
JAM,KNLS,26,27
JAM,LPJ,12,43
JAJ,STL,96,19
JAJ,GHR,94,11
CHV,NLE,70,5
CHV,TKQ,70,8
MRK,DKD,10,24
MRK,TLU,10,13
MRE,BMU,102,9
MRE,SYWN,102,4
CHZ,BG,80,34
CHZ,MLY,80,7
MRG,DBY,2,13
MRG,LEDO,2,8
MRA,DHO,126,27
MRA,BAO,126,19
MRB,KBL,18,22
MRB,HPT,18,6
JAA,MURI,40,13
JAA,KSX,40,11
BRKA,BHKD,23,12
BRKA,ARGD,10,4
BRKA,RMT,13,5
BTKP,ATE,16,22
BTKP,CKTD,16,15
DBA,GWL,130,42
DBA,SOR,130,19
VSKP,SCM,119,8
VSKP,DVD,127,18
DBB,GUP,2,6
DBD,MOZ,39,24
DBD,TPZ,8,28
DBD,SRE,31,34
DBG,KKHT,14,7
DBG,KML,6,23
DBY,MJN,2,26
SNN,BPK,9,7
SNN,HGT,9,17
API,DG,2,10
API,ODC,2,23
APN,VGE,7,19
APN,SXT,7,8
DBR,BRG,104,16
DBR,MKP,104,23
DBU,GBD,60,39
DBU,YNK,60,21
ATP,KLU,68,27
ATP,DMM,68,34
VNUP,NDKD,20,18
VNUP,MRGA,20,20
THVM,KRMI,48,25
THVM,PERN,48,15
RPRD,NRLR,29,7
RPRD,KSNG,29,16
TKG,TBR,2,6
TKG,GAGA,2,12
TKD,OKA,153,7
TKD,FDB,153,10
TKE,BDVT,8,20
TKE,RRB,8,24
HMY,TBH,2,18
HMY,NLP,2,29
NLV,KTCH,53,10
NLV,RNY,53,17
TKN,GAYA,77,19
TKJ,ANVR,67,11
TKJ,NZM,66,4
TKJ,CSB,133,1
JNA,JIND,29,25
JNA,ROK,29,32
TKH,JRG,2,6
TKH,ROP,2,6
HML,VNE,2,32
HML,GPZ,2,19
NLE,KZE,70,10
NLD,SILO,7,5
KUGT,MANU,2,21
KUGT,PEC,2,10
TKQ,PAY,70,6
NLI,RTM,21,13
HMG,BHL,6,18
HMG,GGR,6,14
DLB,POZ,27,9
DLB,AWB,27,13
MAG,NBR,26,11
MAG,NGNT,164,18
MAG,KCC,190,7
AFK,DINR,128,13
AFK,AWY,128,9
DLK,TETA,104,8
GCH,MKN,32,29
GCH,DNA,32,15
DLI,ATT,2,472
DLI,DSA,87,6
DLI,DKZ,10,3
DLI,DEE,35,4
DLI,SZM,31,3
SNQ,MUW,98,8
SNQ,JSME,98,9
DLO,HSA,21,25
DLO,BNV,21,9
DLN,ZNA,109,14
DLR,JKN,21,9
DLQ,BLM,115,8
DLQ,UTA,115,7
DGA,ATNR,84,6
DGA,STLR,84,4
HPU,MTC,6,30
HPU,SMBL,76,21
HPU,PKW,71,11
HPU,HZR,4,9
AFR,DUB,16,10
AFR,CH,16,14
DGG,RJN,78,31
DGG,SKS,78,36
KXH,SQR,6,25
KXH,JUC,6,20
BTT,DEOS,66,20
BTT,BHTR,49,13
BTT,SRU,25,11
BTW,UMD,10,36
BTW,KWV,10,38
BTV,BHC,108,31
BTV,KRIH,108,7
BTQ,KCV,2,11
BTQ,JOL,2,6
BTP,SOP,1,13
BTP,PDRD,71,5
BTP,BRPT,70,6
BTS,ROP,106,10
BTS,ARD,106,6
MAM,DHD,89,24
BTY,DEB,6,12
BTY,KNJ,6,28
BTX,HPP,15,23
BTX,KLAR,15,8
SSR,BJNR,2,26
SSR,BHL,2,40
SSM,DOS,82,17
SSM,KTQ,82,26
BTD,RUR,9,22
BTD,SRGT,2,75
BTD,LTD,12,11
AJNI,NGP,160,3
BTA,SDE,109,4
BTA,PAIL,109,6
SNX,KTW,6,10
SNX,NBD,6,15
BTC,SMC,2,16
BTO,NRS,107,13
BTO,BE,107,19
MAN,BJD,177,13
MAN,ADI,177,3
BTI,MAUR,12,34
BTI,GDB,13,28
BTI,GNA,16,12
BTI,BCU,12,17
BTI,BTIC,3,8
BTI,RMN,4,29
BTI,SGF,10,17
BTH,MJL,16,9
BTH,CAI,16,17
BTK,MW,49,6
BTK,BHTR,49,8
SSB,MGLP,37,4
SSB,DKZ,33,7
SSB,DEE,4,8
KKLR,AKVD,20,17
KKLR,MDVL,20,7
PGTN,PGT,2,5
KMME,DHN,82,39
KMME,BRR,82,3
RMR,GWS,8,16
RMP,TAZ,42,11
RMT,MURI,13,53
RMU,NRS,107,32
RMU,BLQR,10,27
RMU,MIL,6,23
RMU,MB,115,28
LNT,PMKT,8,20
LNT,KAYR,8,25
TSI,SCT,2,8
TSI,KDNL,2,16
SEE,PMU,84,7
SEE,HJP,84,6
LNR,MEP,76,11
LNR,VMA,76,12
RMB,LHU,10,20
RMB,SDLP,10,29
LNL,TGN,99,29
LNL,KAD,99,4
RMA,JHW,76,12
RMA,MKX,76,10
RMF,MQX,19,11
RMF,NUQ,19,12
BGVN,DD,69,27
BGVN,JEUR,69,47
LNK,SQR,6,6
LNK,MQS,2,20
LNK,MXH,8,24
TETA,SUD,104,9
KGLE,AZ,17,15
RMN,KNL,4,14
RMM,PBM,16,11
BBN,BJMD,4,9
BBM,CNI,37,22
NMGY,GLGT,2,16
NMGY,KUTI,2,2
BBK,GTNR,36,20
BBK,SGJ,50,18
BBK,BUW,71,28
BBK,SFH,85,7
KJG,YLG,37,22
KJG,HVR,37,7
KJH,AHA,42,8
KJH,UREN,42,4
KJI,JYG,14,13
KJI,RJA,14,9
KJN,BLU,13,25
KJN,GHJ,13,22
BBA,RG,4,6
BBA,BJ,4,27
KJM,BNCE,8,7
KJM,BAND,30,8
KJM,BNC,36,9
KJM,WFD,78,9
KJM,YNK,4,16
KJT,CHOK,6,11
KJT,NRL,93,13
KJT,KAD,99,25
BBU,DGO,82,9
BBU,PSE,82,12
KJY,KRJ,3,7
KJY,MOM,3,9
BBS,MCS,143,7
BBS,BRAG,4,17
BBS,KUR,159,19
BSQP,MNP,94,6
BSQP,KIUL,94,8
MDNR,MTC,38,20
MDNR,GUH,1,18
MDNR,MUD,37,10
TUP,PLMD,118,41
VMD,KVM,6,5
VMD,PAV,6,7
MBNL,MON,4,28
MBNL,RNV,4,32
TUV,MLTR,2,6
TUV,VNB,2,9
DNKL,MRDL,28,33
DNKL,JJKR,2,105
MDDP,HBJ,156,16
MDDP,ODG,156,14
TUL,SSIA,8,7
TUL,CNI,8,37
MBNR,JCL,38,18
MBNR,WPR,38,53
TUN,NRW,29,26
TUN,JHL,29,12
TUA,KTU,76,7
TUA,TIR,76,8
BWIP,DPUR,2,12
BWIP,JNRD,2,25
KRND,SMZ,23,10
KRND,SHG,23,21
DRLA,MUT,39,12
DRLA,KAT,39,17
KPNA,NIA,67,7
KPNA,AKT,67,8
KRNR,MYS,14,34
KRNR,MGF,14,35
BEHS,SOW,7,4
BEHR,MWJ,12,46
BEHR,VST,4,30
BEHR,KMZ,8,111
ANSB,KART,6,8
PDY,VM,16,37
TKRI,RGDA,6,89
TKRI,SGRM,8,9
TKRI,RUL,2,13
POT,AUB,2,5
POT,TBR,2,9
JAIS,FTG,36,10
JAIS,KCJ,36,2
BET,KAH,150,10
BET,BAQ,150,10
FYZ,RUB,102,9
FYZ,FTP,102,11
SLH,R,84,23
SLH,TLD,84,15
CYN,CNGR,55,6
SKGH,CAR,13,21
SKGH,LUSA,13,20
FKM,KOJ,77,10
FKM,CROA,75,12
FKA,LKW,2,31
FKG,BXP,24,24
FKG,GLGT,2,7
FKG,KXL,22,9
DHG,HVD,20,31
DHG,VG,20,66
CWA,GNW,3,14
SMET,ANF,6,55
SMET,SME,8,3
WKI,SRR,124,16
WKI,PNQ,124,14
QSR,RWL,32,11
QSR,DWO,32,10
WKR,MVI,4,29
WKR,DL,72,12
WKR,RJT,68,42
PAP,GLP,127,6
PAP,SLO,127,12
AGTL,JGNR,2,4
PAR,MTY,103,41
PAU,NED,43,30
PAU,PBN,29,28
PAU,BMF,20,23
PAV,CLU,6,6
CKB,ISA,36,18
CKB,SWM,36,21
PAY,ELM,70,5
PAZ,KPQ,70,8
PAZ,ELM,70,7
CKI,IJK,128,7
CKI,DINR,128,2
CKK,BNSA,2,8
CKK,KHMA,2,7
CKU,HIJ,8,68
CKU,GTS,56,30
CKU,JGM,48,29
KATI,DSPN,14,29
KATI,RMRB,14,24
DRZ,BXA,2,25
PAD,BL,156,10
PAD,UVD,156,6
CKP,MURI,2,132
CKP,CBSA,2,41
CKP,SWR,48,21
CKP,RKSN,46,20
CKR,RBG,35,14
CKR,GPB,35,15
PAK,PIL,8,41
PAK,TPTY,63,42
KHTU,DNA,6,25
PAN,DGR,122,16
PAN,MNAE,122,10
PAO,AKV,194,10
PAO,KSB,194,8
AWY,IPL,128,11
BMCK,THV,31,19
BMCK,MNGD,31,17
PNYA,KZA,16,6
PNYA,BUG,16,23
AWR,DEEG,2,82
AWR,KRH,43,26
AWR,MKH,47,19
AMSA,TK,37,44
DCA,BXK,6,8
DCA,CNE,6,9
MQS,NRO,2,12
MQR,SEM,32,13
MQR,CT,32,9
MQU,KZK,70,8
MQU,CRY,70,8
MQX,GHQ,19,11
AWB,MKDD,27,6
SGNR,ABS,13,53
SGNR,KESR,2,25
SGNR,SDS,2,30
UJP,NAZJ,75,6
UJN,TAN,78,31
UJN,VRG,53,6
UJN,NAD,52,55
DQG,FLK,58,22
DQG,NMX,58,21
GRCP,LJR,2,9
GRCP,DPUR,2,9
DQN,BLDI,4,35
DQN,RNV,4,35
UJA,MSH,72,22
SGLA,PVR,4,29
SGLA,DLGN,4,46
ANAS,BIO,89,7
ANAS,MGN,89,15
PLCJ,RDRA,9,46
PLCJ,LGH,2,158
PLCJ,BKN,2,162
PLCJ,MWT,9,29
ALMR,NGA,12,8
ALMR,UJ,12,6
BLQR,RUPC,10,18
CCH,TGN,97,18
CCH,PMP,97,2
KPP,SJP,54,13
GBD,HUP,60,24
DMC,GOM,2,26
DMC,SPTR,1,23
OBVP,PMT,25,11
OBVP,KOU,25,13
GBA,VSU,28,25
GBA,CDGR,28,12
DMM,KRY,8,67
DMN,PLO,75,20
DMN,AMI,2,55
DMN,CND,73,17
DMO,PHA,50,27
DMO,KMZ,24,110
DMO,BNU,24,15
DMP,KMTI,4,6
DMP,KLK,4,33
DMR,CBZ,2,13
DMR,PEC,2,22
DMV,BXJ,24,14
DMW,LLJ,2,14
DMW,JPD,2,13
JEUR,KEM,69,17
ITA,VS,194,15
ITA,MYG,194,12
GBX,HTE,20,41
GBX,PKF,20,20
BUX,TAE,96,9
BUX,MJRI,96,10
BUP,KPRD,44,5
BUP,RPUR,44,4
BUQ,HBG,2,26
BUQ,SKY,2,26
FDN,BVH,153,4
FDN,FDB,153,4
BUW,TSF,6,22
BUW,JLD,77,15
BUT,BLT,8,50
BUT,UTL,8,36
DRD,VGN,156,13
DRD,GVD,156,11
BUH,AAL,32,8
BUH,SNGP,32,13
PRLI,GNH,14,30
BLT,SMR,8,33
BUA,CPH,60,15
BUA,SKT,60,15
BUG,BRU,16,18
RNPR,CRJ,81,4
RNPR,STN,81,12
RDUM,BRYA,80,6
RDUM,HTZ,80,5
KPRD,SGG,44,13
JMKT,OPL,107,12
JMKT,BGSF,107,7
ZB,VKB,12,60
ZB,BIDR,12,31
MOZ,KAT,39,22
JLW,KTES,8,14
JLW,RPD,8,12
KURJ,MBA,6,64
JLS,HRS,96,20
JLS,TDL,96,28
JLR,NUD,16,6
JLR,UA,2,32
BRVR,MHAD,1,11
BRVR,SHF,1,7
MOR,PHK,112,8
MOR,MKA,112,7
ACND,AY,52,4
ACND,FD,52,3
PSA,PUN,106,12
PSA,MMS,106,13
MOU,GOL,48,27
MOU,BZR,3,26
MOU,JRA,45,11
MOT,GDB,13,16
MOT,ABS,13,30
JLD,CLJ,77,17
MOI,NANA,70,13
MOI,JWB,70,9
MOO,YA,25,17
MOO,KDP,25,25
MOM,BSC,3,7
MOL,SUNR,72,21
MOL,THAN,72,26
PSR,MSK,57,13
PSR,NNR,57,12
JLL,SIQ,71,6
JLL,KSF,71,11
NRLR,LJR,29,11
JLN,DUA,138,11
JLN,LAR,138,17
MOG,VPDA,12,10
MOF,BOY,42,8
HNA,MRDW,46,37
HNA,KT,46,19
ETP,VGE,7,7
ETP,ATU,7,16
KMD,URL,42,6
KMD,PGR,42,12
BCH,MKC,54,19
BCH,KSH,54,12
ETW,JGR,144,16
ETW,BNT,144,20
OMLF,ADF,70,7
OMLF,MLDT,70,6
DO,BKI,74,29
DO,BAI,74,29
BPC,CSZ,6,4
AKT,KTSH,67,6
BSPX,JRLI,2,9
BSPX,MMVR,2,9
KMU,PML,22,15
KMU,ADT,22,11
KMT,BKL,116,29
KMT,DKJ,116,22
KMS,SYJ,82,8
KMS,DGO,82,12
BCY,SRNT,45,7
BCY,BSB,45,4
KMQ,KGQ,70,12
KMQ,UAA,70,10
KPI,ORAI,45,34
KPI,PHN,45,14
BCT,DDR,23,6
BCT,ADH,2,18
BCU,PUL,12,16
BSPR,KTO,2,39
BSPR,ABKP,2,20
KMZ,CHD,16,39
ETM,PVRD,53,21
ETM,KTYM,53,10
VRR,NUD,16,14
VRR,GTT,16,3
TORI,LTHR,23,32
TORI,MGME,23,22
TVP,KZK,70,10
TVP,TVC,70,3
TVR,NGT,9,23
TVR,PEM,7,23
TVR,NMJ,6,24
TVL,IDR,12,24
TVL,HG,12,20
VRG,KDHA,53,12
DG,ABI,66,11
DG,MPA,68,58
VRI,CHSM,7,51
VRI,VM,51,55
VRH,RKSH,4,5
VRH,RWL,4,6
SWC,ATE,2,28
SWC,CKTD,2,9
TVC,NJT,6,66
VRL,SMNH,6,5
VRL,CVR,14,19
SRC,ULB,126,24
SRC,SHM,24,5
SRC,HWH,91,7
CI,CPR,84,2
CI,GJH,84,9
CH,RJK,18,20
CH,BJ,4,16
CH,SCC,2,226
SRF,TLGP,6,16
SRF,ANF,6,26
SRE,JUD,68,30
SRE,RK,70,35
CC,SANR,66,5
RDDE,NUR,67,7
SRO,KGA,102,25
SRO,SJT,102,9
CE,JKA,103,14
CD,TAE,96,15
CD,BUPH,96,5
SRR,OTP,96,13
SRR,PTB,76,11
SRR,VPZ,2,10
MYA,PANP,34,26
SRP,SHE,33,2
SRP,HWH,33,19
SRW,KESR,2,22
SRW,GJS,2,20
SRT,VPT,49,27
SRT,CVP,49,21
SRU,LRD,25,9
NGAN,SCE,2,7
NGAN,AONI,2,26
ADIJ,ASV,1,2
SORO,MKO,108,14
SORO,BLS,108,33
CW,DDA,49,8
CW,EKMA,49,7
CT,HLKT,12,15
CT,WADI,20,15
BPQ,GNVR,96,5
BPQ,CAF,6,11
BPQ,MAGH,103,10
NMT,SLGR,24,14
TDO,DZA,63,15
TDO,JUC,63,42
TDN,TMQ,49,11
TDN,MDU,49,7
TDL,RKM,14,25
TDL,FZD,146,17
TDL,AF,40,22
HLX,BHZ,6,5
HLX,SQF,6,5
NMZ,SGUJ,21,48
NMZ,BNV,21,45
NMX,JPE,58,11
TDD,NDD,125,19
TDD,BMD,125,28
BTTR,NLR,174,34
BTTR,KVZ,174,17
SBPY,RAIR,8,65
SBPY,RGL,8,19
TDP,AJI,123,8
NMJ,TJ,8,30
NMJ,MQ,6,14
NMK,SMPR,6,37
NMK,NNL,6,50
NMH,MLG,22,25
NMH,JWO,22,16
PBKS,SNKL,2,12
PBKS,KDNL,2,9
BGUA,DMNJ,8,15
BGUA,KKGM,8,12
CVR,MLHA,14,12
CVP,KDU,49,22
PDKN,NBR,26,3
PDKN,GNT,26,6
VARD,KTYM,2,25
VARD,ERS,2,35
PDKT,CTND,16,25
PDKT,TPJ,16,53
FHT,RKM,71,28
SDGH,SDF,6,24
SDGH,RJR,6,46
JYM,DNRP,2,52
KKAH,MLJ,46,8
KKAH,NHN,46,7
QRP,AHH,79,9
QRP,LDH,79,18
KTMA,APR,2,32
KTMA,BJRI,2,15
GADJ,GTJT,74,6
GADJ,JP,74,5
WJR,MCN,90,8
WJR,SHU,90,15
VG,LTR,72,45
VG,SRGT,2,65
VG,JVN,9,68
VG,JKA,103,12
KMNR,UDGR,10,19
KMNR,BHLK,10,24
HPP,MRPR,15,21
VM,TRK,12,34
VM,TMV,70,37
VN,AB,141,16
VN,JTJ,141,15
HPT,TNGL,18,33
VR,SAH,156,17
VR,BSR,156,8
VS,BRC,194,3
VV,RKD,25,7
VV,GRMT,25,3
KMNC,MKN,32,14
KMNC,NAC,32,16
RJT,PDH,53,25
RJR,RTGH,6,18
RJP,PMT,25,10
RJP,NRE,25,11
RJY,GVN,139,4
RJG,PKR,64,12
CNDB,NAVI,4,37
RJA,MBI,14,10
RJO,DKGS,77,4
RJO,HTZU,77,2
RJN,DURG,78,30
CNDM,CDG,11,14
CNDM,KLK,11,24
RJK,MB,18,24
WDA,DJA,6,5
WDA,MBG,6,6
SIHO,SLT,66,6
SIHO,DOL,66,7
DRU,ASK,45,39
DRU,RRB,45,6
WDM,DXN,19,22
WDM,NUQ,19,12
DRI,BAGL,84,4
DRI,GJH,84,5
DRH,MSDN,42,6
DRH,DRTP,42,6
WDR,MZL,26,6
WDR,MED,26,38
DRL,KRSA,89,13
DRL,CPN,89,12
KRSL,ANPR,4,11
KRSA,GDA,89,10
THAN,DL,72,15
CTR,NHT,64,9
BLND,JUC,4,11
BLND,KUPR,4,11
BANE,JU,34,7
BANE,LUNI,34,25
AYRN,DES,12,9
AYRN,HJP,12,11
ALLP,MAKM,41,13
ALLP,AMPA,34,12
RXL,RGH,6,14
RXL,BGU,6,54
BGKT,JU,7,4
BGKT,LUNI,11,28
BGKT,MBF,1,325
KWV,MLB,4,22
KWV,KEM,69,18
KWV,MA,63,16
SVHE,UBL,24,23
KRAR,NPD,24,12
KRAR,BGBR,24,20
SMPA,BUDI,13,47
MMVR,DJHR,2,3
SMPR,RGS,6,10
KTHU,MDPB,66,8
KTHU,BDHY,66,13
KHED,VEER,50,72
SRPJ,SOH,70,19
SRPJ,ABR,70,25
HX,NRE,25,39
URGA,KRBA,7,8
URGA,SRBA,7,6
PAIL,KWR,109,2
DHN,KTH,32,13
DHN,SDBH,2,21
DHN,TET,50,9
RDRA,POK,9,10
HP,SEU,43,20
HP,SOD,43,33
SWR,GOL,48,13
HW,JWP,56,4
SURI,DGR,13,70
SURI,DUJ,9,19
HN,TLD,84,11
HG,AKOR,4,20
HG,SUR,12,15
HD,TBN,123,15
MLG,PIP,22,8
SCM,KTV,119,18
SCL,ARCL,4,6
SCI,BHS,150,9
SCI,SMT,150,8
GOK,ANKL,46,11
GOK,KT,46,27
PTH,DYD,50,9
PTH,RDL,50,15
MNP,BFM,94,5
MNQ,BGQ,2,14
MNQ,SKB,2,48
JMP,RPUR,44,7
JMP,DRTP,42,6
JMV,AMLA,3,14
JMV,BCRD,3,6
PTB,KTU,76,19
PTA,NBA,73,26
PTA,RPJ,73,25
JMU,BFM,94,9
JMU,CUX,94,8
MNI,ROHA,50,42
MNI,VEER,50,24
MNJ,BRE,102,8
MNJ,SYWN,102,8
MNM,APK,2,44
MNM,SVGA,14,21
MNM,PMK,16,24
MNM,MDU,6,47
MNO,DES,12,10
PTU,SELU,27,28
PTU,J,27,45
SCQ,NAS,4,8
SCQ,KUPR,4,6
MNE,BHB,11,8
MNE,MSK,57,10
MNE,KGG,64,9
MNF,BDL,45,28
MNF,MJA,45,16
SLW,RDL,50,23
SLW,FD,50,15
CJN,ADRA,2,39
CJN,BQA,2,14
PBP,ALER,82,9
CJM,VTM,174,13
CJM,ANB,174,14
MLN,PP,5,32
MLN,BIK,2,16
SRBA,MWRN,7,6
KEPR,LBA,38,17
KEPR,HRPG,38,10
MABD,KDM,118,15
MABD,GLA,118,20
MLO,WFD,78,20
PBE,PP,5,35
PBE,BPR,4,39
PBE,MJZ,2,25
SUNR,LTR,72,21
DHA,SLD,109,14
DHA,ZNA,109,12
PBM,MMM,16,7
PBL,BPRD,53,21
PBL,TIHU,53,10
PBN,GNH,14,34
PBN,MVO,27,28
PBH,DND,23,14
PBH,SLN,4,40
PBH,VPO,10,5
PBH,CIL,36,4
RWTB,ULG,2,12
RWTB,MJBT,2,9
MPA,TPJ,68,37
CDMR,MGS,82,15
CDMR,SYJ,82,8
MPL,MCU,8,40
MPL,KCI,8,27
AMPA,HAD,34,18
MLP,HLAR,10,17
MLP,GDG,10,31
BPRD,SBE,53,8
AVN,AJJ,90,11
AVN,SHU,90,10
MPU,SLO,139,9
MPU,BVL,139,8
AVD,TRL,105,21
AVD,PER,105,15
GOY,CNB,193,2
GOY,BZM,49,12
BTIC,PUL,3,24
BPRH,CPH,7,9
BPRH,KTHD,7,6
MPY,AKN,44,5
MPY,NAT,44,5
SUD,BOE,104,12
SUA,KGP,48,23
SUA,JGM,48,16
DHW,GSP,7,13
DHW,BAT,7,19
SUR,MO,63,34
SUR,AKOR,51,35
DEEG,GDO,2,16
KWE,AZR,13,8
KWE,LAV,13,12
MLY,SC,80,6
TEL,TSR,174,12
TEL,DIG,6,9
TEL,NGNT,164,25
TEL,GNT,8,26
TEN,NNN,26,28
TEN,NJT,6,79
TEN,SDNR,2,16
TEN,MEJ,39,29
TEA,NDU,12,7
TEA,NDW,12,5
NBQ,BSGN,77,12
NBQ,JPZ,24,33
NBQ,BNGN,53,2
AJE,AI,16,7
AJE,BHUJ,16,42
NBI,BTE,27,28
NBI,KL,27,17
NBH,COR,22,29
NBH,JWO,22,11
NBL,IDR,12,14
NBL,BJP,12,37
NBA,DUI,73,27
NBG,BSYA,9,8
NBD,MZM,7,11
NBD,NGG,65,22
NBD,CNK,64,18
BRWD,KCKI,26,12
BRWD,CPDR,23,10
ADT,KTM,22,11
GMH,KND,45,11
GMH,ADTP,45,6
GMO,TET,50,20
GMO,PNME,77,18
GMO,TELO,24,9
GMO,MHQ,4,20
ADQ,NAK,2,13
ADQ,GAGA,2,9
DNM,KNPR,102,32
DNM,JJKR,102,36
DNN,GSP,7,12
DNN,PTK,7,24
GMD,BGTA,98,13
GMD,SGP,98,10
ADF,EKI,70,7
DNT,JER,106,16
DNT,BLDA,106,17
ADB,KNVT,10,67
ADB,PMKT,8,21
DNR,NEO,109,5
DNR,PWS,131,4
GMS,GJL,76,21
GMS,SMBL,76,9
GMR,CSA,109,10
ADH,BDTS,59,6
ADH,BVI,61,12
NAZJ,DSS,75,8
BRZ,JHL,12,14
BRZ,BLZ,12,15
KZT,KZTW,20,3
KZT,PYD,20,7
BRW,MKS,2,14
BRU,HIR,16,8
KZY,TCN,2,8
KZY,ANY,2,2
BRS,SDL,32,37
BRS,NRZB,32,7
BRR,ULT,82,3
KZB,ANY,2,6
KZB,NZT,2,7
GTNR,BNZ,36,4
KZA,SBZ,16,15
BRK,PDR,2,25
BRK,RS,2,14
BRH,KTO,2,17
BRH,BJRI,2,52
KZJ,HSP,107,12
KZJ,WL,118,10
SCKR,BKH,98,17
SCKR,GAR,98,14
BRE,SJT,102,10
BRD,TMR,77,18
BRD,KP,77,48
BRC,BJW,177,8
BRC,SMLA,89,27
TWB,MOGA,2,24
TWB,FZR,2,31
TWG,DURE,109,7
TWG,RPR,109,9
JPD,UCR,2,18
DISA,BLDI,6,18
DISA,PNU,6,27
SEB,DOS,14,5
SEB,ANH,7,16
SEB,AUBR,7,11
VRB,SLI,42,2
VRB,MRJ,42,5
DEB,PLY,6,10
BHKD,PTRU,23,8
TLKH,AME,36,8
TLKH,GNG,36,5
RKD,HTK,25,7
WIRR,VHGN,103,9
WIRR,MKDI,103,13
RKB,MDB,3,7
RKB,JU,50,2
RKB,MMY,2,31
RKB,PPR,45,45
KLD,MND,83,15
KLD,MHH,83,8
KLG,PPO,71,8
KLG,KXN,71,7
KLB,FTS,22,12
KLB,IDH,22,22
AMH,SMZ,23,25
KLL,GNC,64,20
KLL,SBT,8,20
KLL,MSH,72,42
HOJ,HSA,21,9
KLJ,GHJ,13,19
KLJ,FGR,13,13
KLT,MMH,44,13
KLT,PLI,44,9
KLP,PKR,6,12
KLP,BHW,6,14
GOGH,CROA,75,11
PTK,BHRL,66,3
PTK,PTKC,63,4
PTJ,PGT,94,49
PTJ,CBE,94,6
VST,MFQ,4,20
VSU,ODM,28,14
DSPN,TMZ,14,32
SCE,CPK,2,20
ASAF,RECH,105,14
ASAF,SKZR,105,14
BLAX,DWX,53,14
BLAX,MGG,53,11
AMB,LJR,31,13
AMB,MNGD,31,25
SVKS,SVPR,2,17
AME,MFL,36,6
HCNR,NKW,2,11
OYR,DGR,30,9
OYR,UDL,30,7
SHSK,HEM,10,23
SHSK,BHBK,10,45
LTRR,JOA,14,11
LTRR,LUR,8,33
LTRR,UDGR,10,33
SVKD,RLA,2,38
MNV,PIA,28,20
MNV,MAKR,16,30
RYS,BE,115,11
RYS,PMR,115,9
RYP,KI,116,6
RYP,BZA,116,12
RBGJ,CUK,13,5
RBGJ,LUSA,13,35
JMK,HJI,30,16
JMK,KWM,30,11
BWSN,GGN,55,7
BWSN,PM,55,6
HTZU,BRYA,44,11
HTZU,MKA,33,9
SMQL,BTU,2,39
SMQL,TPZ,2,63
STKT,QLN,87,20
STKT,KPY,87,7
KHDB,GNC,2,13
KHDB,CLDY,2,10
NLKR,TRR,73,4
NLKR,KKDE,73,17
BGTA,SQL,98,8
VAK,KVU,70,9
VAK,PVU,70,11
WANI,MJRI,8,13
WANI,KAYR,8,21
NWB,SGAM,12,29
NWB,MWJ,12,17
GMIA,BKRO,10,5
GMIA,DMBR,10,7
VAA,BJE,4,11
VAA,MHQ,4,20
MWRN,KTHD,7,4
LHU,MHRG,10,41
ADTP,TATA,46,5
ADTP,SINI,1,22
DLGN,KVK,4,16
BGQ,FBD,2,44
MND,BST,83,15
TAPA,PUL,15,13
TAPA,BNN,15,19
JJKR,KIS,2,57
JJKR,KRIH,108,5
JJKR,NRG,2,61
JMD,BFJ,1,7
JMD,RM,1,9
RASP,SA,2,25
RASP,NMKL,2,26
BGU,SMI,6,29
PCZ,KRA,2,8
PCZ,DKJ,2,7
RLA,MHV,2,31
PCV,HSRA,19,71
CMA,MXN,2,10
CMA,JTTN,2,7
SV,ZRDE,49,11
SV,DDA,49,17
PCH,GKK,35,17
PCH,BGM,35,36
PCN,AGR,89,9
PCN,THDR,89,14
KCVL,QLN,19,58
CMU,THUR,76,14
CMU,SVA,76,16
ST,UDN,197,4
ST,SYN,194,13
BGZ,NNO,37,13
MAUR,KTKL,12,7
PBR,RWO,14,14
SGRL,KRLR,15,14
SGRL,BRGW,12,20
SGRM,LKMR,8,12
SGRA,DABN,10,10
SGRA,MNSR,10,15
MKDD,BDU,27,37
ABFC,NJP,63,8
ABFC,BLK,63,10
SL,MULK,44,12
SL,MAJN,40,23
DSS,STJT,75,5
DSO,BKN,32,33
MAGH,VHGN,103,9
DSJ,DEE,2,16
DSJ,UMB,2,210
GRMT,KOP,25,4
GRMP,BNDP,4,12
GRMP,MLNH,4,9
GRMR,KHNM,14,12
DSA,BTU,2,49
DSA,VVB,85,3
NDAE,ABKA,17,23
MA,MO,63,29
MB,KNT,65,29
MB,AMRO,73,31
MB,PLS,10,20
RWH,JTTN,2,6
RWH,BLMR,2,8
ML,LKO,85,12
ML,JRR,85,6
PLMD,CBF,118,7
MK,TLH,127,10
MJ,SOS,70,28
MJ,SOD,43,21
MJ,PMY,33,30
OKA,NZM,153,4
MW,ZRDE,49,11
MV,KTM,22,8
MV,VDL,27,14
MV,PEM,7,16
UHR,MYR,104,14
UHR,STA,104,21
MS,GPD,26,52
MS,MBM,66,7
MS,PER,5,11
GLH,BARL,4,10
GLH,HZR,4,10
DOL,DUBH,66,6
GLA,DKJ,118,5
AKP,DVD,127,16
AKP,NASP,2,16
AKP,YLM,125,24
BRPL,DJX,2,14
BRPL,BRGA,33,19
AKV,BH,194,9
DOD,DLD,21,19
DOE,GSPR,112,10
DOE,ADTL,112,9
AKJ,NHH,43,13
AKJ,HGH,43,19
BRPT,BSB,70,12
AKN,SGG,44,10
CAPE,NCJ,18,16
GLP,ANV,127,19
DOS,ANH,2,22
DOS,AUBR,72,16
AKE,MZL,26,10
AKE,KMC,26,27
AKD,SJP,54,13
AKD,KSH,54,18
PVRD,MNTT,53,11
HKG,SBP,33,7
HKG,ATS,33,18
MHAD,DHI,1,3
BSZ,HAR,4,24
BSZ,RGU,4,17
BST,BV,83,31
KKHT,TRS,14,6
BSR,BVI,90,18
BSL,JL,186,25
BSL,VNA,73,12
BSI,GKJ,2,12
BSI,TPK,2,18
BSB,MUV,96,4
BSB,KEI,34,5
BSB,CHH,42,16
BSB,MGS,118,16
BSB,SOP,1,6
BSC,BARL,4,12
AUB,NJP,100,57
AUB,KNE,102,31
NZB,KMC,26,52
NZB,BSX,26,29
BDWS,KLRS,10,27
BDWS,GUNA,10,49
SBR,NAC,32,28
SBR,FL,32,7
SBP,RAIR,6,71
SBP,SBPD,34,2
SBP,RGL,20,22
SBV,KFA,11,7
SBV,SBM,11,7
SBT,CLDY,105,5
SBT,ADI,113,5
PUK,IJK,128,10
PUK,TCR,128,14
JJR,NIRA,42,27
JJR,ABLE,42,17
MMR,NGN,151,25
MMR,YL,55,28
MMR,ANK,25,15
SBB,GZB,178,7
SBB,ANVR,67,5
SBB,NZM,26,16
SBB,VVB,85,4
MML,BRGT,98,13
MML,JBP,98,4
JJK,RURA,144,19
JJK,PHD,144,20
SBG,SLJ,22,8
SBG,MZC,24,16
MMK,MLMR,70,10
MMK,CGL,70,25
SBE,BJF,53,19
MME,NAB,6,66
MME,CAF,6,41
MMD,JGD,4,15
SBI,GNC,64,23
SBI,ADI,64,6
SBO,BGP,24,8
SBO,GGA,24,13
MMB,TSF,6,16
MMB,BVN,6,26
KOI,BHTK,30,11
SHNR,JCL,38,36
SHNR,HBLN,38,11
BAT,VKA,7,31
BAU,RV,115,20
BAU,NPNR,115,26
KOO,HDE,117,3
KOO,KWO,117,6
ERS,TUVR,41,23
ERS,ERN,128,3
BAZ,CAG,16,59
BAZ,ATH,16,21
BAY,TNGL,18,33
BAY,GTL,18,50
SJNP,BHRL,66,5
SJNP,MDPB,66,7
BAB,JHS,152,26
BAB,BZY,152,12
WADI,NW,35,14
WADI,SDB,55,10
ERL,NCJ,20,19
ERL,PYD,20,8
ERN,IPL,128,6
BAM,CAP,106,22
BAM,IPM,106,24
KOU,RU,25,40
KOV,BVQ,42,14
KOV,TKR,42,8
VPT,TMQ,49,26
VPT,APK,2,22
YFP,GCT,24,20
YFP,KMDR,24,14
SONI,GOA,2,16
SONI,BIX,2,24
VPO,BTJ,10,10
CPDR,LTHR,23,31
JSME,STL,96,25
JSME,DGHR,2,6
YPR,BAND,39,15
YPR,TK,37,64
YPR,MWM,25,3
YPR,YNK,32,13
STA,JTW,100,20
STA,REWA,8,49
BNW,CKD,4,27
BNW,BNWC,6,6
BNW,HNS,8,37
STN,ASN,147,9
STN,ULT,66,5
SADP,KSN,47,20
SADP,YG,47,24
STW,ROI,47,9
STW,BUI,47,18
STP,DAL,3,82
GANG,HCP,46,7
GANG,RBL,46,8
STR,JSV,42,8
GANL,KART,6,18
GANL,RPAR,6,9
BTRA,TLH,127,9
NCR,KIK,5,11
NCR,NGT,5,7
QLN,MYY,70,9
QLN,MQO,2,15
NCJ,AAY,26,12
QLM,SVM,15,18
QLM,CLR,15,59
QLD,CLT,76,24
QLD,PYOL,76,13
MNDR,GJL,7,15
MNDR,CPS,7,20
NRPA,SLT,66,7
NRPA,MFP,66,5
ROZA,KH,123,8
SPTR,TQM,1,36
KNT,SEO,65,17
RU,PUT,21,26
RU,KHT,68,23
RU,TPTY,84,10
WTR,JSV,42,18
WTR,LNN,42,28
RS,NNP,2,21
RE,CKD,4,55
RE,NNL,6,51
RE,MHRG,10,51
RE,KIP,55,11
RG,ALJN,4,49
KTKL,MSZ,12,12
BNE,KY,98,16
BNE,GAR,98,13
RC,KSN,47,25
RC,MTU,47,17
RM,MWK,1,6
RN,SGR,50,47
RN,ADVI,50,44
BXR,DURE,109,16
BXR,CSA,109,11
NED,MUE,33,23
RK,LRJ,80,19
RK,TPZ,10,32
TPF,RPH,2,7
KOLR,KYOP,107,5
KOLR,OEA,107,6
AVRD,SGR,50,19
AVRD,SVX,50,14
HRT,BKP,7,10
HRT,WENA,7,5
HRW,DDN,32,9
HRW,DWO,32,11
TPJ,TRB,24,10
TPJ,TP,44,3
TPJ,GOC,44,3
HRS,MXK,96,16
HRR,RNR,37,23
HRR,DVG,37,13
TPU,BNSA,2,10
TPT,SLY,111,23
TPT,KPN,24,51
TPT,JTJ,87,8
HRI,KAR,123,10
HRI,KUF,123,9
HRG,NVG,3,15
TPY,CMW,2,10
TPY,BTPD,2,7
HRB,VKR,30,11
KAJ,RGJ,4,20
KAJ,RDP,4,13
KAH,MABA,150,9
KAN,MNAE,122,24
RTGH,TLC,6,32
RTGH,CUR,12,43
KAR,MST,123,7
KAP,CPA,13,10
KAP,BJR,13,23
NIRA,LNN,42,7
RHA,NH,4,36
RHA,KNJ,6,26
RHA,SDAH,2,73
RHE,TATA,56,20
RHE,GUD,56,7
RHG,BU,47,12
RHG,MKH,47,17
DING,SSA,4,25
DING,BHT,4,11
NIA,CPH,67,11
SCH,UDN,168,10
MRHT,SRTN,6,38
MRHT,DMGN,6,27
NEW,MRPR,15,33
KTYM,CGY,55,18
MTDM,MCRD,2,13
PLNI,CHPT,2,15
RTA,VJP,24,5
RTA,CAG,16,39
RTA,GUNA,36,20
RTM,MRN,89,10
RTM,BOD,92,10
DMNJ,DMRT,8,8
RTI,BILD,89,6
RTI,BOG,89,12
SNSI,PB,18,17
RTP,IAA,21,15
RTP,RSR,21,13
UGR,SED,35,9
UGR,KUD,35,7
ANND,VDA,177,15
ANND,KBRV,177,8
SVJR,KK,99,4
SVJR,PUNE,99,2
G,TRO,77,29
KRCD,UDZ,2,25
KIUL,LKR,128,1
KIUL,DNRE,42,6
RFJ,JHN,79,11
DEC,DEE,53,10
DEC,PM,55,4
ROHA,PNVL,50,77
TUNI,NASP,2,47
TUNI,NRP,125,22
TUNI,ANV,127,17
ANPR,KRLR,4,11
STJT,BCA,75,6
CLDY,ABD,103,6
TLMR,JRNA,2,21
ATE,KHU,18,13
ATL,BARH,112,9
ATL,BKP,112,9
PPI,SGP,98,18
PPI,BKH,98,19
UREN,DNRE,42,6
BKI,MURD,27,33
BKI,BU,47,13
DDCE,SHR,112,15
DDCE,SBD,112,10
ATU,CHSM,7,32
ATS,BRGA,33,18
ISM,ROK,37,19
JKPR,SKND,2,7
RGU,ICL,4,19
PVP,PVPT,25,1
PVR,MLB,4,31
PVU,MYY,70,4
KOJ,BSGN,77,16
SEG,JM,81,13
SEG,PS,81,18
JKN,SDT,21,9
SED,MRJ,35,17
JHN,PES,79,11
PVD,DIG,6,9
PVD,BZA,6,12
JKE,KTE,6,17
JKE,MYR,6,46
SEM,KQT,32,8
SASN,CDG,6,11
SASN,LDH,4,101
SASN,MRND,2,36
JKB,AONI,2,20
JKB,SHTT,2,9
SEH,BIH,54,29
KUA,ARA,109,10
KUA,KWR,109,4
PDW,SKI,14,8
PDW,MBI,14,9
PDU,SGDM,106,10
PDU,DUSI,106,9
CLG,BKSL,24,6
CLG,EKC,24,5
PDL,MKR,44,31
PDL,DHNE,44,26
CLX,BPP,174,15
CLX,VTM,174,8
VJPJ,BBMN,66,12
VJPJ,SMBX,66,12
PDH,WTJ,53,30
CLT,FK,76,10
CLU,MTM,6,5
PDE,NIR,2,13
PDE,GNS,2,22
PDD,UD,2,23
PDD,MAJN,2,59
SKPI,KTGA,2,14
SKPI,BLMK,2,11
RHMA,GRKN,2,15
RHMA,BDBA,2,13
BRGT,BHTN,98,13
BRGW,SGAM,12,37
PNQ,TCR,128,2
PNQ,GUV,4,21
KAWR,CNO,42,37
KAWR,ANKL,46,40
CHPT,ODC,2,10
BRGM,KXJ,2,22
BRGM,PTKD,2,8
RGD,SILO,7,6
BPA,RECH,105,11
BPA,MMZ,105,9
MULK,UD,44,46
BPB,KXJ,2,21
BPB,SQF,6,5
BPB,PNGM,4,6
SWM,MLZ,65,30
SWM,IDG,89,37
JYP,KRPU,6,41
JYP,KPRR,6,33
BPF,ET,123,33
BPF,TBN,123,27
SWA,JTB,83,7
BPH,RIG,58,51
DD,KDG,95,21
DD,ANG,45,84
SWE,MEM,10,14
SWE,PFM,10,6
BPL,SMT,150,37
BPL,BIH,54,10
BPL,HBJ,160,6
JHS,DAA,130,25
JHS,CGN,45,31
MGLP,NNO,37,3
BPR,IZN,4,12
AUBR,PES,79,9
DNA,REN,38,27
BPZ,LKU,2,38
BPZ,KPV,2,20
DR,TNA,94,25
DR,CSTM,80,9
SWV,PERN,48,31
TGP,SEGM,160,21
TGQ,BIG,30,10
TGQ,KGS,30,8
TGU,BZA,25,26
TGU,GDV,25,18
NANA,SOH,70,16
GYN,HDK,92,26
GYN,MBS,92,13
GYM,AB,141,28
GYM,KPD,141,24
KDMR,SOJN,10,5
KDMR,VTJ,10,6
NMKL,MONR,2,18
TGA,BJU,75,7
TGA,BCA,75,9
BDHY,CHNR,66,7
NANR,KDJR,2,6
NANR,BSTP,2,9
TGN,DEHR,2,10
GOH,SGZ,76,11
MLJ,UTR,46,9
LMNR,MGG,53,11
LMNR,INDB,53,3
DHD,BIO,89,11
GOA,MLAR,2,17
AJU,WSA,6,24
GOC,TPTN,44,6
AJI,AIG,123,7
AJJ,CJ,4,27
AJJ,TRL,105,27
AJJ,TRT,19,15
MLV,RPH,72,12
LKMR,KKGM,8,16
MLZ,NNW,65,17
DHT,BHB,11,5
DHT,KFA,11,8
GOP,BNVD,12,18
GOP,LPJ,12,18
PTKP,BGSF,107,10
PTKP,OEA,107,3
NRI,TL,71,31
NRI,FL,71,10
NRO,NRM,2,13
NRM,BZG,2,5
SRNT,ARJ,45,24
PTKC,MRTL,63,20
PTKD,CBZ,2,23
NRR,GTL,47,42
NRR,AD,47,10
NRP,YLM,125,18
NRW,UCA,29,15
CKHS,PNVL,6,4
CKHS,MHPE,6,6
NRT,GNT,10,45
NRT,VKN,10,37
RGPM,RDM,105,10
RGPM,PDPL,105,8
WC,JVN,9,3
TQA,RRS,2,11
TQA,BQP,2,11
TQM,MZS,1,25
TQN,BXM,2,6
TQN,BIC,2,29
WL,NKD,118,30
WR,SEGM,67,3
WR,PLO,75,29
WR,BPK,9,11
BARH,PHK,112,11
GHQ,GHD,19,10
HSD,JRU,37,29
HSD,RRB,37,39
PC,JL,151,48
PC,KJ,151,26
HSK,KBJ,24,24
HSK,NPD,24,29
HSI,KRH,43,8
HSR,STD,8,10
HSR,ADR,4,29
HSR,SDLP,2,71
HSR,JHL,4,82
HSP,OPL,107,12
RIG,KHS,60,34
HSX,NAS,4,7
BJMD,NOMD,4,14
KNN,CHA,7,10
KNN,GVG,40,9
KNN,DDL,33,35
KNL,SSA,4,33
PASA,DAVM,20,6
PASA,KZTW,20,5
HAN,FSP,65,13
HAN,SMBJ,65,10
BNR,SAI,72,9
KND,CNI,45,15
BNP,KGX,18,36
BNP,KBL,18,13
BNU,SYA,24,45
BNT,ULD,144,20
BNI,HBD,156,7
BNI,ODG,156,31
BNN,DUI,15,31
BNC,BNCE,25,3
BNC,SBC,66,5
BNC,CRLM,5,20
KNW,MKU,8,173
KNW,TLV,123,16
KNW,NPNR,115,43
HAR,GTM,4,15
HAS,ASK,12,47
HAS,SKLR,6,42
KNP,BGM,35,25
SYC,PFM,25,12
SYC,PLP,25,11
SYA,REI,24,19
GDV,NUJ,6,6
GDV,MDVL,20,22
GAYA,WZJ,4,24
GAYA,BELA,12,19
SYN,KIM,194,10
GDX,FLK,58,16
GDX,NCB,58,22
LXA,BOJ,18,20
LXA,SLGR,18,14
DNWH,FUT,2,8
DNWH,HIL,2,13
RGP,GNP,82,16
RGS,FL,6,67
KRBP,KPGM,66,7
KRBP,DUBH,66,8
BELA,MDE,12,11
KRBA,GAD,1,9
RGH,SGL,6,15
RGJ,BOE,4,21
RGL,JSG,37,26
RGL,SBPD,9,21
ROA,KGG,2,56
RGO,TR,27,14
RGO,PSD,27,12
GDA,SAT,89,21
GHH,PTRD,55,21
GHH,GGN,55,10
SRUR,SKZR,103,18
SRUR,MKDI,103,11
LDH,JGN,2,40
LDH,DDL,33,7
LDH,PHR,125,13
PDPL,KYOP,107,8
PDPL,KRMR,2,36
JRU,DVG,37,47
MEP,NAD,76,17
VGN,BOR,156,8
ADVI,VID,50,22
LJN,BLM,6,68
LJN,ON,42,56
KZE,BFR,70,8
DNEA,CNPR,10,13
DNEA,DMBR,10,11
PRG,ALD,48,6
PRG,PFM,49,7
BRG,SRJ,104,17
SAH,PLG,156,14
MOGA,JGN,2,29
SBHR,SKLR,6,111
SBHR,YDM,6,13
COR,BHL,24,54
COR,CNA,15,8
COR,KIN,24,36
PRI,IKK,1,5
PRI,LRJ,1,14
PEP,BUI,45,11
PEP,CBN,24,6
COA,CCT,4,2
PEH,SDBH,2,9
PEH,SDMD,2,2
COI,SRJ,31,37
COI,MJA,31,29
SRGM,LLI,44,15
SRGM,TPTN,44,3
ZBD,SIQ,71,6
OKHA,MTHP,26,10
SNLR,SIOB,6,92
KSP,MKPR,40,6
KSP,RBZ,40,7
MCN,KPD,90,17
UDL,RNG,25,8
BRUD,CAER,123,10
SGBJ,CAER,123,18
SGBJ,TLV,123,12
RUM,RBL,36,9
RUM,FTG,36,9
RUB,KGA,102,14
JOL,JRG,2,6
BLMR,BBGN,2,14
SNRR,SBD,12,7
SNRR,NWR,12,7
BLMK,LLGM,2,17
JRC,JUC,123,5
JRC,PGW,123,16
SAT,PPD,89,12
TELO,CRP,24,8
DIL,RBD,115,8
DIL,MLD,115,6
GNS,SKY,2,21
MKC,TAN,78,10
MKC,SFY,24,28
MKB,LKR,124,6
MKB,DMRX,124,5
GNU,SMK,71,13
MKO,BHC,108,15
BRRG,CBK,24,31
BRRG,PFR,24,30
BTBR,SEGM,2,49
BTBR,NGP,2,28
KSNG,TIG,29,13
JHL,LHA,21,16
RPAR,KRLI,6,17
MKU,BDWD,73,19
MKU,NN,81,28
GNA,GJUT,16,15
AII,MDJN,71,7
AII,NSD,30,23
GNG,BANI,36,9
MKP,MJG,100,37
MKP,CKTD,18,31
CHD,KTE,8,41
CHD,UMR,32,19
CHD,RPD,8,17
DAKE,KOAA,3,9
DAKE,BNXR,24,10
DAKE,KQU,27,27
GTST,CPR,47,9
GTST,MHT,47,8
NSL,TR,27,14
NSL,ANK,25,10
DLJ,SOA,10,10
DLJ,UJ,12,11
DLJ,DAS,2,26
NSD,BDW,30,20
MNSR,HMH,10,12
CHH,SWPR,42,7
PVPT,RGDA,25,45
KCKI,DTO,26,15
CNGR,TRVL,55,9
CHL,KRJ,4,15
CHL,GZB,4,48
UTL,BME,8,11
UTR,LKO,46,12
VPDA,BJU,12,28
SDT,ARJ,21,19
JAN,BRMO,10,3
JAN,BKRO,10,6
PWS,PNBE,131,6
SDS,HMH,2,37
JAL,SOS,70,8
JAL,RANI,70,16
SDE,NEO,109,8
SDF,NPS,6,23
LAU,DIA,6,31
LAU,SUJH,6,10
SDL,SNGP,32,6
PWL,HDL,153,30
PWL,AST,153,11
SDI,MGAE,4,8
SDI,AZ,4,19
DGHA,RMRB,14,9
NAB,WSA,6,29
KQR,PSB,77,26
KQR,GJD,77,9
MRJ,JSP,25,12
MRJ,KVK,4,45
KQU,HWH,81,33
KQT,NAW,32,7
HBD,ET,156,17
HBG,JBP,2,3
NAM,NHK,18,12
NAM,BFD,18,5
NAT,BGP,44,3
KQK,KGQ,70,10
KQK,BFR,70,5
KQI,MBG,6,5
KQI,MUPA,6,5
BOD,RNH,92,7
KQN,ABI,66,14
KQN,SDN,66,19
BOF,KMTI,4,4
BOF,SOL,4,4
BOG,BMI,89,6
YDM,KBPR,6,29
HRPG,SKN,38,8
DEHR,PMP,2,10
MLMR,TMV,70,30
SXT,SA,7,6
HPLE,KKTA,2,5
HPLE,DWLE,2,15
RMJK,UHP,8,10
BQG,JJG,6,11
BQG,LGL,6,12
GOTN,PPR,45,36
GOTN,MTD,45,20
MGME,KLRE,23,6
BQA,JPH,26,23
BQA,ODM,28,16
BQI,SA,111,43
BQI,BDY,111,10
AMRO,GJL,73,23
TIHU,KTCH,53,7
SVV,SDNR,2,12
SVV,NZT,2,11
FSP,BXN,65,20
BOKR,MUE,10,31
BOKR,HEM,10,55
UMD,HGL,10,69
APR,AAL,32,13
APR,CLF,30,5
BTPD,BDCR,2,9
LKN,SKJ,62,10
LKO,ON,56,54
LKO,HGH,43,57
LKO,AMG,115,6
VDS,MDP,97,24
VDS,JMT,97,18
SMBX,GHGL,66,9
LKE,IDG,89,10
LKE,KPZ,89,27
LKA,HJI,30,15
VDA,RNO,177,7
VDE,GDR,174,31
VDE,NLR,174,7
APT,DWP,139,4
APT,BVL,139,10
LKW,MKS,2,18
LKU,HLDD,10,8
LKU,HDW,8,16
LKS,MHJ,14,40
LKS,DHRR,14,22
JMT,CRJ,97,14
VZM,KTV,119,34
VZM,GVI,106,24
AF,IDH,44,2
TRK,TNM,12,34
TRO,TMR,77,20
TRB,BAL,24,23
HBLN,TMX,38,4
GVG,SIR,40,9
AO,RBK,16,5
AO,NSU,4,7
AO,PMR,12,44
TRS,SKI,14,6
TRR,KUN,73,12
TRT,KPD,2,75
TRT,NG,21,16
KCD,DKD,10,13
KCD,VKN,10,24
KCG,SC,20,7
KCG,MXT,38,2
HTC,SKA,9,34
KCC,BZA,190,5
BJNR,BDW,30,22
BJNR,GBP,28,3
HTL,MYD,6,10
HTL,LGT,6,19
KCI,PIL,8,15
KCJ,BANI,36,7
KCV,BPO,2,16
HLKT,NW,12,14
HTZ,BJU,5,18
HTZ,MKA,79,7
KDPR,HCR,66,6
KDPR,AZR,60,14
KDPR,LAV,6,7
RANI,FA,70,14
AY,BLG,50,15
AY,KEA,10,9
SAI,HJP,72,10
BDCR,MUGR,2,50
ABKA,BDC,17,42
NH,BP,57,15
NH,BNXR,5,34
NH,BDC,58,9
MAJN,BNTL,6,19
NK,DVL,116,5
NK,NR,116,31
NN,JM,81,12
NB,RV,115,10
ND,MHD,177,17
ND,KBRV,177,11
NG,EKM,21,2
MLHA,KSD,14,16
RRS,LLJ,2,13
NU,KY,98,15
BCOB,SIOB,30,16
BCOB,GIMB,30,37
J,BDU,27,19
RRME,CNPR,10,12
RRME,ARGD,10,6
NGI,HGT,104,15
NGI,CKNI,104,13
AKOR,DUD,55,28
KMDR,CBN,24,15
RDM,PPZ,105,5
KSG,TL,71,10
KSG,MDJN,71,22
FBG,JBN,4,14
FBG,ARQ,4,28
SRTN,SLGR,6,16
SRTL,TUVR,41,10
SRTL,MAKM,41,11
KSC,SHK,4,15
KSC,WRS,4,10
USL,GTK,30,7
USL,BSP,30,9
ANVT,GZB,22,13
MHPE,CHOK,6,8
AZR,BOE,73,13
SGZ,SVA,76,13
SGS,TVI,4,7
SGS,KEJ,4,6
BNTL,KBPR,6,25
SGJ,DYD,50,20
SGL,MJL,16,13
SGL,BMKI,18,21
SGO,MKRN,50,7
SGE,ED,128,21
SGE,SA,128,41
SGD,SOJN,10,7
SGD,BJUD,10,6
SGF,MBY,10,19
KGG,SKJ,62,13
NLP,GOM,2,44
BHBK,KNVT,10,22
CND,BD,73,29
CNB,CPA,15,3
CNB,KBN,102,34
CNB,ON,102,18
CNC,RBG,35,11
CNC,KUD,35,6
CNA,GGR,6,15
CNK,MZM,4,7
HRNR,GHGL,66,6
HRNR,CKDL,66,3
MTHP,DWK,26,19
MRTL,MEX,63,19
SZM,ANDI,6,6
SZM,NDLS,38,3
SZM,BHD,63,11
PFM,RMC,14,21
DXN,RNQ,19,22
PFR,SFW,24,31
DXG,JL,43,30
DXG,AN,43,25
SIR,FGSB,4,4
SIR,RPJ,44,26
SIP,ROI,47,10
SIP,MHT,47,12
SIW,MSR,42,5
JWP,IKK,1,4
JWP,ATMO,55,16
GNVR,BUPH,96,4
JWB,FA,70,17
SAGR,BCN,46,6
SAGR,NHN,46,5
SIL,PURI,69,17
SIL,DEG,69,11
BDVT,SME,8,16
SLKR,BIG,30,8
SLKR,KGB,30,8
TAZ,MSR,42,12
BDVL,FM,38,7
BDVL,UR,38,6
TKR,BVNR,42,6
MJF,SC,18,4
MJF,BMO,26,10
MJG,JTW,100,20
DJX,BLGR,2,43
MJN,TSK,2,8
DJA,MXR,6,13
GID,NDL,10,54
GID,CBM,10,34
DJG,NTSK,18,16
DJG,NHK,18,9
MJS,UAA,70,7
MJS,ULL,70,8
BBTR,ET,105,59
BBTR,GDYA,105,12
AHA,MSDN,42,5
RUL,LLGM,2,16
NPK,AAY,26,11
AHH,MET,79,19
AGR,BMI,89,4
MJRI,WRR,104,12
CDGR,SLB,28,11
JRLE,AZ,17,35
JRLE,NILE,17,20
NPS,BKN,6,27
GUG,KSX,2,7
TSK,NTSK,2,2
NMGT,HTK,25,6
NMGT,JSP,25,9
GUD,GTS,56,10
GUH,GZB,1,10
SHR,GSPR,112,11
TSA,PMR,127,9
BDDR,KSD,14,7
GUR,DUD,55,23
GUP,GKJ,2,13
DHNE,BMH,10,36
DHNE,KRNT,34,53
DWLE,PNSA,2,7
TSR,NDO,174,10
KBJ,MRBL,24,15
KBN,BKO,102,12
KBM,TIU,106,14
KBM,NWP,106,14
HLDD,RUPC,10,14
DLD,MDS,21,15
PGRL,NDKD,20,21
KBY,TNL,2,12
KBY,RNY,2,28
HUP,PKD,60,37
BSYA,ANH,9,6
HLDR,BJO,7,17
HLDR,CPS,7,18
HCR,BKRD,66,10
HCP,KVG,46,6
KPV,ALJ,10,12
KPV,GWS,8,12
BLZ,MSZ,12,16
BLU,BJR,13,20
KPY,MQO,2,12
KPZ,KPTN,89,20
NFK,KTJ,87,14
NFK,BHW,14,15
NFK,TDLE,56,5
NFK,DGLE,17,15
CKDL,CHNR,66,6
BLM,BGH,123,9
BLM,ON,2,100
BLK,RQJ,63,8
KPG,PB,55,24
KPG,YL,55,14
BLD,SJN,156,12
BLG,GGJ,50,17
KPN,JTJ,54,44
DEOR,BLDI,6,27
GCT,NDJ,24,18
EKM,PUT,21,14
EKI,GZO,4,13
EKI,SM,66,16
EKC,GGA,24,5
REJ,PLY,6,9
REI,KTE,24,32
REN,MTD,38,17
CLF,JTI,30,8
SVGA,KAL,14,23
EKR,IPR,2,10
EKR,HIL,2,12
JHD,NDU,12,9
JHD,THA,12,12
LFG,BF,6,9
LFG,MGE,6,7
PDRD,KSF,71,4
NTSK,DBRG,16,42
LTT,TNA,89,17
LTA,CRN,2,11
LTA,NWA,2,8
LTD,NGA,12,7
SY,CDM,27,17
SY,VDL,27,6
TDLE,PKR,56,28
GUNA,MINA,2,32
GUNA,ASKN,28,44
SI,KIR,35,16
SI,SRI,35,13
RPAN,VNE,2,51
SM,BKRD,66,10
MLTR,PKQ,2,7
SC,HYB,22,10
SC,BN,20,33
SC,NRDP,2,53
SC,BMT,28,4
SA,OML,21,11
KKTA,BGP,2,7
JUDW,JUD,68,5
JUDW,RAA,68,22
MKR,GTL,44,12
BBGN,RNGG,2,7
HZD,PSB,77,22
HZD,PNME,77,27
CAR,MZP,76,31
CAR,KEI,15,44
CAP,GAM,106,9
MGN,THDR,89,8
BNCE,SBC,9,7
BNCE,CRLM,2,18
BNCE,YNK,24,19
CAI,NKE,16,20
HAPA,ALB,53,9
CAN,TLY,76,21
KHNM,LGO,14,14
SRID,BMR,98,12
CAA,BMKI,18,32
AIG,KH,123,8
BTE,AH,70,27
BTE,BXN,43,41
MRN,BILD,89,10
BAKA,BHLE,2,15
PGK,HMH,12,25
PGK,SOG,12,25
PGI,KN,2,10
PGI,TA,76,8
PGT,OTP,96,31
RKSN,SINI,46,15
MKX,DARA,76,15
PNSA,BHLE,2,4
PPC,GKP,16,20
PPC,CPJ,16,19
FGSB,BSPN,4,4
ADTL,JBP,112,8
RAIR,JUJA,25,32
RAIR,BAMR,39,15
UDR,KTE,98,37
UDR,MYR,98,26
TGRL,TMKA,2,10
TGRL,SGDP,2,17
MGX,JTG,6,11
MGX,HJO,6,7
RSI,LRJ,68,8
UDZ,RPZ,22,5
RSA,GDZ,2,12
RSA,MXA,2,12
OGL,ANB,174,15
OGL,TNR,174,19
BTJ,MEM,10,11
UDN,BIY,43,27
MAKR,LAR,14,67
UDM,KDHA,53,6
UDM,NRGR,53,7
MIH,KS,39,11
DKT,CDG,1,55
DKT,UMB,1,12
MIL,CBJ,6,32
GHR,CUX,94,7
MIN,BIC,2,40
MIN,NNP,2,24
DKZ,NDLS,23,4
MID,VYA,43,15
MID,BIY,43,15
PPN,PNBE,12,14
PPN,NDW,12,11
GHD,URD,9,16
GHD,DTO,26,33
DKE,LGT,6,9
DKE,MUPA,6,8
BE,CBJ,6,8
BE,BTG,4,15
DKO,KKDI,14,5
DKO,KAL,14,13
JRMG,KTSH,67,7
JRMG,BSP,67,14
GAJ,MKRN,50,31
GAJ,PHA,50,13
URD,MDJ,9,12
URL,ED,42,33
RHN,PLS,10,9
RHN,ALJ,10,9
URI,PUNE,95,28
URI,KDG,95,26
KPTN,GQL,89,7
DABN,MBY,10,20
SFY,SFW,24,28
KLTR,GTK,30,8
KLTR,KGB,30,8
SFM,LHA,21,22
SFH,JRR,85,3
SFG,ALD,102,4
SFG,BMU,102,5
SFC,BLGR,31,35
SFC,BUDM,31,9
HDW,KGM,8,7
KSV,CHJ,153,10
KSV,HDL,153,12
NGB,KEA,10,9
NGN,CSN,151,42
NGO,MDW,32,18
NGT,VLNK,4,11
HDE,FUT,117,5
NGP,ITR,77,4
NGP,KSWR,99,24
HDA,FL,97,8
KSB,KIM,194,8
HDN,MDJ,9,12
HDN,JPL,9,7
HDK,ALY,92,36
BAMR,BONA,39,31
KSJ,GWA,2,32
KSJ,SKA,9,29
KSJ,KMJ,7,78
BMB,GPH,71,16
MGAE,NHT,4,18
BMF,HNL,20,58
BMD,EE,125,19
DNRP,HMT,2,95
BMO,GWV,26,10
BMR,BHTN,98,12
PRDP,BDBA,2,11
BMT,HYB,10,5
SZR,BXP,24,10
SZR,BXJ,24,22
DHPR,CDG,30,33
DHPR,UMB,30,34
SHZ,JTO,4,4
SHZ,SML,4,3
PMN,LLR,45,14
PMN,BZM,45,15
JTO,TVI,4,4
SHC,SBM,11,9
JTI,NIQ,30,10
SHE,CGR,33,11
SHF,MWK,1,7
SHG,KS,39,11
JTG,HFG,6,2
JTB,DMG,83,7
GZN,MUD,37,12
GZN,GZB,37,6
GZO,MANG,4,6
RJPM,SVPR,2,11
RJPM,SNKL,2,33
MGE,MXR,6,7
BSKH,DGHR,2,43
BSKH,JAMA,2,10
RJPB,PNBE,132,3
RJPB,GZH,119,4
GZB,PKW,71,25
GZB,DER,87,17
TBT,LAR,152,39
TBT,BZY,152,13
MGS,KCA,109,11
MGS,VYN,19,6
MGS,ARW,54,13
TBH,GPZ,2,23
BDWD,VNA,73,18
TBM,MBM,66,17
TBM,CGL,66,31
KDJR,GADH,2,11
BDWL,MHJ,14,45
BDWL,SOG,14,18
GHX,DKGS,77,3
GHX,BJU,77,3
LUR,HGL,10,11
SNC,MSW,83,5
SNC,BV,83,11
VJP,KHRJ,24,19
RVKH,MCI,105,6
RVKH,MMZ,105,4
SDAH,BP,11,23
SDAH,BNXR,29,4
GHY,NNGE,2,8
GHY,DGU,30,34
RMC,LGO,14,7
BLTR,LRD,25,13
BLTR,KER,15,14
DKNT,DARA,76,38
RMD,MMM,16,36
RMD,PMK,16,36
TLU,CBM,10,13
TLY,MAHE,76,9
GTM,PTRE,4,10
TLC,SUJH,6,14
GTT,GDL,16,13
TLJ,SLJ,22,20
KEK,DAB,27,14
KEJ,KANO,4,7
BHLP,MUV,92,2
BHLP,MBS,92,41
KEH,SWPR,42,5
KEG,DUB,16,6
KEG,RBK,16,7
HVD,MALB,20,45
BTG,NSU,4,5
MRDW,BTJL,46,20
SKND,BGPL,2,9
CMW,KRA,2,13
SINI,TATA,45,27
RPZ,MVJ,22,38
MAHE,BDJ,76,13
UCA,BZO,29,11
RPH,NHT,68,14
RPJ,UBC,117,20
ALJN,KRJ,93,43
ALJN,MXK,96,14
VTJ,BVP,10,7
RBZ,HYT,40,5
RBS,FTS,22,15
RBS,BXN,22,34
KTGA,SPRD,2,10
BEAS,KRE,60,21
SDN,KON,66,18
RBA,GAM,106,17
RBA,KIT,106,11
LGH,BKN,10,3
LGH,DHRR,14,54
RMPB,MLNH,4,4
RMPB,MKRH,4,7
KAJG,PSD,27,5
ATMO,LRJ,55,7
DZA,MEX,63,16
JU,MMY,4,33
SEGM,HGT,95,37
NAD,KUH,92,14
BNVD,WSJ,12,18
SCC,MINJ,2,47
SCC,BVN,6,34
NAK,BORA,2,12
JGR,BDN,144,19
BOR,PLG,156,12
BNDP,DLPH,4,10
IAA,KER,15,13
BNDA,KHU,18,19
BNDA,MBA,14,53
BNDA,ICL,4,21
TIR,TA,76,8
BNDM,NXN,20,24
BNDM,BZR,3,7
BNDM,JRA,45,21
BNDM,ROU,68,7
MZP,BDL,76,8
KEI,VYN,19,5
MZR,BD,83,41
MZR,AK,83,38
KHMA,MJZ,2,13
PHD,ULD,144,16
MZC,PPT,24,8
PHR,BZG,2,15
SKT,KHS,60,16
RMGM,BID,34,15
RMGM,CPT,34,11
KLAR,MBA,15,21
SKP,VKB,38,29
SKP,LPI,38,21
FTP,MWH,102,16
SKB,BDN,144,20
SKB,FZD,146,20
SKM,KVZ,174,37
SKM,TNR,174,9
VMA,THUR,76,9
SMO,CRR,57,11
SMO,KIR,57,12
BOE,SRI,35,9
MFP,MTR,18,27
MFP,RUSD,6,41
MFQ,KHBJ,4,11
GED,BDM,10,13
GED,BGK,10,13
JGJ,CIL,36,9
GKP,GKC,66,3
GKP,ANDN,4,42
GKP,DMG,83,4
MHD,BJD,177,12
DDP,CPR,49,19
DDP,EKMA,49,9
JGD,MDP,4,13
GKH,BDH,60,11
GKK,GPB,35,5
BRMO,PUS,10,6
DDE,NDB,43,35
SSIA,TRAN,8,11
ANG,BAP,45,67
NVS,AML,168,15
NVG,BXY,3,16
GDYA,BZU,105,36
GWD,SBBJ,38,46
GWA,FBD,2,76
TMX,UR,38,16
GWL,SVPI,12,126
GWL,BAO,126,19
TMZ,PKU,12,24
TMZ,MCA,6,33
TMZ,HLZ,4,46
TMKA,BGPL,2,8
GWV,MED,26,4
TME,TN,10,1
TME,MVN,10,7
KDM,NKD,118,15
KKDI,CTND,16,11
KOAA,BP,46,18
VVM,PKO,6,10
VVM,BVRM,6,11
KKDE,SHDM,73,22
NJP,SGUJ,21,7
BHME,CRP,10,6
BHME,PUS,10,5
KDZ,KANO,4,7
KDZ,SLR,4,5
ADR,BHT,4,17
SOL,SLR,4,7
KDP,TU,25,28
KRY,MCU,8,38
NDO,BPP,174,20
KRR,MONR,2,16
KRR,MMH,44,25
KRS,ARA,109,10
NDB,NWU,43,57
NDD,KVR,139,15
NDD,TNKU,14,17
KRJ,DER,87,46
BALU,CLKA,106,7
BALU,GNGD,106,13
NDT,MVJ,2,16
KRE,JUC,60,15
BJF,BNGN,53,15
BJE,SDMD,2,1
BJE,SNTD,8,7
BJO,MZM,7,25
TRAN,MURI,8,13
BJW,RNO,177,6
BJU,BGS,62,15
UHL,AADR,2,28
UHL,MTPR,4,10
KRNT,SBBJ,38,10
WSJ,UA,2,58
WSJ,SKR,14,7
HYT,TLWA,40,4
ARCL,KTX,4,13
RWO,SKR,14,13
FAN,MVJ,24,13
FAN,KIN,24,23
VKR,NIQ,30,8
ADRA,JPH,26,30
ADRA,BURN,14,36
ADRA,ANR,14,14
ADRA,SNTD,8,23
VKI,KHT,68,25
VKI,VDD,68,16
DMRT,KRPU,8,11
VKA,ASR,7,8
SBLT,JSM,9,64
SBLT,AQG,9,38
BQR,DURG,102,4
BQR,BPHB,102,5
KNPS,CBSA,2,34
PANP,S,34,4
BQP,ON,2,32
CCT,SLO,12,13
BGBR,MSMD,24,31
DMRX,BRYA,124,5
PUNE,GPR,42,3
SBPD,JUJA,25,37
PIA,ASKN,28,26
MYS,S,34,15
PIP,MDS,22,16
MYG,PLJ,194,15
POK,AQG,9,4
DOA,CHA,7,10
CQA,AAM,2,7
CQA,VPZ,2,11
GIMB,AI,16,9
GRKN,RCTC,2,13
SIOB,MALB,24,41
PLJE,CRP,32,12
PLJE,KTH,32,9
UBR,SJN,156,5
UBR,GVD,156,9
ALER,RAG,82,17
SLD,KCA,109,7
NCH,MXN,24,11
UBC,UMB,117,8
UBL,DWR,47,20
UBL,YLG,37,46
FD,SLN,4,58
RQJ,MOP,6,3
RQJ,JPE,58,7
CUPJ,CDM,27,38
CUPJ,TDPR,27,4
BZA,NZD,125,41
DGLE,NILE,17,10
MWT,OSN,9,44
MWX,FZR,8,24
MWX,MXH,8,18
GJS,RSNR,2,14
JDB,KPRR,6,32
NRDP,CTYL,2,31
GJD,GAP,77,22
MWH,BKO,102,16
DEE,NDLS,2,6
MWM,SBC,25,3
AMI,BD,6,10
NWU,VYA,43,42
NWP,PUN,106,13
AML,BIM,168,6
NWR,KTES,12,12
ORGA,BANO,20,35
ORGA,NXN,20,7
NWD,WRS,4,18
NWD,TIA,4,17
NWA,NIR,2,27
DMGN,DBRG,6,14
BSX,DAB,26,10
KL,MURD,27,19
BZM,KTRR,4,13
ANGL,BONA,39,39
BNWC,BMLL,6,8
GPR,ABLE,42,38
KHRK,KLNK,6,7
KHRK,BMLL,6,8
KHRJ,CBK,24,23
KLRE,RAY,23,7
KUX,PUX,3,7
KUX,GNW,3,8
KUU,GNGD,106,8
KUU,KAPG,106,7
KUR,NKP,106,25
KUH,RNH,92,11
KUE,CRR,57,17
KUE,KTRH,57,7
HSRA,SBC,3,59
HSRA,CRLM,16,35
HFG,BF,6,3
BKG,FUT,119,6
BKL,MDR,116,16
RMNP,CTYL,18,9
RMNP,BN,18,42
BKJ,UD,46,23
BKJ,KUDA,46,22
BKP,KWO,117,9
BUDM,TIG,31,20
BHTK,KGS,30,13
BURN,ASN,31,5
JSR,SRJ,73,21
KNLS,KMBL,26,27
MDP,MUW,98,12
CRLM,BAND,9,16
GDR,VDD,68,19
GDZ,BXA,2,28
MEJ,KDU,49,14
MEJ,KLPM,10,12
MET,DUI,79,17
GDG,KGX,18,9
SMBJ,GGC,65,35
MDU,KON,66,4
LWR,DWR,43,36
SDLP,CUR,12,57
CPP,SGDM,106,13
CPP,GVI,106,7
BHLK,BIDR,10,38
TP,PLI,44,24
TJ,PML,22,25
TJ,BAL,24,17
MFKA,SHNG,43,9
MFKA,NHH,43,19
AD,KGL,47,14
GVL,KVM,6,3
GVL,NUJ,6,5
AH,IDH,22,24
AK,PS,81,20
AL,TNKU,14,11
AL,BVRT,14,20
TNA,PNVL,16,34
TNL,ULG,2,22
KGP,BLDA,84,38
KGP,PKU,132,44
NKE,HIR,16,15
NKJ,KTES,4,6
NKJ,KHBJ,4,47
NKM,RNC,48,5
NKM,TIS,48,6
BVRM,BVRT,6,1
BVRT,AKVD,20,17
NKW,STBJ,2,10
KGI,SBC,34,12
KGI,BID,34,17
KGL,KO,47,14
CPK,KWM,30,17
CPN,SMLA,89,12
RAJP,VID,50,23
CPU,RNQ,19,41
CPU,OBR,19,13
MRBL,TIG,24,18
PAW,DUJ,9,15
PSE,KTQ,82,10
MANG,DOTL,4,5
GLPT,JPZ,24,47
WRR,CKNI,104,10
ADI,ASV,1,2
THV,SPRD,31,9
CHP,PNU,72,16
KATL,KSWR,99,37
LAV,KIR,19,23
SGUJ,BORA,2,11
DTC,HJO,6,7
DTC,BXK,6,5
PUX,IKR,3,6
GVN,KVR,139,4
STBJ,BSTP,2,14
SBD,KTE,100,28
IGP,DVL,116,45
JJG,MBB,6,8
CBF,CBE,118,2
CBE,MTP,2,36
MXT,FM,38,6
MXA,DURG,2,12
BZU,AMLA,105,23
SMR,LUNI,12,48
SMR,MKSR,4,27
SMI,RUSD,6,23
BZO,JIND,29,8
BZN,ULB,126,13
BZN,MCA,126,13
FK,KN,2,5
SMC,CRN,2,14
MDN,HIJ,14,23
MDN,SLB,28,25
RCTC,KDRP,2,15
MDB,TIW,3,34
MDE,THA,12,4
GGC,NNW,65,17
AMLA,MTY,103,23
MDR,YP,116,15
MDW,MTD,32,39
GGJ,ABP,50,22
JER,ARD,106,14
JES,RSNR,2,31
JES,SOG,2,25
BPHB,BIA,102,4
MVI,MALB,4,51
MVN,KLPM,10,12
MVO,SELU,27,14
ALD,BDL,33,82
ALD,ALY,90,2
ALB,WTJ,53,12
NTV,ANDN,4,40
SHNG,SLN,43,22
ALU,KKPM,44,24
YG,NW,47,25
YP,KI,116,24
HIP,ROP,108,6
HIP,BLS,108,12
HIJ,BLDA,22,32
BAI,KWP,74,16
RGDA,SPRD,33,10
KTX,PNGM,4,5
ABR,PNU,70,53
JGNR,JRNA,2,13
BANO,PKF,20,32
BHD,NUR,63,12
BHZ,CNE,6,5
BAGL,ATNR,84,5
HTE,RNC,26,7
BHS,GLG,150,21
BHW,GMAN,2,7
KKPM,LLI,44,19
BAP,PB,45,20
MKRH,BLGT,4,13
RAG,BG,82,6
BAQ,GLG,150,18
RAA,UMB,68,24
FGR,FBD,13,5
LBA,SLN,38,22
RAY,PTRU,23,29
MURI,SLF,48,6
BFJ,CSN,1,7
GMAN,PKR,2,19
PHN,LLR,45,15
STD,HNS,8,13
CLKA,KIT,106,10
LHLL,ROK,6,14
LHLL,KLNK,6,7
URPR,PLP,25,9
PKQ,AAM,2,6
PKU,MCA,120,12
DUMK,JAMA,2,13
PKO,NS,6,9
CSN,KJ,151,19
CSB,NDLS,133,2
CSZ,MBB,6,7
LUNI,PMY,33,41
BKSC,CRP,46,15
ABP,MLPR,50,19
KTRH,NNA,57,11
KTRR,PTRE,4,10
MUT,MTC,39,4
KTJ,MLDT,87,21
NNGL,MTPR,4,3
KUDA,BYNR,46,47
AST,BVH,153,10
DGI,BL,168,9
DGI,BIM,168,10
NUR,ANDI,4,17
DGR,RNG,115,24
ORAI,AIT,45,24
ASN,RNG,140,18
BHTA,DWK,26,42
BHTA,KMBL,26,43
R,MSMD,24,54
MCRD,OML,2,16
KK,PMP,99,8
KO,MALM,47,13
KP,ITR,77,11
SANR,KHM,66,6
BIK,PLK,2,14
KWP,GTJT,74,6
SLI,BVQ,42,19
BHP,BDH,60,8
SLF,TIS,48,48
TRVL,CGY,55,8
MCI,PPZ,105,9
KLRS,MINA,2,45
KLRS,SVPI,12,25
BYNR,BTJL,46,22
MCQ,KRLR,19,8
MCQ,OBR,19,29
BGH,MST,123,7
SHDM,UMB,73,20
PYOL,BDJ,76,9
BGY,BPO,2,38
VNB,NIL,2,11
PRNA,ARQ,4,39
PRNA,KIR,4,28
WENA,SOW,7,10
DLPH,DOTL,4,8
THB,NNR,57,8
THB,NNA,57,16
HLAR,BDM,10,19
KIP,PTRD,55,11
NIU,BH,194,12
NIU,PLJ,194,14
FDK,FZR,14,32
CRY,KVU,70,3
CRJ,ULT,16,17
MALM,MTU,47,11
KMJ,FBD,7,30
DDR,BVI,29,24
RNY,CGS,55,26
GKC,KHM,66,10
MRND,KRLI,6,8
MRND,BSPN,4,15
PLK,BXM,2,42
BXY,BCRD,3,7
SOA,BJUD,10,5
PPO,ROU,71,5
SOR,DAA,130,12
NRGR,DWX,53,9
WZJ,TIA,4,18
ARJ,NDJ,24,22
BD,NAVI,4,6
BG,BN,2,13
TIW,MMY,6,10
TIW,OSN,9,21
BCN,KVG,46,10
BVP,BVC,10,3
CNS,CGR,33,3
CNS,BDC,33,3
CGL,CJ,4,36
