SSPN,SBC,2,168
SSPN,HUP,10,58
SSPN,DMM,16,33
SSPN,PKD,4,21
AGN,G,10,22
AGN,DGG,6,51
AGN,SKS,4,15
NYY,DAVM,1,6
NYY,KZT,4,20
NYY,TVC,12,18
NYY,PASA,7,12
AGI,NCH,4,17
AGI,MXN,4,28
AGI,NMT,4,12
AGI,SLGR,4,26
NYP,GDR,17,28
NYP,MAS,3,109
NYP,BZA,3,321
NYP,SPE,17,27
AGC,DHO,35,53
AGC,FDB,7,166
AGC,NDLS,3,195
AGC,TDL,2,26
AGC,GWL,51,119
AGC,MTJ,55,54
AGC,JHS,11,215
AGC,DSJ,2,191
AGC,IDH,4,1
AGC,RKM,52,4
AGC,MRA,17,80
AGC,NZM,9,187
NYN,MJA,7,31
NYN,SRJ,8,37
NYN,BDL,2,75
NYN,ALD,24,7
NYN,JSR,3,16
NYN,MKP,4,93
NYO,PMU,2,4
NYO,SEE,4,11
NYO,DGA,2,12
NYO,STLR,4,8
AGY,CUK,5,12
AGY,CPU,5,10
NYG,JRLI,2,15
NYG,PRNR,2,14
KOTA,DKNT,8,9
KOTA,GQL,3,6
KOTA,SWM,57,108
KOTA,NAD,13,225
KOTA,AF,2,333
KOTA,RTM,9,266
KOTA,LKE,9,60
KOTA,BAZ,5,67
KOTA,ATH,4,45
KOTA,GUNA,7,185
KOTA,MTJ,3,324
KOTA,RMA,29,72
KOTA,CNA,2,164
KOTA,IDG,4,72
KOTA,BUDI,11,38
KOTA,VMA,1,185
KOTA,BRC,10,528
KOTA,BWM,6,100
KOTA,NZM,10,458
KOTA,KPTN,1,14
SPX,TPK,2,9
SPX,FKM,2,8
KYJ,CNGR,12,20
KYJ,KPY,28,14
KYJ,HAD,20,13
KYJ,QLN,49,41
KYJ,MVLK,31,8
KYJ,ALLP,14,44
BWR,NEW,6,9
BWR,JHS,6,22
SRY,SHK,2,10
SRY,LKR,2,16
BWT,YPR,4,76
BWT,MLO,8,27
BWT,WFD,3,47
BWT,KJM,48,56
BWT,BNCE,1,63
BWT,TPT,8,85
BWT,KPD,2,162
BWT,JTJ,28,78
BWT,BNC,1,66
BWT,SA,6,198
BWT,KPN,21,34
KYN,PUNE,6,138
KYN,NK,20,134
KYN,IGP,65,84
KYN,KSRA,19,67
KYN,NRL,3,33
KYN,PNVL,6,37
KYN,BSR,10,52
KYN,MMR,3,207
KYN,BSL,3,391
KYN,LNL,22,75
KYN,CSTM,2,54
KYN,TNA,86,20
KYN,KJT,54,47
KYN,DR,39,44
KYN,BIRD,26,25
KYN,LTT,26,38
KYM,DWP,1,9
KYM,RJY,1,10
SPP,BJU,4,50
SPP,DES,2,18
SPP,MOG,6,13
SPP,HJP,4,38
SPP,MNO,4,7
SPT,PSA,22,32
SPT,BAM,10,42
SPT,CHE,2,105
SPT,MMS,4,19
SPT,IPM,18,18
KYF,NBG,6,8
KYF,JPL,6,8
KYE,BINA,14,22
KYE,JRK,2,18
KYE,MAKR,7,18
KYE,SGO,19,53
KRG,RMP,5,11
KRG,STR,7,10
KRG,KRD,2,48
SPJ,KRBP,8,14
SPJ,ROA,2,29
SPJ,MKPR,1,4
SPJ,UJP,5,10
SPJ,DSS,23,24
SPJ,DBG,20,38
SPJ,LSI,10,33
SPJ,MFP,45,52
SPJ,BJU,40,51
SPJ,HYT,6,22
SPJ,KPGM,8,6
SPJ,KGG,2,85
SPJ,RBZ,2,17
SPJ,KSP,1,10
SPK,BOJ,2,14
SPK,BFD,2,13
KRD,SIW,1,9
KRD,BVNR,3,21
KRD,MSR,4,14
KRD,TKR,8,27
KRD,SLI,20,68
KRD,STR,26,58
KRD,KOV,2,35
SPN,BE,59,71
SPN,MINJ,1,44
SPN,CH,2,135
SPN,PMR,1,51
SPN,LKO,23,165
SPN,BTRA,2,9
SPN,SCC,1,91
SPN,AJI,6,31
SPN,HRI,36,62
SPN,AO,8,93
SPN,ROZA,17,8
SPN,TLH,10,18
SPN,BLPU,2,35
BWH,GMR,10,7
BWH,DLN,10,8
BWI,MLPR,4,13
BWI,SHG,4,11
KYQ,GLPT,18,122
KYQ,RNY,42,41
KYQ,CGS,2,15
KYQ,NBQ,5,150
KYQ,GHY,56,6
SPC,SCC,2,5
SPC,ROZA,2,79
BWL,RE,3,15
BWL,KRH,1,32
BWL,HSI,2,24
BWM,SGZ,14,33
BWM,GOH,8,22
BWM,NAD,4,125
BWM,RTM,2,166
BWM,RMA,14,28
BWM,JHW,8,17
BWN,NH,6,77
BWN,DGR,63,63
BWN,KOAA,8,97
BWN,KQU,8,61
BWN,HWH,48,95
BWN,RNG,3,87
BWN,KAN,2,13
BWN,SDAH,12,101
BWN,MNAE,2,38
BWN,BDC,50,67
BWN,GKH,18,32
BWN,BP,2,91
BWN,BHP,28,52
BWN,RPH,2,112
BWN,ASN,8,106
BWN,PAN,15,47
BWN,DAKE,7,88
KYT,CAR,1,9
KYT,ARW,1,9
UMRI,MUE,9,20
UMRI,KEK,1,16
UMRI,DAB,8,29
GR,GUR,12,26
GR,DUD,2,50
GR,WADI,25,36
GR,SDB,30,26
GR,SUR,41,113
GP,BMB,13,35
GP,JSG,4,71
GP,GPH,8,19
GP,ROU,21,30
GP,KXN,4,9
TLHD,ANGL,30,12
TLHD,MRDL,4,15
TLHD,DNKL,22,48
TLHD,TLHR,2,6
TLHD,CTC,2,106
BYT,BSP,39,47
BYT,BYL,12,30
BYT,R,27,64
BYT,HN,2,15
BYT,TLD,22,26
TRTR,PVRD,7,19
TRTR,ERN,10,12
TRTR,KTYM,5,50
TRTR,MNTT,2,8
TRTR,ERS,4,9
GY,RLO,4,24
GY,ATP,28,57
GY,DHNE,12,55
GY,TU,15,48
GY,GTL,39,28
GY,DMM,2,91
GY,KLU,2,30
GY,KRNT,2,108
GY,HX,2,156
BYN,BEA,8,5
BYN,RPR,8,9
BYL,BSP,12,16
GD,LKO,16,124
GD,BBK,30,89
GD,CLJ,14,28
GD,MUR,42,29
GD,BST,22,89
GD,GKP,10,154
GD,LJN,2,116
GD,PDR,2,35
GD,SCC,4,159
GD,JLD,4,46
GB,CC,10,10
GB,GKP,1,34
GB,DEOS,11,15
BYD,RNR,2,18
BYD,HVR,2,14
GK,LMP,3,35
GK,MLN,3,26
TLHR,ANGL,9,18
TLHR,DNKL,11,52
GH,SBZ,2,11
GH,CPJ,2,15
MAQ,KGQ,23,46
MAQ,MAJN,4,5
MAQ,KMQ,2,34
MAQ,MJS,5,17
MAQ,ULL,2,9
MAQ,SL,4,29
MAP,SLY,1,24
MAP,BQI,4,22
MAP,TPT,5,47
MAP,KPD,2,138
MAP,JTJ,6,54
MAP,SA,8,66
MAP,BDY,2,12
MAS,GDR,28,138
MAS,NLR,2,176
MAS,TRL,7,42
MAS,PER,32,6
MAS,OGL,8,292
MAS,AJJ,40,69
MAS,KPD,17,129
MAS,BZA,10,430
MAS,SPE,23,83
MAU,BTT,2,68
MAU,AMH,5,43
MAU,BLTR,10,35
MAU,DEOS,4,89
MAU,IAA,19,8
MAU,DLR,11,21
MAU,JKN,2,29
MAU,BUI,8,69
MAU,BSB,6,93
MAU,ARJ,2,57
MAU,MMA,18,21
MAU,RSR,3,37
PQE,BEHS,7,6
PQE,NLD,7,6
JNU,MIH,2,12
JNU,ZBD,13,7
JNU,BTP,2,39
JNU,MAY,1,24
JNU,KS,6,22
JNU,ABP,2,77
JNU,SHG,21,33
JNU,JNH,1,54
JNU,BSB,14,58
MAY,JNH,5,30
MAY,ZBD,4,18
SNL,DOA,1,7
SNL,LDH,1,15
PQL,KZJ,2,8
PQL,GNP,2,12
SNK,DDE,2,19
SNK,AN,2,42
PQN,KHNM,2,19
PQN,UCR,12,11
PQN,GRMR,10,7
SNI,SEGM,7,31
SNI,TGP,2,9
SNI,NGP,1,46
SNI,AJNI,8,43
SNV,WSA,2,57
SNV,AJU,2,33
SNV,G,4,46
SNT,TPF,2,21
SNT,AMP,19,13
SNT,SURI,8,19
SNT,MLV,7,16
SNT,BHP,4,33
SNT,RPH,24,28
SNT,PNE,6,29
MAD,MYA,15,19
MAD,KGI,1,62
MAD,CPT,14,18
SNP,ANDI,1,34
SNP,NDLS,2,44
SNP,GNU,16,16
SNP,PNP,18,45
SNP,DLI,1,43
SNP,SZM,15,41
SNP,NUR,13,17
SNP,SMK,1,28
SNP,RDDE,1,10
SNP,DEE,2,46
JND,BDDR,2,28
JND,KSD,12,35
JND,NUD,4,31
JND,JLR,10,26
MAI,MTR,8,13
MAI,CAA,8,8
JNH,BOY,14,31
JNH,PLP,8,23
JNH,ALD,8,60
JNH,URPR,7,14
JNH,SQN,7,5
JNH,BSE,11,17
JNH,SAW,7,16
JNH,PBH,2,53
JNH,BSB,2,75
JNO,NVG,2,25
JNO,IKR,1,13
JNO,HRG,1,10
JNO,PUX,2,18
MAO,KUDL,4,139
MAO,SVM,14,16
MAO,UD,8,350
MAO,CHI,2,440
MAO,KKW,4,178
MAO,VSG,15,28
MAO,PNVL,4,697
MAO,KRMI,10,40
MAO,QLM,1,34
MAO,THVM,14,64
MAO,CNO,6,45
MAO,RN,6,334
MAO,KAWR,26,82
MAO,KT,2,159
MAO,SWV,4,110
JNL,ASR,8,19
JNL,BEAS,8,24
BEH,BMB,8,16
BEH,JSG,8,21
BEB,REJ,2,9
BEB,BPC,6,18
BEB,PLY,4,18
SVRP,CLG,3,12
SVRP,BKSL,1,5
SVRP,PPT,4,9
BEA,RPR,6,14
BEA,KRS,2,12
BEA,DURE,2,31
BEA,BXR,2,47
BEA,ARA,16,22
BEG,KUF,2,8
BEG,TDP,2,7
BEY,BMH,2,6
BEY,NDL,2,34
BER,FA,4,155
BER,SEU,3,14
BER,AII,28,52
BER,SOD,8,67
BER,MJ,13,88
BSRX,LMT,8,18
BSRX,BJP,8,44
MLGH,SMPA,1,21
MLGH,BUDI,4,68
MLGH,COR,3,65
MLGH,CNA,2,58
VLI,FK,7,10
VLI,PGI,7,5
TTR,ASK,27,26
TTR,TK,24,70
TTR,AMSA,3,27
GMDN,KGP,2,2
GMDN,MDN,2,11
LSI,TLWA,1,7
LSI,HYT,9,11
LSI,DBG,20,5
VLY,NNN,8,14
VLY,NCJ,14,31
VLY,AAY,2,19
VLY,TEN,10,42
VLY,NPK,2,8
MPLM,KRR,2,10
MPLM,PGR,2,5
LSR,RGO,14,28
LSR,POZ,1,12
LSR,KAJG,1,10
LSR,AWB,14,33
TTL,VPT,2,21
TTL,SVKS,2,3
TTB,MXN,4,12
TTB,KXL,2,17
TTB,FKG,2,26
VLR,TNM,2,83
VLR,KPD,12,10
VLR,VM,2,150
VLR,ARV,8,35
BIRD,PNVL,6,40
BIRD,BSR,32,27
LSX,BRPL,4,38
LSX,BLGR,4,18
ZN,RGP,4,12
ZN,GNP,6,28
ZN,BG,2,38
ZN,PBP,2,5
ZN,ALER,12,15
ZN,KZJ,14,48
ZN,SC,8,84
KSRA,IGP,19,16
SPZ,BGZ,10,18
SPZ,ROK,9,22
SPZ,ISM,1,3
GRX,BSE,1,13
GRX,DND,1,10
GRY,PHR,5,13
GRY,PGW,5,10
GRD,MMD,3,10
GRD,MDP,1,38
GRA,PNP,8,16
GRA,KUN,8,18
GRO,ET,2,11
GRO,SQL,2,8
GRL,MFP,8,26
GRL,BNR,8,9
ZW,JYM,2,23
ZW,KRCD,2,15
BSDP,NKP,8,7
BSDP,KAPG,8,10
NMM,RPAN,2,11
NMM,MJBT,2,30
NOI,JRK,2,16
NOI,SGO,2,18
NOK,DSO,14,32
NOK,BKN,16,65
NOK,NGO,30,51
KKU,JOB,4,28
KKU,JP,4,9
ARV,TNM,4,48
ARV,PRL,4,17
KKW,SNDD,6,25
KKW,NAN,2,22
KKW,VBW,4,43
KKW,THVM,6,114
KKW,RN,12,156
KKW,SWV,2,68
KKP,GJUT,12,16
KKP,BRW,2,18
KKP,FDK,12,13
KKP,BTI,2,43
KKM,YA,10,15
KKM,HX,10,24
HLN,HAS,12,32
HLN,KRNR,8,54
HLN,MGF,4,19
KKN,KNW,7,76
KKN,BRUD,2,20
KKN,HD,15,32
KKN,CAER,6,31
KKI,NRZB,2,10
KKI,UMR,2,12
TDU,KQT,2,25
TDU,NAW,4,18
TDU,BMT,6,109
TDU,VKB,20,41
TDU,SEM,14,34
TDU,WADI,6,70
KKJ,LKO,2,15
KKJ,MLD,4,10
KKJ,AMG,2,8
APDJ,HSA,7,35
APDJ,KOJ,10,81
APDJ,HOJ,2,26
APDJ,NBQ,5,109
APDJ,DLO,4,60
APDJ,BNV,2,69
APDJ,SGUJ,2,161
APDJ,GOGH,4,49
APDJ,NMZ,2,114
APDJ,NCB,2,23
APDJ,NJP,2,168
KKA,DLK,2,15
KKA,KNE,2,14
NOQ,KOJ,18,79
NOQ,KAMG,6,20
NOQ,FKM,7,69
NOQ,NBQ,17,106
NOQ,GOGH,2,46
NOQ,NCB,52,19
KKB,SRID,2,15
KKB,NU,2,15
VAPM,PAY,2,26
VAPM,CAN,4,7
VAPM,KPQ,2,7
STPD,KCG,2,5
STPD,MJF,2,4
VAPI,NVS,4,63
VAPI,BL,67,24
VAPI,BOR,16,72
VAPI,BSR,26,122
VAPI,ST,22,93
VAPI,PLG,9,83
VAPI,BLD,6,13
VAPI,BVI,23,140
VAPI,UVD,6,8
VAPI,DRD,19,51
BZLE,KGLE,7,27
BZLE,SALE,7,14
VBL,PVP,17,24
VBL,VZM,21,53
VBL,PVPT,4,25
VBW,RAJP,6,24
VBW,NAN,2,21
PRNR,GADH,2,7
CTC,KNPR,1,4
CTC,KDRP,2,16
CTC,DNM,3,36
CTC,BBS,103,28
CTC,BHC,10,116
CTC,NRG,2,11
CTC,JKPR,2,64
CTC,BLS,4,177
CTC,DNKL,13,57
CTC,KIS,2,15
CTC,JJKR,68,72
CTC,BRAG,4,11
CTC,SORO,2,145
CTC,MCS,4,21
CTO,PAK,13,30
CTO,KPD,34,32
CTO,TPTY,23,72
BRJN,RIG,8,60
BRJN,JSG,16,13
BRJN,BPH,8,9
MTJ,KSV,15,41
MTJ,SWM,4,217
MTJ,NDLS,14,140
MTJ,MRT,1,2
MTJ,AH,5,35
MTJ,CHJ,8,31
MTJ,BTE,24,34
MTJ,RKM,38,50
MTJ,FDB,28,113
MTJ,DSJ,2,137
MTJ,FHT,2,22
MTJ,HTC,6,41
MTJ,BVH,5,105
MTJ,KSJ,2,105
MTJ,NZM,40,133
MTJ,GDO,2,25
WHM,AK,20,79
WHM,HNL,20,47
PNDM,VRI,5,18
PNDM,ALU,5,35
ABSA,TLMR,2,29
ABSA,MANU,2,20
SID,CHP,2,14
SID,PNU,14,30
SID,UJA,14,14
SID,MSH,2,31
MDL,BHL,2,11
MDL,GBP,2,53
DBEC,R,2,20
DBEC,BIA,2,4
RLO,TU,4,24
LMP,STP,3,45
LMT,BGK,8,35
SPE,GPD,2,35
SPE,GDR,8,55
LMK,DHD,3,34
LMK,MAM,1,10
LMK,PPD,4,8
LMN,RBL,10,21
LMN,UCR,10,17
LMO,SVKD,2,24
LMO,DAS,2,33
LMG,DPU,27,32
LMG,HJI,5,45
LMG,MBG,2,66
LMG,JID,2,123
LMG,LKA,19,30
LMG,DMV,1,69
LMG,GHY,4,180
LMG,MYD,2,10
LMG,LGT,2,39
DPU,DMV,27,37
MOTC,RWL,3,7
MOTC,HW,3,4
DPS,KNPS,2,20
DPS,DJHR,2,21
DPS,BJMD,2,22
DPS,NOMD,2,8
DPR,SEO,11,14
DPR,NGG,15,16
DPR,MB,4,59
MOTH,AIT,8,34
MOTH,JHS,2,56
MOTH,CGN,8,24
MOTH,ORAI,2,58
JID,NNGE,2,49
JID,CPK,18,34
JID,GHY,16,58
JID,DGU,4,23
JID,HJI,2,79
MVLK,CNGR,31,12
MVLK,QLN,2,49
MVLK,CYN,2,6
UKL,TUP,3,14
UKL,ED,3,36
DPA,JP,26,7
DPA,SWM,14,124
DPA,BNLW,12,59
SDGM,HMT,2,81
SDGM,ASV,2,5
DPL,LKN,2,5
DPL,BGS,2,13
DPJ,HSRA,17,92
DPJ,SA,17,66
DPJ,PCV,2,21
DPJ,OML,2,55
UKA,UDL,2,12
UKA,PAW,2,9
LD,DWR,17,70
LD,PUNE,1,467
LD,LWR,22,34
LD,BGM,26,51
LD,CLR,15,25
LD,KNP,4,26
KAMG,JOQ,2,8
KAMG,GOGH,2,26
KAMG,FKM,2,49
LC,DAL,3,2
LC,BNZ,10,7
LC,ASH,3,2
LC,LJN,10,5
LM,RUR,2,27
LM,BTD,3,49
LM,WC,3,20
LM,JVN,2,23
BNLW,ISA,4,26
BNLW,SWM,6,65
BNLW,CKB,2,44
LS,NR,10,17
LS,NK,8,48
LS,MMR,18,25
BLPU,BE,2,36
BLPU,PMR,1,16
BLPU,MK,2,7
BLPU,TSA,2,7
BLPU,TLH,1,16
BLPR,KUTI,2,4
BLPR,RNGG,2,4
TPH,TLJ,2,10
TPH,SBG,10,38
TPH,BHW,12,16
ANTU,AME,6,14
ANTU,JGJ,1,8
ANTU,MFL,2,8
ANTU,PBH,4,21
ANTU,CIL,3,17
CLDR,HCNR,2,11
CLDR,SGDP,2,11
RDHP,DEOR,4,41
RDHP,SIOB,2,134
RDHP,SNLR,4,43
RDHP,BLDI,2,68
NLDA,CTYL,4,26
NLDA,GNT,2,172
NLDA,RMNP,2,34
NLDA,BN,2,77
NLDA,MRGA,18,38
NLDA,SC,12,109
KWAE,NDAE,17,39
KWAE,KGLE,2,58
KWAE,SALE,13,17
KWAE,AZ,2,73
PNP,UMB,22,109
PNP,NDLS,17,90
PNP,SZM,5,85
PNP,DLI,3,89
PNP,GNU,3,29
PNP,KUN,34,34
PNP,SMK,14,17
PNP,DEC,2,94
PNP,DEE,2,91
NLDM,NNGL,2,3
NLDM,ANSB,6,20
NLDM,UHL,2,17
BINA,SCI,1,94
BINA,BAQ,28,45
BINA,DUA,10,35
BINA,BPL,52,138
BINA,JHS,45,152
BINA,BAB,2,128
BINA,MABA,13,18
BINA,SGO,6,74
BINA,BHS,8,86
BINA,ASKN,3,75
BINA,LAR,33,62
BINA,MNV,9,28
PNW,BKSC,6,17
PNW,KSX,4,12
PNW,JAA,2,24
PNK,CNB,9,10
PNK,RURA,12,33
PNK,GOY,4,7
PNK,PHD,1,72
BKNG,RJT,14,6
BKNG,GDL,14,35
PNC,FUT,45,12
PNC,BKG,7,6
PNC,MKA,4,80
PNC,GZH,10,3
PNC,PNBE,23,10
PNC,RJPB,33,7
PNC,BKP,10,36
SRNR,GWD,6,12
SRNR,MBNR,2,63
SRNR,WPR,4,10
PNE,BHP,13,4
PNE,AMP,7,15
PND,APR,24,51
PND,BIG,6,54
PND,KOI,2,11
PND,BSP,18,100
PND,HRB,2,8
PNF,JOA,2,16
PNF,PRLI,2,36
KUDL,SNDD,6,14
KUDL,KRMI,2,99
KUDL,THVM,4,75
KUDL,RN,10,195
KUDL,SWV,6,30
CTKT,DNA,4,30
CTKT,KHTU,2,6
CTKT,DIA,6,35
SIPR,SWA,1,5
SIPR,MHH,1,3
JPG,NJP,2,35
JPG,RQJ,2,9
JPG,HDB,6,22
JPG,MOP,2,6
JOP,ZBD,4,7
JOP,BTP,2,38
JOP,LBA,4,63
JOP,SLN,10,86
JOP,JLL,4,18
JOP,SKN,8,28
JOP,BSB,12,58
JOQ,GOGH,2,18
JOR,MKSR,4,32
JOR,MON,4,35
PRF,SWPR,6,13
PRF,BOY,11,9
PRF,KEH,5,9
SAN,LKO,13,48
SAN,UTA,2,5
SAN,MLD,3,24
SAN,AMG,3,43
SAN,BLM,12,20
SAN,HRI,9,54
SAN,RBD,4,11
PRB,KPP,4,15
PRB,SEH,4,14
SAC,GWL,2,18
SAC,MLAR,2,7
PRL,TNM,4,31
SAA,AMH,4,13
SAA,MMA,4,9
MUR,NGB,2,21
MUR,MSW,14,14
MUR,GKP,4,125
MUR,KEA,2,30
MUR,BST,20,61
MUR,BV,6,31
MUR,AY,6,39
SAG,DUI,19,16
SAG,SFM,13,12
SAG,JHL,6,50
PRH,EE,2,2
PRH,NZD,2,17
NGR,UBL,9,35
NGR,SVHE,2,13
NGR,GDG,11,23
PRT,CUPJ,2,27
PRT,VM,4,20
PRT,TDPR,2,23
JOB,FL,13,18
JOB,JP,11,37
JOB,HDA,2,10
JOC,BURN,13,33
JOC,ASN,4,37
JOC,ANR,7,13
JOC,PRR,10,39
PRP,TKN,7,13
PRP,KQR,7,44
PRP,GAYA,5,33
PRP,GJD,3,34
PRP,GAP,2,12
PRR,BBM,13,31
PRR,GUG,2,29
PRR,GAYA,2,261
PRR,TATA,14,90
PRR,BJE,2,49
PRR,ADRA,6,39
PRR,CKP,6,118
PRR,ANR,13,26
PRR,BKSC,4,64
PRR,CNI,2,54
BLW,CNK,2,7
BLW,RSI,2,9
SAP,NDKD,2,53
SAP,PGRL,14,32
SAP,GNT,16,42
SAW,BOY,8,15
SAW,SQN,7,10
SAW,MOF,6,7
SAV,BSL,2,16
SAV,NB,2,9
SAU,ADI,5,28
SAU,ABD,2,12
SAU,CE,2,11
SAU,VG,5,37
NRKR,PAR,19,18
NRKR,BZU,4,105
NRKR,NGP,6,85
NRKR,CNDB,4,95
NRKR,AMLA,2,82
NRKR,KATL,15,25
SNF,BMT,6,4
SNF,LPI,6,14
GRRU,RFJ,12,16
GRRU,GAYA,12,22
CHE,NWP,10,47
CHE,DUSI,2,6
CHE,VZM,50,70
CHE,TIU,6,19
CHE,PDU,4,16
CHE,PSA,46,72
CHE,CPP,10,39
CHE,BAM,2,147
JNR,KML,6,20
JNR,SMI,6,25
MRT,HTC,1,40
CHI,ROHA,8,179
CHI,SGR,4,59
CHI,PNVL,11,256
CHI,SVX,2,26
CHI,KHED,7,41
CHI,RN,18,106
JAT,VJPJ,7,21
JAT,SMBX,9,33
JAT,BBMN,8,9
JAT,PTKC,12,99
JAT,KTHU,28,77
JAT,UHP,6,54
JAT,GHGL,2,42
JAT,RMJK,2,44
SKTN,KRSL,4,10
MRR,RJG,6,12
MRR,NHT,8,16
MRR,PKR,7,23
MRR,CTR,1,7
MRR,RPH,4,31
KASR,KUR,2,11
KASR,DEG,2,5
MRL,NVS,8,9
MRL,UDN,2,17
MRL,SCH,4,7
MRL,ST,2,22
JAO,RTM,11,33
JAO,MDS,9,51
JAO,NLI,2,20
JAO,DOD,4,17
CHR,BUI,1,21
CHR,PEP,2,11
CHR,RSR,3,11
JAM,RJT,4,85
JAM,BNVD,2,79
JAM,WSJ,4,98
JAM,KNLS,2,27
JAM,LPJ,6,43
JAM,HAPA,39,9
JAM,KMBL,23,54
JAJ,GHR,16,11
JAJ,STL,11,19
JAJ,PNBE,2,177
JAJ,JMU,18,26
JAJ,BJU,14,93
JAJ,KIUL,32,54
JAJ,LKR,4,55
JAJ,JSME,77,44
CHV,PAY,12,14
CHV,KZE,4,15
CHV,NLE,12,5
CHV,TKQ,4,8
MRK,CBM,6,26
MRK,DKD,8,24
MRK,GID,2,59
MRK,TLU,2,13
MRK,NRT,2,99
MRE,BMU,1,9
MRE,SYWN,1,4
CHZ,BG,2,34
CHZ,MLY,2,7
MRG,DBY,2,13
MRG,LEDO,2,8
MRA,DHO,30,27
MRA,GWL,45,39
MRA,BAO,2,19
MRB,KBL,5,22
MRB,HPT,5,6
JAA,MURI,18,13
JAA,BKSC,8,40
JAA,KSX,8,11
BRKA,MURI,2,58
BRKA,RRME,3,9
BRKA,BHKD,2,12
BRKA,DTO,4,185
BRKA,RMT,11,5
BRKA,GMIA,2,52
BRKA,DHN,2,118
BRKA,PTRU,13,20
BRKA,TORI,4,85
BRKA,ARGD,1,4
BRKA,PUS,2,72
BTKP,ATE,4,22
BTKP,CKTD,4,15
DBA,GWL,34,42
DBA,JHS,6,55
DBA,SOR,4,19
DBA,DAA,24,30
VSKP,SCM,19,8
VSKP,VZM,82,61
VSKP,DVD,44,18
VSKP,AKP,9,34
VSKP,RJY,40,201
VSKP,SLO,24,150
VSKP,BAM,8,277
DBB,GUP,2,6
DBD,MOZ,23,24
DBD,RK,1,60
DBD,TPZ,6,28
DBD,SRE,16,34
DBG,KML,6,23
DBG,SKI,10,19
DBG,KKHT,4,7
DBY,MJN,2,26
SNN,BPK,1,7
SNN,HGT,1,17
API,DG,2,10
API,ODC,2,23
APN,VGE,2,19
APN,SXT,2,8
DBR,SRJ,9,33
DBR,BRG,4,16
DBR,ALD,2,78
DBR,MKP,15,23
DBU,GBD,8,39
DBU,YNK,8,21
ATP,DHNE,8,112
ATP,GTL,18,68
ATP,DMM,58,34
ATP,KLU,2,27
ATP,KRNT,2,165
VNUP,NDKD,8,18
VNUP,MRGA,8,20
THVM,SNDD,2,90
THVM,PERN,6,15
THVM,KRMI,8,25
THVM,RN,2,269
THVM,SWV,2,46
RPRD,NRLR,13,7
RPRD,KSNG,15,16
RPRD,AMB,2,32
TKG,TBR,2,6
TKG,GAGA,2,12
TKD,OKA,6,7
TKD,FDB,10,10
TKD,NDLS,1,18
TKD,NZM,3,10
TKE,BDVT,8,20
TKE,RRB,8,24
HMY,TBH,2,18
HMY,NLP,2,29
NLV,BPRD,4,48
NLV,KTCH,2,10
NLV,RNY,10,17
NLV,TIHU,2,17
NLV,PBL,2,27
TKN,GAYA,7,19
TKJ,ANVR,2,11
TKJ,NDLS,1,3
TKJ,NZM,1,4
TKJ,CSB,2,1
JNA,JIND,7,25
JNA,ROK,7,32
TKH,JRG,2,6
TKH,ROP,2,6
HML,VNE,2,32
HML,GPZ,2,19
NLE,PAY,4,20
NLE,KZE,16,10
NLD,RGD,4,11
NLD,SILO,3,5
KUGT,MANU,2,21
KUGT,PEC,2,10
TKQ,PAY,4,6
NLI,RTM,2,13
HMG,BHL,2,18
HMG,GGR,2,14
DLB,POZ,1,9
DLB,AWB,1,13
MAG,NBR,4,11
MAG,GNT,4,20
MAG,NGNT,2,18
MAG,BZA,7,12
MAG,KCC,3,7
AFK,CKI,28,15
AFK,TCR,2,46
AFK,DINR,6,13
AFK,AWY,36,9
DLK,TETA,6,8
DLK,KIR,4,85
DLK,KNE,26,28
DLK,BOE,18,29
GCH,MKN,2,29
GCH,DNA,2,15
DLI,KRJ,2,82
DLI,AMRO,3,130
DLI,ANDI,2,9
DLI,GZB,38,20
DLI,SZM,20,3
DLI,MB,11,161
DLI,NUR,1,26
DLI,ALJN,2,126
DLI,SBB,5,13
DLI,KUN,2,123
DLI,ATT,2,472
DLI,CNB,4,433
DLI,RE,2,82
DLI,UMB,2,197
DLI,DEC,16,14
DLI,DSA,22,6
DLI,DEE,17,4
DLI,DKZ,8,3
DLI,SSB,2,10
SNQ,MUW,2,8
SNQ,JSME,2,9
DLO,NJP,2,109
DLO,NMZ,4,53
DLO,BNV,4,9
DLO,HSA,6,25
DLN,ZNA,18,14
DLN,PNBE,2,154
DLN,BXR,18,37
DLN,MGS,18,58
DLN,GMR,6,16
DLR,JKN,7,9
DLR,ARJ,4,37
DLQ,BLM,2,8
DLQ,UTA,2,7
DGA,CI,2,29
DGA,STLR,4,4
DGA,SEE,18,23
DGA,ATNR,2,6
DGA,CPR,20,31
HPU,AMRO,20,73
HPU,PKW,27,11
HPU,MB,11,104
HPU,GZB,15,37
HPU,GJL,5,51
HPU,SMBL,2,21
HPU,HZR,2,9
HPU,GMS,9,30
HPU,MTC,6,30
HPU,BARL,1,29
HPU,BSC,1,41
AFR,DUB,2,10
AFR,CH,2,14
DGG,RJN,26,31
DGG,G,16,73
DGG,SKS,4,36
KXH,SQR,4,25
KXH,JUC,4,20
BTT,BLTR,4,33
BTT,DEOS,41,20
BTT,BHTR,14,13
BTT,SV,14,49
BTT,MW,2,27
BTT,SRU,13,11
BTW,UMD,8,36
BTW,KWV,8,38
BTV,BHC,2,31
BTV,KRIH,2,7
BTQ,KCV,2,11
BTQ,JOL,2,6
BTP,PDRD,2,5
BTP,SOP,1,13
BTP,KSF,6,9
BTP,BRPT,1,6
BTP,BSB,10,19
BTS,JER,6,20
BTS,ROP,4,10
BTS,ARD,2,6
BTS,BLS,4,28
MAM,DHD,1,24
BTY,DEB,2,12
BTY,KNJ,6,28
BTY,PLY,4,22
BTX,HPP,4,23
BTX,KLAR,2,8
BTX,MBA,2,30
SSR,BJNR,2,26
SSR,BHL,2,40
SSM,MGS,4,100
SSM,DOS,48,17
SSM,BBU,31,47
SSM,GAYA,4,103
SSM,KTQ,17,26
BTD,SRGT,2,75
BTD,NGA,1,18
BTD,DLJ,8,43
BTD,BVC,2,91
BTD,JVN,4,72
BTD,LTD,1,11
BTD,RUR,2,22
AJNI,SEGM,1,73
AJNI,NGP,15,3
AJNI,WR,6,76
BTA,ARA,14,21
BTA,DNR,14,18
BTA,KWR,5,9
BTA,PAIL,1,6
BTA,SDE,6,4
SNX,KTW,4,10
SNX,NBD,4,15
BTC,SMC,2,16
BTO,NRS,2,13
BTO,BE,2,19
MAN,BJD,7,13
MAN,MHD,13,25
MAN,ND,11,43
MAN,ANND,4,61
MAN,BRC,1,97
MAN,ADI,36,3
BTI,PUL,6,32
BTI,KNL,2,43
BTI,MAUR,10,34
BTI,MSZ,2,53
BTI,GJUT,6,26
BTI,FDK,2,55
BTI,GDB,13,28
BTI,GNA,6,12
BTI,HMH,2,92
BTI,MBY,4,35
BTI,BCU,4,17
BTI,BTIC,3,8
BTI,SGF,4,17
BTI,RMN,2,29
BTI,BNN,2,64
BTH,MJL,2,9
BTH,CAI,4,17
BTH,SGL,14,22
BTH,NKE,12,37
BTK,MW,6,6
BTK,BHTR,6,8
SSB,NNO,11,7
SSB,NDLS,9,12
SSB,DKZ,18,7
SSB,MGLP,1,4
SSB,BGZ,19,19
SSB,DEE,2,8
KKLR,AKVD,20,17
KKLR,MDVL,2,7
KKLR,GDV,18,29
PGTN,PGT,2,5
KMME,DHN,15,39
KMME,BRR,13,3
KMME,ULT,1,6
KMME,ASN,1,20
RMR,GWS,2,16
RMR,KPV,6,28
RMP,TAZ,5,11
RMT,MURI,11,53
RMU,BE,39,63
RMU,MIL,6,23
RMU,MB,51,28
RMU,RUPC,2,45
RMU,NRS,4,32
RMU,BLQR,8,27
LNT,PMKT,2,20
LNT,KAYR,2,25
TSI,SCT,2,8
TSI,KDNL,2,16
SEE,PMU,2,7
SEE,CPR,45,54
SEE,HJP,69,6
LNR,MEP,2,11
LNR,VMA,2,12
RMB,LHU,2,20
RMB,SDLP,2,29
LNL,PUNE,65,64
LNL,SVJR,8,62
LNL,KAD,11,4
LNL,KK,4,57
LNL,TGN,6,29
LNL,LTT,2,112
LNL,TNA,2,95
LNL,CCH,6,48
LNL,KJT,51,28
LNL,DR,1,119
RMA,DKNT,2,63
RMA,SGZ,7,62
RMA,NAD,6,152
RMA,RTM,2,194
RMA,JHW,8,12
RMA,MKX,6,10
RMF,MQX,1,11
RMF,NUQ,1,12
BGVN,DD,8,27
BGVN,JEUR,8,47
LNK,SQR,4,6
LNK,MQS,2,20
LNK,MXH,6,24
TETA,SUD,6,9
KGLE,AZ,15,15
KGLE,SALE,6,41
RMN,KNL,2,14
RMM,PBM,2,11
RMM,MMM,8,18
RMM,RMD,6,54
BBN,BJMD,4,9
BBM,CNI,13,22
NMGY,GLGT,2,16
NMGY,KUTI,2,2
BBK,LKO,42,29
BBK,BNZ,17,25
BBK,LJN,8,36
BBK,GKP,2,242
BBK,BUW,10,28
BBK,JLD,6,43
BBK,FD,1,99
BBK,SFH,1,7
BBK,DYD,14,39
BBK,RDL,7,62
BBK,SGJ,5,18
BBK,GTNR,7,20
KJG,YLG,1,22
KJG,HVR,1,7
KJH,AHA,20,8
KJH,UREN,4,4
KJH,KIUL,16,16
KJI,JYG,6,13
KJI,RJA,6,9
KJN,BLU,2,25
KJN,CPA,7,78
KJN,GHJ,2,22
KJN,FGR,2,54
KJN,FBD,5,59
BBA,RG,2,6
BBA,CH,3,43
BBA,BJ,1,27
BBA,ALJN,2,55
KJM,YPR,14,20
KJM,YNK,4,16
KJM,MLO,2,29
KJM,WFD,9,9
KJM,BNCE,6,7
KJM,SBC,3,14
KJM,BAND,10,8
KJM,HUP,6,99
KJM,JTJ,7,134
KJM,BNC,25,9
KJM,SA,2,254
KJT,KAD,11,25
KJT,CHOK,2,11
KJT,PNVL,2,29
KJT,CSTM,1,100
KJT,NRL,3,13
BBU,MGS,33,53
BBU,CDMR,2,37
BBU,SYJ,4,29
BBU,DGO,11,9
BBU,KTQ,15,22
BBU,DOS,2,65
BBU,PSE,2,12
KJY,KRJ,3,7
KJY,MOM,1,9
KJY,BSC,2,16
BBS,KGP,2,323
BBS,BHC,2,165
BBS,KUR,158,19
BBS,BLS,8,227
BBS,DNKL,16,62
BBS,BRAG,4,17
BBS,HIJ,2,317
BBS,BAM,1,166
BBS,MCS,10,7
BSQP,MNP,9,6
BSQP,KIUL,9,8
MDNR,GZN,2,22
MDNR,MTC,17,20
MDNR,GUH,1,18
MDNR,GZB,8,27
MDNR,MUD,6,10
TUP,CBF,5,47
TUP,PTJ,10,43
TUP,CBE,94,50
TUP,ED,108,50
TUP,PLMD,2,41
VMD,KVM,4,5
VMD,PAV,4,7
MBNL,MON,4,28
MBNL,RNV,4,32
TUV,MLTR,2,6
TUV,VNB,2,9
DNKL,MCS,6,55
DNKL,JJKR,2,105
DNKL,MRDL,4,33
MDDP,HBD,2,51
MDDP,HBJ,6,16
MDDP,ODG,4,14
TUL,SSIA,2,7
TUL,CNI,2,37
MBNR,GWD,18,75
MBNR,KCG,18,105
MBNR,SHNR,4,53
MBNR,WPR,6,53
MBNR,KRNT,8,131
MBNR,JCL,12,18
TUN,NRW,15,26
TUN,JHL,15,12
TUA,KTU,4,7
TUA,TIR,4,8
BWIP,DPUR,2,12
BWIP,JNRD,2,25
KRND,AMH,5,35
KRND,SMZ,9,10
KRND,SHG,14,21
DRLA,MUT,1,12
DRLA,KAT,1,17
KPNA,NIA,1,7
KPNA,AKT,1,8
KRNR,MYS,12,34
KRNR,MGF,4,35
BEHS,BKP,2,30
BEHS,SOW,1,4
BEHS,WENA,4,14
BEHR,SGRL,4,148
BEHR,MWJ,4,46
BEHR,VST,2,30
BEHR,KHBJ,2,61
BEHR,KMZ,4,111
ANSB,KART,2,8
ANSB,RPAR,4,35
PDY,VM,14,37
PDY,MS,2,196
TKRI,RGDA,4,89
TKRI,SGRM,2,9
TKRI,LKMR,4,22
TKRI,RUL,2,13
POT,AUB,2,5
POT,TBR,2,9
JAIS,RBL,10,28
JAIS,AME,2,37
JAIS,GNG,11,18
JAIS,FTG,4,10
JAIS,KCJ,1,2
BET,KAH,2,10
BET,BAQ,2,10
FYZ,RUB,1,9
FYZ,FTP,2,11
FYZ,KGA,1,23
SLH,R,2,23
SLH,TLD,2,15
CYN,CNGR,2,6
SKGH,CAR,5,21
SKGH,LUSA,5,20
FKM,KOJ,17,10
FKM,NBQ,4,38
FKM,GOGH,6,23
FKM,NCB,2,88
FKM,CROA,2,12
FKA,LKW,2,31
FKG,KXL,2,9
FKG,BXP,6,24
FKG,MXN,13,38
FKG,BXJ,4,56
FKG,GLGT,2,7
FKG,DMV,7,70
FKG,SZR,2,34
DHG,SIOB,10,116
DHG,MALB,2,76
DHG,HVD,6,31
DHG,VG,12,66
DHG,ADI,6,131
CWA,PUX,2,29
CWA,GNW,1,14
SMET,BDVT,2,19
SMET,ANF,6,55
SMET,SME,6,3
WKI,SRR,15,16
WKI,OTP,11,29
WKI,TCR,24,16
WKI,PNQ,2,14
QSR,RWL,2,11
QSR,DWO,2,10
WKR,SUNR,24,74
WKR,MVI,4,29
WKR,DL,2,12
WKR,RJT,37,42
WKR,THAN,15,27
PAP,GLP,5,6
PAP,ANV,10,25
PAP,SLO,15,12
AGTL,JGNR,2,4
PAR,BZU,18,86
PAR,MTY,19,41
PAR,NGP,27,104
PAR,AMLA,16,63
PAR,KATL,7,43
PAU,NED,39,30
PAU,PBN,25,28
PAU,BMF,8,23
PAU,HNL,12,81
PAV,CLU,4,6
CKB,ISA,4,18
CKB,SWM,6,21
PAY,KGQ,4,52
PAY,KPQ,10,19
PAY,ELM,2,5
PAY,PAZ,12,12
PAY,KZE,18,29
PAY,CAN,16,34
PAZ,KPQ,8,8
PAZ,CAN,6,22
PAZ,ELM,2,7
CKI,IJK,34,7
CKI,TCR,2,30
CKI,DINR,6,2
CKI,AWY,2,25
CKK,BNSA,2,8
CKK,KHMA,2,7
CKU,HIJ,2,68
CKU,GTS,14,30
CKU,JGM,12,29
KATI,TMZ,12,61
KATI,DSPN,2,29
KATI,DGHA,10,33
KATI,RMRB,4,24
DRZ,BXA,2,25
PAD,BL,4,10
PAD,UVD,4,6
CKP,GOL,3,34
CKP,RKSN,12,20
CKP,MURI,2,132
CKP,TATA,27,62
CKP,MOU,3,61
CKP,CBSA,2,41
CKP,SWR,6,21
CKP,ROU,35,101
CKR,RBG,2,14
CKR,GPB,2,15
PAK,PIL,8,41
PAK,KPD,3,62
PAK,TPTY,20,42
KHTU,DNA,2,25
PAN,DGR,21,16
PAN,MNAE,6,10
PAO,AKV,6,10
PAO,KSB,6,8
AWY,ERS,54,20
AWY,TCR,70,55
AWY,IPL,7,11
AWY,DINR,2,22
AWY,ERN,49,17
BMCK,THV,4,19
BMCK,MNGD,4,17
PNYA,KZA,4,6
PNYA,BUG,4,23
AWR,DEC,3,143
AWR,GADJ,2,145
AWR,JP,15,150
AWR,BKI,13,61
AWR,MKH,4,19
AWR,RE,14,74
AWR,KRH,24,26
AWR,DEEG,2,82
AWR,GGN,2,126
AWR,RHG,13,36
AMSA,TK,3,44
DCA,BXK,2,8
DCA,CNE,2,9
MQS,NRO,2,12
MQR,SEM,12,13
MQR,CT,12,9
MQU,KZK,2,8
MQU,CRY,2,8
MQX,GHQ,3,11
MQX,NUQ,2,23
AWB,MKDD,1,6
AWB,NSL,6,89
AWB,J,26,63
AWB,MMR,6,113
SGNR,ABS,13,53
SGNR,KESR,2,25
SGNR,SDS,2,30
UJP,DSS,1,14
UJP,NAZJ,4,6
UJN,BCH,12,60
UJN,NAD,46,55
UJN,RTM,6,96
UJN,DWX,36,40
UJN,BPL,6,183
UJN,VRG,3,6
UJN,MKC,22,41
UJN,TAN,10,31
UJN,SJP,14,103
DQG,NCB,21,60
DQG,NJP,14,66
DQG,JPE,11,32
DQG,FLK,10,22
DQG,NMX,6,21
GRCP,LJR,2,9
GRCP,DPUR,2,9
DQN,BLDI,4,35
DQN,RNV,4,35
UJA,CHP,2,27
UJA,MSH,18,22
UJA,PNU,2,43
SGLA,PVR,4,29
SGLA,MRJ,2,107
SGLA,DLGN,2,46
ANAS,BIO,2,7
ANAS,MGN,2,15
PLCJ,LGH,2,158
PLCJ,MWT,2,29
PLCJ,RDRA,9,46
PLCJ,BKN,2,162
PLCJ,JU,2,137
PLCJ,OSN,5,73
ALMR,NGA,2,8
ALMR,UJ,2,6
BLQR,RUPC,8,18
CCH,PUNE,4,16
CCH,SVJR,1,14
CCH,PMP,2,2
CCH,KK,1,10
CCH,TGN,2,18
KPP,SJP,12,13
KPP,SEH,8,29
GBD,HUP,16,24
GBD,YNK,8,60
DMC,GOM,2,26
DMC,SPTR,1,23
OBVP,PMT,4,11
OBVP,KOU,6,13
OBVP,RJP,2,20
GBA,VSU,6,25
GBA,CDGR,6,12
DMM,YPR,9,174
DMM,KRY,8,67
DMM,YNK,5,162
DMM,GTL,6,101
DMM,HUP,24,79
DMM,KRNT,2,199
DMM,PKD,6,53
DMN,PLO,21,20
DMN,BD,10,45
DMN,CND,11,17
DMN,AMI,2,55
DMN,WR,2,49
DMO,KTE,16,111
DMO,PHA,18,27
DMO,BNU,6,15
DMO,SGO,24,77
DMO,KMZ,18,110
DMP,KMTI,3,6
DMP,BOF,1,9
DMP,KLK,4,33
DMR,CBZ,2,13
DMR,PEC,2,22
DMV,MXN,3,108
DMV,BXJ,12,14
DMV,SZR,2,36
DMW,LLJ,2,14
DMW,JPD,2,13
JEUR,KEM,5,17
JEUR,DD,4,74
JEUR,KWV,7,35
ITA,VS,2,15
ITA,MYG,2,12
GBX,HTE,5,41
GBX,PKF,4,20
GBX,BANO,1,52
BUX,TAE,1,9
BUX,MJRI,1,10
BUX,WRR,3,22
BUX,CD,3,24
BUP,JMP,24,10
BUP,KPRD,2,5
BUP,SGG,26,18
BUP,RPUR,4,4
BUQ,HBG,2,26
BUQ,SKY,2,26
FDN,BVH,3,4
FDN,FDB,3,4
BUW,TSF,2,22
BUW,JLD,10,15
BUW,CLJ,2,32
BUT,BLT,6,50
BUT,UTL,2,36
BUT,BME,4,47
DRD,VGN,2,13
DRD,UBR,4,20
DRD,BL,1,74
DRD,BOR,5,21
DRD,BSR,6,72
DRD,PLG,5,33
DRD,GVD,2,11
DRD,BVI,8,90
BUH,SDL,11,20
BUH,APR,4,21
BUH,SNGP,1,13
BUH,AAL,8,8
PRLI,LTRR,12,63
PRLI,GNH,10,30
PRLI,PBN,4,64
BLT,SMR,8,33
BLT,BME,2,96
BUA,CPH,4,15
BUA,SKT,2,15
BUA,KHS,2,30
BUG,HIR,8,26
BUG,NKE,6,41
BUG,SBZ,8,43
BUG,GKP,4,109
BUG,BRU,2,18
RNPR,CRJ,4,4
RNPR,STN,4,12
RDUM,BRYA,3,6
RDUM,HTZ,3,5
KPRD,SGG,2,13
JMKT,WL,6,44
JMKT,PDPL,9,39
JMKT,KZJ,5,36
JMKT,BGSF,2,7
JMKT,OPL,2,12
JMKT,OEA,2,20
ZB,VKB,12,60
ZB,BIDR,12,31
MOZ,MUT,8,51
MOZ,SRE,7,58
MOZ,KAT,10,22
MOZ,MTC,16,56
MOZ,TPZ,2,51
MOZ,RK,2,84
JLW,KTES,2,14
JLW,RPD,2,12
KURJ,MBA,6,64
JLS,HRS,5,20
JLS,TDL,5,28
JLR,VRR,6,20
JLR,NUD,4,6
JLR,GDL,2,36
JLR,UA,2,32
BRVR,MHAD,1,11
BRVR,SHF,1,7
MOR,PHK,8,8
MOR,MKA,8,7
ACND,AY,9,4
ACND,FD,9,3
PSA,PUN,2,12
PSA,NWP,14,26
PSA,VZM,8,142
PSA,MMS,4,13
PSA,IPM,4,50
PSA,BAM,40,74
MOU,GOL,9,27
MOU,BZR,3,26
MOU,JRA,1,11
MOU,ROU,2,40
MOU,BNDM,6,32
MOT,GDB,9,16
MOT,ABS,9,30
JLD,CLJ,12,17
MOI,NANA,2,13
MOI,JWB,2,9
MOO,YA,10,17
MOO,KDP,10,25
MOM,BSC,1,7
MOL,SUNR,2,21
MOL,THAN,2,26
PSR,MSK,4,13
PSR,NNR,4,12
JLL,SIQ,1,6
JLL,ZBD,9,12
JLL,KSF,5,11
JLL,BSB,9,39
NRLR,KSNG,2,23
NRLR,MNGD,2,50
NRLR,AMB,11,25
NRLR,LJR,2,11
JLN,DUA,8,11
JLN,LAR,8,17
MOG,BJU,4,37
MOG,VPDA,2,10
MOF,BOY,6,8
HNA,UD,2,171
HNA,MRDW,6,37
HNA,KAWR,4,96
HNA,BTJL,4,57
HNA,KT,8,19
ETP,VGE,2,7
ETP,ATU,2,16
KMD,URL,2,6
KMD,ED,4,38
KMD,PGR,6,12
BCH,KSH,8,12
BCH,SJP,14,43
BCH,MKC,14,19
BCH,AKD,4,30
ETW,ALJN,2,170
ETW,AF,3,114
ETW,TDL,8,92
ETW,BNT,16,20
ETW,CNB,31,138
ETW,SKB,33,55
ETW,RKM,2,117
ETW,JGR,3,16
ETW,PHD,8,56
ETW,FZD,4,75
OMLF,ADF,2,7
OMLF,MLDT,2,6
DO,GTJT,6,50
DO,JP,4,62
DO,BKI,39,29
DO,GADJ,27,56
DO,BAI,2,29
BPC,MBB,4,11
BPC,CSZ,2,4
AKT,CPH,6,26
AKT,KTSH,1,6
AKT,NIA,12,15
AKT,BSP,18,27
BSPX,JRLI,2,9
BSPX,MMVR,2,9
KMU,PML,10,15
KMU,ADT,6,11
KMU,MV,16,31
KMU,TJ,12,39
KMT,BKL,4,29
KMT,WL,25,107
KMT,MABD,14,47
KMT,BZA,35,101
KMT,MDR,24,45
KMT,DKJ,24,22
KMS,MGS,6,32
KMS,SYJ,3,8
KMS,DGO,9,12
BCY,ARJ,22,31
BCY,SRNT,3,7
BCY,BSB,25,4
KMQ,KGQ,8,12
KMQ,MJS,4,17
KMQ,UAA,2,10
KPI,ORAI,12,34
KPI,PHN,12,14
BCT,DDR,13,6
BCT,BVI,10,30
BCT,ADH,2,18
BCU,PUL,4,16
BSPR,KTO,2,39
BSPR,ABKP,2,20
KMZ,CHD,2,39
KMZ,UMR,8,58
KMZ,SGRL,4,259
KMZ,SGO,6,186
KMZ,SDL,6,125
ETM,PVRD,4,21
ETM,KTYM,4,10
VRR,GDL,8,16
VRR,NUD,4,14
VRR,GTT,2,3
TORI,PTRU,2,64
TORI,LTHR,19,32
TORI,MGME,4,22
TORI,KLRE,9,29
TVP,QLN,5,62
TVP,VAK,3,38
TVP,CRY,5,26
TVP,TVC,16,3
TVP,KZK,3,10
TVR,NGT,9,23
TVR,PEM,6,23
TVR,MV,1,39
TVR,NMJ,4,24
TVR,TJ,2,54
TVL,IDR,1,24
TVL,HG,1,20
VRG,KDHA,3,12
DG,MPA,6,58
DG,KRR,23,74
DG,ABI,2,11
DG,TPJ,38,94
DG,SDN,8,44
DG,KQN,22,25
DG,MDU,33,66
VRI,CHSM,6,51
VRI,ALU,21,53
VRI,VM,50,55
VRI,TPJ,18,123
VRH,RKSH,2,5
VRH,RWL,2,6
SWC,ATE,2,28
SWC,CKTD,2,9
TVC,VAK,21,41
TVC,KZT,2,37
TVC,CRY,3,29
TVC,QLN,23,64
TVC,NCJ,6,72
TVC,NJT,6,66
TVC,KZK,7,13
VRL,KSD,4,46
VRL,SMNH,6,5
VRL,CVR,4,19
VRL,MLHA,6,30
SRC,KGP,49,108
SRC,HWH,32,7
SRC,PKU,2,63
SRC,MCA,5,51
SRC,ULB,9,24
SRC,SHM,22,5
CI,CPR,4,2
CI,GJH,2,9
CH,MB,12,44
CH,AO,11,42
CH,DUB,1,24
CH,BJ,1,16
CH,RJK,6,20
CH,SCC,2,226
SRF,TLGP,6,16
SRF,ANF,6,26
SRE,JUD,48,30
SRE,MB,14,192
SRE,LRJ,4,53
SRE,UMB,20,81
SRE,NBD,2,94
SRE,RK,42,35
CC,GKP,9,24
CC,GKC,2,21
CC,DEOS,2,25
CC,SANR,1,5
RDDE,NUR,1,7
SRO,KGA,9,25
SRO,BRE,6,20
SRO,SJT,3,9
CE,JKA,2,14
CD,BPQ,58,14
CD,HGT,20,84
CD,SKZR,4,84
CD,SEGM,17,121
CD,TAE,1,15
CD,MJRI,3,34
CD,WRR,5,46
CD,WR,4,119
CD,BUPH,1,5
CD,NGP,10,197
SRR,KTU,10,30
SRR,TCR,51,33
SRR,PTB,24,11
SRR,TIR,26,45
SRR,VPZ,2,10
SRR,CLT,16,86
SRR,PGT,21,44
SRR,OTP,17,13
MYA,PANP,12,26
MYA,MYS,18,45
MYA,RMGM,1,48
MYA,SBC,5,94
MYA,S,2,31
MYA,KGI,8,81
MYA,CPT,3,37
SRP,CGR,4,13
SRP,HWH,9,19
SRP,BDC,1,20
SRP,SHE,4,2
SRW,KESR,2,22
SRW,GJS,2,20
SRT,VPT,43,27
SRT,CVP,41,21
SRT,TEN,2,86
SRU,BLTR,2,23
SRU,LRD,11,9
NGAN,SCE,2,7
NGAN,AONI,2,26
ADIJ,ASV,1,2
SORO,MKO,4,14
SORO,BHC,8,29
SORO,BLS,14,33
CW,DDA,3,8
CW,EKMA,3,7
CT,NW,5,29
CT,SEM,4,22
CT,HLKT,3,15
CT,WADI,8,15
BPQ,NAB,2,118
BPQ,GNVR,1,5
BPQ,G,2,250
BPQ,WL,16,242
BPQ,SEGM,5,135
BPQ,KZJ,4,234
BPQ,SKZR,57,70
BPQ,MAGH,4,10
BPQ,NGP,20,212
BPQ,WR,2,133
BPQ,BZA,2,451
BPQ,RDM,10,141
BPQ,CAF,2,11
NMT,SLGR,4,14
TDO,DZA,18,15
TDO,JUC,4,42
TDO,JRC,14,42
TDN,TMQ,2,11
TDN,MDU,2,7
TDL,AF,35,22
TDL,GZB,2,184
TDL,HRS,17,48
TDL,CNB,31,230
TDL,SKB,8,37
TDL,RKM,10,25
TDL,ALJN,18,78
TDL,FZD,38,17
HLX,BHZ,2,5
HLX,SQF,2,5
NMZ,SGUJ,12,48
NMZ,BNV,6,45
NMX,NJP,2,45
NMX,JPE,4,11
TDD,EE,37,48
TDD,RJY,18,42
TDD,NDD,25,19
TDD,BZA,2,107
TDD,BMD,4,28
BTTR,NLR,22,34
BTTR,KVZ,22,17
SBPY,ANGL,2,150
SBPY,RAIR,6,65
SBPY,JSG,4,45
SBPY,RGL,4,19
TDP,AJI,2,8
NMJ,TJ,6,30
NMJ,MQ,6,14
NMK,SMPR,4,37
NMK,NNL,6,50
NMK,RGS,2,47
NMH,COR,13,56
NMH,MLG,4,25
NMH,NBH,3,27
NMH,JWO,6,16
NMH,PIP,4,33
NMH,MDS,14,49
PBKS,SNKL,2,12
PBKS,KDNL,2,9
BGUA,DMNJ,2,15
BGUA,KKGM,2,12
CVR,MLHA,4,12
CVP,VPT,6,48
CVP,MEJ,29,37
CVP,TEN,10,66
CVP,KDU,8,22
PDKN,NBR,4,3
PDKN,GNT,4,6
VARD,KTYM,2,25
VARD,ERS,2,35
PDKT,KKDI,10,37
PDKT,TPJ,16,53
PDKT,CTND,6,25
FHT,RKM,2,28
SDGH,SDF,4,24
SDGH,RJR,6,46
SDGH,NPS,2,46
JYM,DNRP,2,52
KKAH,MLJ,1,8
KKAH,NHN,1,7
QRP,MET,2,27
QRP,AHH,5,9
QRP,LDH,7,18
KTMA,APR,2,32
KTMA,BJRI,2,15
GADJ,GTJT,8,6
GADJ,JP,39,5
GADJ,BKI,2,85
WJR,MCN,2,8
WJR,AJJ,11,36
WJR,KPD,14,24
WJR,SHU,7,15
WJR,JTJ,2,109
VG,LTR,5,45
VG,SRGT,2,65
VG,RJT,4,181
VG,SBT,4,60
VG,SUNR,57,65
VG,JVN,7,68
VG,MSH,4,64
VG,JKA,2,12
VG,ADI,72,66
KMNR,UDGR,2,19
KMNR,BHLK,2,24
HPP,MRPR,15,21
HPP,KLAR,9,32
HPP,MBA,2,53
VM,TRK,6,34
VM,TMV,30,37
VM,CUPJ,6,47
VM,MLMR,12,67
VM,MS,2,158
VM,TNM,4,68
VM,TDPR,17,43
VM,CGL,23,103
VN,GYM,5,44
VN,AB,11,16
VN,KPD,2,68
VN,JTJ,18,15
HPT,TNGL,12,33
HPT,BAY,6,65
HPT,KBL,11,27
HPT,GDG,2,85
VR,PLG,3,31
VR,BVI,7,26
VR,SAH,3,17
VR,BOR,2,43
VR,BSR,1,8
VS,BH,1,67
VS,BRC,5,3
VS,MYG,2,26
VV,RKD,9,7
VV,KOP,8,7
VV,GRMT,1,3
KMNC,SBR,2,43
KMNC,MKN,16,14
KMNC,JP,8,106
KMNC,NAC,6,16
RJT,SUNR,27,116
RJT,HAPA,41,77
RJT,PDH,8,25
RJT,GDL,2,41
RJR,RTGH,6,18
RJP,PMT,4,10
RJP,RU,2,74
RJP,HX,8,51
RJP,NRE,12,11
RJP,KOU,12,34
RJY,DWP,16,20
RJY,GVN,3,4
RJY,TNKU,4,39
RJY,EE,40,90
RJY,DVD,8,183
RJY,NDD,20,23
RJY,APT,2,23
RJY,TUNI,2,104
RJY,SLO,58,50
RJY,KVR,12,7
RJY,BZA,32,150
RJY,CCT,2,63
RJG,PKR,6,12
CNDB,NAVI,4,37
RJA,JYG,2,22
RJA,MBI,8,10
RJO,DKGS,2,4
RJO,HTZU,2,2
RJN,DURG,43,30
RJN,G,17,104
CNDM,CDG,7,14
CNDM,KLK,7,24
RJK,MB,6,24
WDA,DJA,2,5
WDA,MBG,2,6
SIHO,SLT,2,6
SIHO,DOL,2,7
DRU,ASK,15,39
DRU,RRB,15,6
WDM,DXN,9,22
WDM,NUQ,9,12
DRI,BAGL,2,4
DRI,GJH,2,5
DRH,JMP,11,11
DRH,AHA,12,10
DRH,MSDN,2,6
DRH,DRTP,3,6
WDR,MZL,2,6
WDR,MED,2,38
DRL,GDA,8,23
DRL,KRSA,2,13
DRL,BRC,6,51
DRL,SMLA,2,24
DRL,CPN,2,12
KRSL,KRLR,1,22
KRSL,ANPR,3,11
KRSA,GDA,2,10
THAN,SUNR,15,47
THAN,DL,2,15
CTR,NHT,1,9
BLND,JUC,2,11
BLND,KUPR,2,11
BANE,JU,2,7
BANE,LUNI,2,25
AYRN,DES,4,9
AYRN,HJP,4,11
ALLP,MAKM,6,13
ALLP,AMPA,20,12
ALLP,ERS,14,56
ALLP,SRTL,21,24
RXL,RGH,4,14
RXL,BGU,6,54
RXL,SGL,2,29
BGKT,PMY,5,69
BGKT,JU,7,4
BGKT,LUNI,4,28
BGKT,MBF,1,325
BGKT,MJ,2,100
KWV,MLB,2,22
KWV,PUNE,3,184
KWV,PVR,2,53
KWV,MA,4,16
KWV,DD,25,109
KWV,KEM,5,18
KWV,UMD,2,74
KWV,SUR,28,79
KWV,MO,2,45
SVHE,UBL,2,23
KRAR,KBJ,12,64
KRAR,MSMD,8,51
KRAR,HSK,2,41
KRAR,R,2,105
KRAR,BGBR,12,20
KRAR,NPD,8,12
SMPA,BUDI,1,47
MMVR,DJHR,2,3
SMPR,RGS,4,10
KTHU,PTK,5,23
KTHU,SMBX,9,44
KTHU,HRNR,7,29
KTHU,SJNP,3,15
KTHU,MDPB,4,8
KTHU,CKDL,2,26
KTHU,CHNR,2,20
KTHU,PTKC,40,23
KTHU,BDHY,2,13
KTHU,GHGL,2,35
KHED,MNI,5,95
KHED,RN,4,148
KHED,PNVL,4,215
KHED,VEER,2,72
SRPJ,SOH,2,19
SRPJ,ABR,2,25
DHO,GWL,5,66
HX,RU,3,125
HX,YA,13,39
HX,TPTY,2,135
HX,NRE,12,39
URGA,KRBA,1,8
URGA,SRBA,1,6
PAIL,KWR,1,2
DHN,KQR,4,122
DHN,CRP,2,34
DHN,GMO,15,29
DHN,PUS,4,45
DHN,CNB,4,749
DHN,GAYA,8,199
DHN,BRR,7,42
DHN,MGS,2,402
DHN,SDBH,2,21
DHN,KTH,14,13
DHN,CRJ,8,61
DHN,PNME,13,48
DHN,BKSC,10,49
DHN,TET,4,9
DHN,ASN,50,59
DHN,JSME,2,151
RDRA,JSM,2,111
RDRA,AQG,3,8
RDRA,POK,4,10
HP,SEU,2,20
HP,SOD,2,33
SWR,GOL,6,13
HW,MB,4,167
HW,JWP,12,4
HW,LRJ,12,27
HW,RWL,11,12
HW,DDN,22,52
HW,RK,28,42
SURI,DUJ,2,19
SURI,PAW,2,34
SURI,DGR,8,70
SURI,RPH,8,47
SURI,UDL,4,54
HN,TLD,2,11
HG,GUR,2,71
HG,IDR,5,44
HG,AKOR,2,20
HG,SUR,8,15
HG,BJP,2,93
HD,CAER,2,62
HD,BPF,6,42
HD,KNW,24,108
HD,TBN,13,15
HD,ET,22,76
MLG,PIP,4,8
SCM,KTV,11,18
SCM,VZM,8,53
SCL,ARCL,4,6
SCI,BHS,4,9
SCI,SMT,2,8
SCI,BPL,3,44
GOK,ANKL,4,11
GOK,KAWR,4,50
GOK,BTJL,2,104
GOK,KT,6,27
PTH,DYD,2,9
PTH,RDL,2,15
MNP,JMU,12,14
MNP,BFM,4,5
MNP,KIUL,7,14
MNQ,BGQ,2,14
MNQ,SKB,2,48
JMP,AHA,28,22
JMP,BGP,10,53
JMP,RPUR,4,7
JMP,SGG,6,23
JMP,DRTP,3,6
JMV,AMLA,1,14
JMV,BCRD,1,6
PTB,KTU,24,19
PTA,NBA,13,26
PTA,RPJ,13,25
JMU,GHR,14,15
JMU,BFM,4,9
JMU,KIUL,18,27
JMU,CUX,2,8
MNI,PNVL,9,120
MNI,ROHA,2,42
MNI,RN,4,243
MNI,VEER,2,24
MNJ,SFG,2,26
MNJ,BRE,3,8
MNJ,SYWN,1,8
MNM,APK,2,44
MNM,SVGA,14,21
MNM,PMK,16,24
MNM,MDU,6,47
MNO,DES,4,10
PTU,SELU,17,28
PTU,J,17,45
SCQ,NAS,2,8
SCQ,KUPR,2,6
MNE,SBV,4,28
MNE,BHB,4,8
MNE,NNA,4,58
MNE,MSK,12,10
MNE,KGG,29,9
MNE,KFA,2,21
MNE,THB,7,42
MNF,COI,1,46
MNF,BDL,8,28
MNF,MJA,7,16
SLW,RDL,9,23
SLW,FD,9,15
CJN,ADRA,2,39
CJN,BQA,2,14
PBP,ALER,2,9
CJM,CLX,3,21
CJM,OGL,5,29
CJM,VTM,8,13
CJM,ANB,6,14
MLN,PP,5,32
MLN,BIK,2,16
SRBA,MWRN,1,6
KEPR,LBA,7,17
KEPR,HRPG,4,10
KEPR,SKN,3,19
MABD,KDM,18,15
MABD,NKD,2,31
MABD,GLA,4,20
MABD,WL,20,60
MABD,DKJ,22,24
MLO,WFD,6,20
PBE,PP,5,35
PBE,BPR,4,39
PBE,MJZ,2,25
SUNR,LTR,5,21
SUNR,ADI,6,130
DHA,SLD,2,14
DHA,ZNA,2,12
PBM,MMM,2,7
PBL,BPRD,6,21
PBL,TIHU,4,10
PBN,NED,4,59
PBN,J,10,115
PBN,SELU,2,43
PBN,GNH,10,34
PBN,MVO,15,28
PBH,BOY,4,84
PBH,PRG,2,52
PBH,DND,7,14
PBH,ALD,7,59
PBH,AME,27,35
PBH,CIL,4,4
PBH,SLN,4,40
PBH,RBL,1,95
PBH,BSE,4,37
PBH,VPO,1,5
PBH,BSB,6,128
RWTB,ULG,2,12
RWTB,MJBT,2,9
MPA,TPJ,6,37
CDMR,MGS,7,15
CDMR,SYJ,5,8
MPL,KCI,4,27
MPL,MCU,4,40
MPL,KRY,4,77
MPL,PIL,4,42
AMPA,HAD,20,18
MLP,HLAR,2,17
MLP,GDG,2,31
BPRD,BJF,4,27
BPRD,NBQ,20,45
BPRD,RNY,18,65
BPRD,SBE,4,8
AVN,AJJ,2,11
AVN,SHU,2,10
MPU,SLO,1,9
MPU,BVL,1,8
AVD,AJJ,1,48
AVD,KPD,1,108
AVD,TRL,1,21
AVD,PER,3,15
GOY,CNB,10,2
GOY,BZM,4,12
GOY,PHN,2,56
BTIC,PUL,3,24
BPRH,CPH,1,9
BPRH,KTHD,1,6
MPY,AKN,1,5
MPY,NAT,1,5
SUD,BOE,6,12
SUA,KGP,2,23
SUA,JGM,2,16
DHW,GSP,7,13
DHW,BAT,7,19
SUR,PUNE,13,264
SUR,MO,6,34
SUR,DUD,6,64
SUR,DD,16,188
SUR,GUR,2,86
SUR,AKOR,2,35
SUR,BJP,4,109
DEEG,GDO,2,16
KWE,AZR,4,8
KWE,LAV,4,12
MLY,SC,6,6
MLY,KZJ,2,126
MLY,BG,2,41
TEL,NGNT,8,25
TEL,NDO,20,22
TEL,GNT,8,26
TEL,OGL,15,107
TEL,DIG,6,9
TEL,BPP,17,43
TEL,CLX,12,57
TEL,BZA,49,32
TEL,TSR,3,12
TEN,NNN,8,28
TEN,MEJ,27,29
TEN,NCJ,8,74
TEN,NJT,6,79
TEN,SDNR,2,16
TEA,PNBE,7,29
TEA,NDU,2,7
TEA,JHD,10,15
TEA,NDW,2,5
TEA,PPN,3,16
NBQ,GLPT,22,80
NBQ,BSGN,2,12
NBQ,KOJ,43,28
NBQ,BJF,2,18
NBQ,BNGN,6,2
NBQ,RNY,20,110
NBQ,NJP,2,277
NBQ,GOGH,2,60
NBQ,NCB,2,125
NBQ,JPZ,2,33
AJE,AI,10,7
AJE,BHUJ,10,42
NBI,BTE,11,28
NBI,KL,11,17
NBH,COR,9,29
NBH,JWO,6,11
NBL,IDR,2,14
NBL,BJP,2,37
NBA,DUI,13,27
NBG,ANH,7,14
NBG,JPL,3,16
NBG,BSYA,2,8
NBD,NGG,15,22
NBD,MB,18,98
NBD,LRJ,28,42
NBD,MZM,7,11
NBD,CNK,2,18
NBD,KTW,2,24
BRWD,KCKI,2,12
BRWD,CPDR,4,10
BRWD,DTO,20,28
BRWD,LTHR,15,41
ADT,KTM,4,11
ADT,MV,2,20
GMH,KND,1,11
GMH,ADTP,1,6
GMH,TATA,1,11
GMH,CNI,1,26
GMO,KQR,6,93
GMO,CRP,12,17
GMO,PNME,30,18
GMO,HZD,4,45
GMO,GAYA,2,170
GMO,BJE,2,43
GMO,BHME,1,24
GMO,BKSC,6,33
GMO,TET,4,20
GMO,TELO,1,9
GMO,MHQ,2,20
ADQ,NAK,2,13
ADQ,GAGA,2,9
DNM,KNPR,1,32
DNM,JJKR,4,36
DNN,GSP,3,12
DNN,PTK,3,24
GMD,BGTA,2,13
GMD,SGP,2,10
ADF,EKI,2,7
DNT,JER,2,16
DNT,BLDA,2,17
ADB,KNVT,10,67
ADB,MJRI,6,101
ADB,PMKT,2,21
DNR,NEO,4,5
DNR,PWS,12,4
DNR,SDE,2,13
DNR,PNBE,58,10
DNR,MGS,2,202
DNR,ARA,26,40
GMS,GJL,11,21
GMS,SMBL,2,9
GMR,BXR,5,20
GMR,CSA,11,10
ADH,BDTS,18,6
ADH,BVI,20,12
NAZJ,DSS,4,8
BRZ,BLZ,4,15
BRZ,MSZ,2,31
BRZ,JHL,6,14
KZT,PASA,7,8
KZT,PYD,1,7
KZT,NCJ,4,34
KZT,ERL,9,15
KZT,KZTW,1,3
BRW,MKS,2,14
BRU,HIR,2,8
KZY,TCN,2,8
KZY,ANY,2,2
BRS,SDL,14,37
BRS,NRZB,4,7
BRS,UMR,10,30
BRR,CRJ,2,24
BRR,ASN,7,17
BRR,ULT,11,3
KZB,ANY,2,6
KZB,NZT,2,7
GTNR,BNZ,7,4
KZA,SBZ,4,15
BRK,PDR,2,25
BRK,RS,2,14
BRH,KTO,2,17
BRH,BJRI,2,52
KZJ,MCI,4,107
KZJ,PDPL,2,75
KZJ,WL,36,10
KZJ,KCG,8,138
KZJ,GNP,8,20
KZJ,SC,40,132
KZJ,HSP,2,12
KZJ,BZA,6,218
KZJ,RDM,12,93
KZJ,SKZR,6,165
SCKR,PPI,2,36
SCKR,BKH,4,17
SCKR,GAR,6,14
BRE,ALD,6,37
BRE,SJT,3,10
BRD,TMR,27,18
BRD,KP,13,48
BRD,NGP,22,62
BRD,G,8,68
BRC,VDA,4,20
BRC,ANND,135,36
BRC,RTM,23,262
BRC,BH,71,70
BRC,DHD,10,148
BRC,ND,6,54
BRC,AKV,42,80
BRC,BSR,4,344
BRC,ST,57,129
BRC,BJW,2,8
BRC,GDA,36,74
BRC,SMLA,4,27
BRC,BVI,2,361
BRC,PLJ,1,45
BRC,MYG,12,30
BRC,ADI,29,99
TWB,MOGA,2,24
TWB,FZR,2,31
TWG,DURE,4,7
TWG,RPR,4,9
JPD,UCR,2,18
DISA,BLDI,4,18
DISA,PNU,4,27
SEB,DOS,14,5
SEB,ANH,7,16
SEB,AUBR,7,11
VRB,SLI,1,2
VRB,MRJ,1,5
DEB,PLY,2,10
RKSH,RWL,2,11
BHKD,PTRU,2,8
VEER,PNVL,2,143
VEER,RN,2,220
TLKH,AME,1,8
TLKH,GNG,1,5
RKD,HTK,9,7
WIRR,VHGN,2,9
WIRR,MKDI,2,13
RKB,GOTN,10,81
RKB,JU,16,2
RKB,MDB,3,7
RKB,MMY,2,31
RKB,PPR,1,45
KLD,BST,44,30
KLD,GKP,35,35
KLD,SWA,3,17
KLD,MND,2,15
KLD,MHH,8,8
KLG,PPO,2,8
KLG,KXN,2,7
KLB,FTS,4,12
KLB,IDH,4,22
AMH,SHG,9,56
AMH,MMA,14,21
AMH,SMZ,9,25
KLL,GNC,2,20
KLL,SBI,3,21
KLL,SBT,1,20
KLL,MSH,6,42
HOJ,HSA,2,9
KLJ,GHJ,2,19
KLJ,FGR,2,13
KLK,CDG,4,38
KLT,KRR,5,39
KLT,TP,5,34
KLT,PLI,1,9
KLT,MMH,1,13
KLP,PKR,2,12
KLP,BHW,2,14
GOGH,CROA,2,11
PTK,BHRL,2,3
PTK,GSP,4,36
PTK,SJNP,2,8
PTK,PTKC,4,4
PTK,MEX,2,44
DND,BSE,6,22
PTJ,ED,2,94
PTJ,PGT,24,49
PTJ,CBE,12,6
VST,MFQ,2,20
VSU,BQA,18,30
VSU,MDN,12,72
VSU,ODM,2,14
VSU,CDGR,2,36
DSPN,TMZ,2,32
SCE,CPK,2,20
ASAF,RECH,2,14
ASAF,SKZR,2,14
BLAX,DWX,3,14
BLAX,MGG,3,11
AMB,LJR,4,13
AMB,MNGD,17,25
SVKS,SVPR,2,17
AME,MFL,2,6
AME,RBL,10,60
AME,GNG,22,14
HCNR,NKW,2,11
OYR,DGR,7,9
OYR,UDL,7,7
SHSK,KNVT,4,67
SHSK,HEM,6,23
SHSK,BHBK,2,45
LTRR,JOA,2,11
LTRR,LUR,8,33
LTRR,UDGR,10,33
SVKD,RLA,2,38
MNV,PIA,4,20
MNV,ASKN,13,46
MNV,MAKR,4,30
MNV,SGO,4,102
RYS,BE,2,11
RYS,PMR,2,9
RYP,KI,2,6
RYP,BZA,2,12
RBGJ,CAR,5,76
RBGJ,CUK,10,5
RBGJ,CPU,2,27
RBGJ,LUSA,7,35
JMK,HJI,4,16
JMK,KWM,4,11
BWSN,GGN,1,7
BWSN,PM,1,6
HTZU,BRYA,2,11
HTZU,BJU,2,12
HTZU,MKA,2,9
SMQL,BTU,2,39
SMQL,TPZ,2,63
STKT,QLN,10,20
STKT,KPY,10,7
KHDB,GNC,2,13
KHDB,CLDY,2,10
NLKR,KUN,2,16
NLKR,TRR,2,4
NLKR,KKDE,4,17
BGTA,SQL,2,8
BGTA,SGP,4,23
BGTA,ET,4,26
VAK,PVU,20,11
VAK,QLN,20,24
VAK,KVU,14,9
VAK,KZK,2,28
WANI,MJRI,2,13
WANI,KAYR,2,21
NWB,SGAM,2,29
NWB,MWJ,2,17
GMIA,DNEA,1,18
GMIA,BKRO,4,5
GMIA,DMBR,1,7
GMIA,CNPR,2,31
GMIA,PUS,2,20
VAA,BJE,2,11
VAA,MHQ,2,20
MWRN,KTHD,1,4
LHU,SDLP,6,50
LHU,MHRG,8,41
ADTP,KND,4,17
ADTP,TATA,6,5
ADTP,SINI,1,22
DLGN,KVK,2,16
BGQ,FBD,2,44
MND,BST,2,15
TAPA,PUL,12,13
TAPA,BNN,12,19
JJKR,KGP,2,224
JJKR,BHC,68,43
JJKR,NRG,2,61
JJKR,BLS,6,106
JJKR,KIS,2,57
JJKR,KRIH,2,5
JMD,BFJ,1,7
JMD,RM,1,9
RASP,SA,2,25
RASP,NMKL,2,26
BGU,SMI,6,29
PCZ,KRA,2,8
PCZ,DKJ,2,7
RLA,MHV,2,31
PCV,HSRA,2,71
CMA,MXN,2,10
CMA,JTTN,2,7
SV,EKMA,2,33
SV,GKP,5,119
SV,DEOS,14,69
SV,ZRDE,6,11
SV,MW,10,21
SV,DDA,8,17
SV,CPR,39,61
PCH,GKK,2,17
PCH,BGM,2,36
PCN,AGR,2,9
PCN,THDR,2,14
KCVL,QLN,19,58
CMU,VMA,11,22
CMU,THUR,2,14
CMU,NAD,1,62
CMU,SVA,14,16
ST,BDTS,1,251
ST,NVS,50,29
ST,BL,43,68
ST,NDB,23,160
ST,BH,63,59
ST,AKV,48,49
ST,BSR,16,215
ST,SYN,4,13
ST,JL,4,311
ST,KIM,8,23
ST,KSB,8,32
ST,BVI,16,232
ST,UDN,14,4
BGZ,NNO,12,13
BGZ,ROK,21,41
MAUR,KTKL,2,7
MAUR,MSZ,8,19
PBR,BNVD,2,52
PBR,WSJ,8,34
PBR,LPJ,2,89
PBR,RWO,2,14
SGRL,BRGW,2,20
SGRL,KRLR,2,14
SGRL,CPU,6,64
SGRL,SGAM,2,57
SGRL,OBR,7,51
SGRM,LKMR,2,12
UVD,BL,2,16
SGRA,HMH,4,27
SGRA,DABN,4,10
SGRA,MNSR,4,15
SGRA,MBY,4,30
MKDD,BDU,1,37
ABFC,NJP,2,8
ABFC,BLK,2,10
SL,UD,10,58
SL,MAJN,10,23
SL,MULK,4,12
DSS,BJU,14,28
DSS,BCA,13,11
DSS,STJT,1,5
DSO,BKN,14,33
MAGH,VHGN,2,9
MAGH,SKZR,2,60
DSJ,DEE,2,16
DSJ,UMB,2,210
GRMT,KOP,1,4
GRMP,BNDP,4,12
GRMP,MLNH,2,9
GRMP,BLGT,2,25
GRMR,KHNM,10,12
DSA,SBB,5,7
DSA,BTU,2,49
DSA,GZB,14,14
DSA,VVB,1,3
NDAE,ABKA,13,23
NDAE,BDC,4,66
MA,MO,4,29
MB,BE,54,90
MB,PLS,4,20
MB,KPV,6,50
MB,ANVT,2,154
MB,LRJ,14,139
MB,GZB,12,141
MB,AMRO,36,31
MB,SEO,3,46
MB,KNT,8,29
MB,LKO,10,326
MB,NDLS,1,167
RWH,JTTN,2,6
RWH,BLMR,2,8
ML,LKO,1,12
ML,JRR,1,6
PLMD,CBF,2,7
RWL,DWO,8,21
MK,TLH,2,10
MJ,SEU,1,74
MJ,SOD,10,21
MJ,RANI,6,52
MJ,PMY,29,30
MJ,SOS,4,28
MJ,FA,38,66
MJ,ABR,12,165
MJ,AII,11,140
OKA,FDB,1,18
OKA,NZM,7,4
MW,BHTR,8,15
MW,ZRDE,6,11
MV,SY,19,20
MV,PEM,6,16
MV,CDM,2,37
MV,KTM,4,8
MV,VDL,6,14
UHR,MYR,12,14
UHR,STA,12,21
MS,RU,1,147
MS,GDR,11,142
MS,NLR,8,180
MS,CGL,8,55
MS,MBM,19,7
MS,GPD,2,52
MS,PER,2,11
MS,OML,1,364
MS,OGL,2,297
MS,AJJ,2,75
MS,TBM,34,25
MS,BZA,3,434
GLH,BARL,2,10
GLH,HZR,2,10
DES,BJU,2,68
DES,HJP,4,20
DOL,MFP,14,25
DOL,KRBP,14,13
DOL,DUBH,2,6
GLA,DKJ,4,5
AKP,NASP,2,16
AKP,EE,2,257
AKP,DVD,30,16
AKP,TUNI,14,63
AKP,ANV,2,81
AKP,SLO,2,117
AKP,YLM,17,24
BRPL,DJX,2,14
BRPL,BRGA,13,19
BRPL,BLGR,7,57
AKV,KSB,13,19
AKV,BH,25,9
DOD,DLD,4,19
DOE,GSPR,4,10
DOE,ADTL,2,9
DOE,JBP,2,16
AKJ,NHH,6,13
AKJ,HGH,6,19
BRPT,BSB,1,12
AKN,BGP,8,14
AKN,SGG,12,10
AKN,NAT,3,11
CAPE,NCJ,18,16
GLP,ANV,5,19
DOS,GAYA,18,85
DOS,ANH,2,22
DOS,MGS,2,118
DOS,AUBR,24,16
AKE,MZL,6,10
AKE,KMC,6,27
AKD,SJP,12,13
AKD,KSH,8,18
PVRD,ERN,3,32
PVRD,KTYM,8,31
PVRD,MNTT,2,11
HKG,SBP,10,7
HKG,BRGA,8,36
HKG,ATS,2,18
MHAD,DHI,1,3
BSZ,HAR,2,24
BSZ,RGU,2,17
BST,MSW,2,46
BST,GKP,16,64
BST,BV,18,31
KKHT,TRS,4,6
BSR,BL,6,146
BSR,BOR,10,51
BSR,PNVL,24,67
BSR,PLG,1,39
BSR,BVI,4,18
BSL,RV,10,34
BSL,NK,17,257
BSL,VNA,4,12
BSL,IGP,5,308
BSL,AK,26,140
BSL,JBP,4,552
BSL,BPL,7,398
BSL,MMR,50,184
BSL,JL,96,25
BSL,MKU,32,50
BSL,BAU,42,54
BSL,NGP,4,392
BSL,WR,2,313
BSL,KNW,33,123
BSL,BDWD,3,31
BSL,ET,8,307
BSL,NDB,5,175
BSL,NU,2,468
BSL,YL,1,212
BSI,GKJ,2,12
BSI,TPK,2,18
BSB,BOY,23,45
BSB,MUV,14,4
BSB,LKO,4,283
BSB,CAR,5,44
BSB,KEI,23,5
BSB,SWPR,7,23
BSB,COI,4,134
BSB,GYN,8,59
BSB,SOP,1,6
BSB,JKN,2,64
BSB,BUI,2,96
BSB,STA,2,326
BSB,CHH,4,16
BSB,ABP,2,134
BSB,SLN,12,143
BSB,GCT,6,75
BSB,MZP,2,75
BSB,BHLP,10,6
BSB,ALD,2,125
BSB,MGS,58,16
BSB,FD,6,195
BSB,ARJ,4,35
BSC,BARL,3,12
AUB,NJP,20,57
AUB,KNE,22,31
NZB,MUE,8,88
NZB,KMC,24,52
NZB,KCG,2,166
NZB,BSX,16,29
NZB,DAB,2,40
BDWS,KLRS,1,27
BDWS,SVPI,2,53
BDWS,GUNA,3,49
SBR,FL,10,7
SBR,NAC,8,28
SBP,SBPD,24,2
SBP,ANGL,8,156
SBP,RAIR,6,71
SBP,JSG,16,48
SBP,BRGA,20,42
SBP,ATS,3,24
SBP,BONA,2,117
SBP,RGL,4,22
SBV,KFA,6,7
SBV,SHC,9,16
SBV,KGG,1,37
SBV,SBM,2,7
SBT,CLDY,4,5
SBT,MSH,3,62
SBT,ADI,12,5
PUK,IJK,8,10
PUK,TCR,8,14
SBZ,CPJ,10,26
JJR,NIRA,7,27
JJR,PUNE,1,58
JJR,ABLE,1,17
JJR,GPR,5,55
MMR,NK,62,73
MMR,NSL,14,24
MMR,YL,3,28
MMR,LTT,2,245
MMR,NGN,17,25
MMR,SNSI,2,82
MMR,JL,32,160
MMR,CSN,16,68
MMR,KPG,47,42
MMR,ANK,1,15
MMR,AK,2,324
MMR,RGO,4,52
SBB,ANVR,2,5
SBB,GZB,18,7
SBB,VVB,1,4
SBB,NZM,5,16
MML,SRID,16,50
MML,BRGT,2,13
MML,NU,3,81
MML,JBP,21,4
JJK,RURA,14,19
JJK,PHD,14,20
JJK,CNB,1,62
JJK,ALJN,1,246
SBG,CLG,6,44
SBG,BGP,4,74
SBG,SLJ,1,8
SBG,PPT,8,24
SBG,TLJ,1,28
SBG,MZC,6,16
SBG,BHW,10,54
MMK,MLMR,4,10
MMK,CGL,4,25
SBE,BJF,2,19
SBE,BNGN,2,34
MME,NAB,2,66
MME,CAF,2,41
MMD,JGD,3,15
SBI,GNC,2,23
SBI,ADI,23,6
SBI,MSH,18,63
SBO,BGP,6,8
SBO,CLG,4,22
SBO,GGA,2,13
MMB,TSF,2,16
MMB,BVN,2,26
KOI,BHTK,2,11
SHNR,KCG,4,52
SHNR,TMX,3,15
SHNR,HBLN,1,11
SHNR,UR,2,32
SHNR,JCL,6,36
BAT,ASR,5,39
BAT,VKA,2,31
BAU,KNW,37,69
BAU,RV,12,20
BAU,NPNR,17,26
KOO,FUT,28,8
KOO,BKP,24,15
KOO,HDE,2,3
KOO,KWO,6,6
ERS,TUVR,13,23
ERS,SRTL,14,33
ERS,TCR,8,74
ERS,ERN,17,3
BAZ,CAG,4,59
BAZ,ATH,4,21
BAZ,GUNA,5,118
BAY,TNGL,12,33
BAY,GTL,18,50
SJNP,BHRL,2,5
SJNP,PTKC,2,8
SJNP,MDPB,3,7
BAB,JHS,23,26
BAB,LAR,11,65
BAB,BZY,4,12
BAB,TBT,6,25
WADI,YG,19,39
WADI,SDB,30,10
WADI,RC,10,108
WADI,SC,2,184
WADI,SEM,4,37
WADI,NW,6,14
ERL,NCJ,10,19
ERL,PYD,1,8
KOP,HTK,5,21
KOP,MRJ,11,47
ERN,TCR,10,71
ERN,IPL,7,6
ERN,KTYM,36,63
BAM,VZM,20,216
BAM,DVD,2,281
BAM,CAP,30,22
BAM,KUR,47,147
BAM,IPM,22,24
BAM,BALU,26,76
KOU,RU,18,40
KOV,BVQ,7,14
KOV,TKR,7,8
KOV,SLI,2,33
VPT,TMQ,6,26
VPT,APK,2,22
VPT,MDU,43,43
YFP,BUI,12,46
YFP,CBN,1,29
YFP,GCT,14,20
YFP,KMDR,1,14
SONI,GOA,2,16
SONI,BIX,2,24
VPO,BTJ,1,10
CPDR,LTHR,4,31
JSME,MUW,2,18
JSME,STL,11,25
JSME,DGHR,2,6
JSME,KIUL,8,98
JSME,MDP,87,29
JSME,ASN,5,110
YPR,BAND,19,15
YPR,YNK,15,13
YPR,SBC,18,6
YPR,HUP,8,96
YPR,TK,35,64
YPR,ASK,2,160
YPR,KPD,2,241
YPR,MWM,7,3
KNE,HCR,2,90
KNE,KIR,15,114
KNE,NJP,71,87
KNE,BOE,32,57
KNE,MLDT,18,146
STA,MZP,4,250
STA,JBP,10,189
STA,ALD,26,178
STA,MYR,21,35
STA,REWA,8,49
STA,MGS,9,313
STA,CKTD,2,108
STA,MKP,35,78
STA,COI,9,169
STA,KTE,61,98
STA,JTW,13,20
BNW,CKD,4,27
BNW,ROK,2,50
BNW,BNWC,2,6
BNW,HSR,6,60
BNW,HNS,2,37
BNW,KLNK,2,29
STN,CRJ,2,16
STN,ASN,10,9
STN,ULT,4,5
SADP,KSN,10,20
SADP,YG,14,24
SADP,RC,4,46
STW,ROI,2,9
STW,SIP,6,19
STW,BUI,8,18
STP,DAL,3,82
GANG,HCP,1,7
GANG,RBL,1,8
STR,PUNE,32,146
STR,WTR,4,26
STR,JSV,3,8
STR,SLI,2,126
STR,MRJ,4,134
GANL,KART,2,18
GANL,RPAR,2,9
BTRA,TLH,2,9
NCR,KIK,5,11
NCR,NGT,5,7
QLN,CNGR,8,61
QLN,PVU,14,12
QLN,KPY,16,27
QLN,MQO,2,15
QLN,MYY,6,9
QLN,KZK,2,51
QLN,KTYM,2,96
NCJ,AAY,4,12
QLM,SVM,14,18
QLM,CLR,15,59
QLD,CLT,30,24
QLD,PYOL,4,13
QLD,CAN,2,65
QLD,BDJ,24,22
MNDR,GJL,7,15
MNDR,CPS,7,20
NRPA,SLT,2,7
NRPA,MFP,2,5
ROZA,AJI,6,24
ROZA,KH,2,8
ROZA,HRI,7,55
SPTR,TQM,1,36
KNT,SEO,8,17
RU,NLR,4,121
RU,KHT,21,23
RU,TPTY,68,10
RU,AJJ,4,73
RU,KPD,12,133
RU,BZA,8,375
RU,GDR,33,83
RU,PUT,14,26
RU,TRT,2,58
WTR,JSV,3,18
WTR,LNN,7,28
RS,NNP,2,21
RE,CKD,4,55
RE,NNL,6,51
RE,GHH,2,41
RE,KIP,1,11
RE,KRH,21,48
RE,GGN,25,52
RE,PTRD,18,21
RE,DEC,2,68
RE,MHRG,10,51
RG,ALJN,2,49
KTKL,MSZ,2,12
BNE,KY,2,16
BNE,GAR,2,13
RC,AD,12,69
RC,GTL,1,121
RC,YG,15,69
RC,MTU,4,17
RC,MALM,30,28
RC,BMT,2,287
RC,VKB,2,219
RC,KSN,14,25
RM,MWK,1,6
RN,SNDD,2,180
RN,ADVI,4,44
RN,VID,2,66
RN,SGR,6,47
RN,PNVL,10,363
RN,PERN,2,255
RN,SWV,4,224
BXR,ZNA,4,50
BXR,PNBE,8,118
BXR,DURE,26,16
BXR,CSA,11,11
BXR,MGS,36,94
BXR,ARA,38,68
NED,KNVT,2,197
NED,BSX,2,81
NED,MUE,27,23
NED,HEM,2,108
RK,JWP,2,37
RK,LRJ,30,19
RK,MTC,5,139
RK,TPZ,10,32
TPF,RPH,2,7
KOLR,KYOP,2,5
KOLR,OEA,2,6
AVRD,SGR,2,19
AVRD,SVX,2,14
HRT,BKP,5,10
HRT,WENA,5,5
HRW,DDN,2,9
HRW,DWO,2,11
TPJ,SRGM,17,12
TPJ,KRR,15,75
TPJ,TRB,2,10
TPJ,GOC,3,3
TPJ,TJ,16,50
TPJ,TP,6,3
TPJ,ALU,6,69
TPJ,KQN,1,120
TPJ,BAL,6,33
HRS,ALJN,23,30
HRS,MXK,1,16
HRS,FZD,2,64
HRR,RNR,31,23
HRR,DVG,31,13
TPU,BNSA,2,10
TPT,SLY,4,23
TPT,JTJ,9,8
TPT,SA,14,113
TPT,KPN,6,51
HRI,LKO,15,102
HRI,LJN,4,102
HRI,BGH,3,24
HRI,AMG,8,96
HRI,BLM,19,33
HRI,AJI,12,32
HRI,BE,3,133
HRI,KAR,2,10
HRI,KUF,2,9
HRG,NVG,1,15
TPY,CMW,2,10
TPY,BTPD,2,7
HRB,VKR,2,11
KAJ,RGJ,4,20
KAJ,RDP,4,13
KAH,MABA,2,9
KAN,MNAE,2,24
RTGH,TLC,2,32
RTGH,CUR,12,43
RTGH,SUJH,4,46
KAR,MST,2,7
KAP,CPA,1,10
KAP,BJR,1,23
NIRA,LNN,7,7
KAT,MUT,7,29
KAT,MTC,2,33
RHA,NH,2,36
RHA,KNJ,6,26
RHA,KOAA,2,69
RHA,SDAH,2,73
RHE,GTS,2,17
RHE,TATA,6,20
RHE,GUD,4,7
RHG,BU,8,12
RHG,BKI,9,25
RHG,MKH,4,17
DING,SSA,2,25
DING,BHT,2,11
NIA,CPH,13,11
SCH,UDN,4,10
MRHT,DBRG,4,41
MRHT,SRTN,6,38
MRHT,DMGN,2,27
NEW,MRPR,8,33
NEW,JHS,2,31
KTYM,CNGR,6,35
KTYM,CGY,27,18
KTYM,TRVL,20,25
MTDM,MCRD,2,13
PLNI,CHPT,2,15
RTA,BRRG,10,77
RTA,VJP,4,5
RTA,GUNA,22,20
RTA,KHRJ,3,24
RTA,CBK,5,46
RTA,CAG,4,39
RTM,BMI,8,46
RTM,NAD,39,41
RTM,DHD,15,114
RTM,RTI,1,27
RTM,MGN,29,81
RTM,GDA,2,188
RTM,MRN,1,10
RTM,KUH,22,27
RTM,MDS,8,84
RTM,BOD,2,10
DMNJ,KRPU,4,19
DMNJ,DMRT,2,8
DMNJ,LKMR,4,43
RTI,BILD,1,6
RTI,BOG,2,12
SNSI,PB,10,17
SNSI,KPG,6,40
RTP,IAA,4,15
RTP,RSR,4,13
UGR,SED,2,9
UGR,KUD,4,7
UGR,MRJ,2,26
ANND,KBRV,8,8
ANND,ND,101,18
ANND,VDA,6,15
ANND,ADI,28,64
SVJR,KK,7,4
SVJR,PUNE,16,2
G,TMR,14,50
G,TRO,13,29
G,DURG,30,134
G,R,3,170
G,NGP,40,130
KRCD,UDZ,2,25
KIUL,AHA,22,23
KIUL,MKA,26,34
KIUL,PNBE,10,124
KIUL,HTZ,4,27
KIUL,UREN,2,11
KIUL,BRYA,9,16
KIUL,BJU,20,39
KIUL,SHK,2,26
KIUL,LKR,37,1
KIUL,DNRE,2,6
RFJ,GAYA,4,37
RFJ,AUBR,9,31
RFJ,JHN,7,11
DEC,GGN,39,17
DEC,DEE,35,10
DEC,PM,9,4
ROHA,PNVL,10,77
TUNI,NASP,2,47
TUNI,YLM,8,39
TUNI,ANV,27,17
TUNI,SLO,4,54
TUNI,NRP,9,22
ANPR,KRLR,3,11
STJT,BCA,1,6
CLDY,ABD,2,6
TLMR,JRNA,2,21
ATE,BNDA,12,32
ATE,KHU,6,13
ATE,CKTD,12,37
ATL,BARH,11,9
ATL,BKP,11,9
PPI,JBP,11,178
PPI,SGP,15,18
PPI,BKH,6,19
PPI,GAR,15,49
PPI,ET,38,68
PPI,NU,19,94
UREN,DNRE,2,6
BKI,MURD,9,33
BKI,JP,6,91
BKI,KL,2,51
BKI,BTE,6,97
BKI,BU,8,13
DDCE,SHR,2,15
DDCE,SBD,2,10
ATU,CHSM,6,32
ATU,SXT,2,50
ATU,SA,2,56
ATS,BRGA,5,18
ISM,ROK,1,19
JKPR,SKND,2,7
RGU,BNDA,2,41
RGU,GTM,2,56
RGU,ICL,2,19
PVP,RGDA,4,47
PVP,PVPT,13,1
PVR,MLB,2,31
PVU,MYY,6,4
KOJ,BSGN,2,16
SEG,JM,11,13
SEG,AK,27,37
SEG,MKU,12,53
SEG,NN,6,25
SEG,PS,2,18
JKN,SDT,4,9
JKN,ARJ,3,28
SED,MRJ,2,17
JHN,AUBR,5,20
JHN,PES,2,11
PVD,DIG,2,9
PVD,BZA,2,12
JKE,KTE,6,17
JKE,MYR,6,46
SEM,KQT,6,8
SASN,CDG,6,11
SASN,LDH,4,101
SASN,MRND,2,36
JKB,AONI,2,20
JKB,SHTT,2,9
SEH,SJP,20,41
SEH,BPL,6,39
SEH,BIH,26,29
KUA,ARA,5,10
KUA,KWR,5,4
PDW,SKI,6,8
PDW,MBI,6,9
PDU,CPP,4,23
PDU,SGDM,2,10
PDU,DUSI,2,9
CLG,EKC,6,5
CLG,BGP,8,30
CLG,GGA,2,10
CLG,PPT,10,20
CLG,BKSL,1,6
PDL,MKR,2,31
PDL,DHNE,2,26
CLX,OGL,45,49
CLX,VTM,8,8
CLX,BPP,40,15
CLX,BZA,4,89
VJPJ,BBMN,4,12
VJPJ,SMBX,11,12
PDH,WTJ,2,30
PDH,HAPA,6,52
CLT,FK,26,10
CLT,TLY,6,68
CLT,TIR,28,41
CLT,BDJ,18,46
CLT,CAN,20,89
CLT,PGI,6,25
CLT,MAHE,2,59
CLU,MTM,4,5
PDE,NIR,2,13
PDE,GNS,2,22
PDD,UD,2,23
PDD,MAJN,2,59
SKPI,KTGA,2,14
SKPI,BLMK,2,11
RHMA,GRKN,2,15
RHMA,BDBA,2,13
BRGT,BHTN,2,13
BRGW,SGAM,2,37
PNQ,TCR,6,2
PNQ,GUV,4,21
KAWR,KT,10,77
KAWR,ANKL,6,40
KAWR,CNO,6,37
KAWR,UD,6,267
KAWR,BTJL,6,154
BRGA,BLGR,20,76
CHPT,ODC,2,10
BRGM,KXJ,2,22
BRGM,PTKD,2,8
RGD,SILO,3,6
BPA,SKZR,34,39
BPA,MMZ,2,9
BPA,RECH,2,11
BPA,MCI,32,19
BPA,RVKH,2,13
MULK,UD,4,46
BPB,KXJ,2,21
BPB,LFG,1,81
BPB,BHZ,2,15
BPB,HJO,1,49
BPB,SQF,2,5
BPB,PNGM,4,6
SWM,GGC,25,63
SWM,AF,4,226
SWM,JP,10,131
SWM,BTE,6,182
SWM,NNW,4,47
SWM,BXN,2,141
SWM,MLZ,5,30
SWM,IDG,17,37
JYP,KRPU,6,41
JYP,KPRR,2,33
JYP,JDB,4,65
BPF,ET,13,33
BPF,TBN,7,27
SWA,GKP,8,17
SWA,MHH,7,9
SWA,JTB,3,7
BPH,RIG,8,51
DD,PUNE,67,76
DD,ANG,39,84
DD,URI,5,47
DD,KPG,4,195
DD,KDG,5,21
NGNT,BZA,6,30
SWE,MEM,1,14
SWE,PFM,1,6
BPL,PUNE,2,895
BPL,BIH,26,10
BPL,HBJ,61,6
BPL,HBD,6,74
BPL,SJP,8,81
BPL,SMT,2,37
BPL,JHS,36,291
BPL,ET,70,92
BPL,NGP,11,388
BPL,KNW,1,275
BPL,MKC,2,143
BPL,BHS,41,53
BPL,LAR,12,201
JHS,DAA,32,25
JHS,CGN,10,31
JHS,GWL,71,97
JHS,LAR,40,90
JHS,SGO,6,227
JHS,ORAI,33,114
JHS,MRPR,7,64
JHS,MAKR,2,153
JHS,NZM,10,403
MGLP,NNO,1,3
JYG,MBI,6,32
BPR,IZN,4,12
AUBR,GAYA,15,69
AUBR,PES,2,9
DNA,MKN,28,44
DNA,NGO,6,103
DNA,JP,2,164
DNA,REN,4,27
DNA,MTD,28,45
BPZ,LKU,2,38
BPZ,KPV,2,20
DR,TNA,49,25
DR,CSTM,75,9
SWV,PERN,4,31
TGP,SEGM,2,21
TGQ,BIG,2,10
TGQ,KGS,2,8
TGU,BZA,3,26
TGU,GDV,3,18
NANA,SOH,2,16
GYN,MUV,6,57
GYN,BHLP,9,54
GYN,ALD,6,65
GYN,ALY,18,62
GYN,HDK,2,26
GYN,MBS,3,13
GYM,AB,4,28
GYM,KPD,11,24
GYM,JTJ,2,59
MDPB,PTKC,1,15
KDMR,SOJN,1,5
KDMR,VTJ,1,6
NMKL,MONR,2,18
TGA,BJU,4,7
TGA,BCA,4,9
BDHY,CHNR,2,7
NANR,KDJR,2,6
NANR,BSTP,2,9
TGN,KK,2,28
TGN,DEHR,2,10
GOH,SGZ,8,11
MLJ,UTR,1,9
LMNR,MGG,2,11
LMNR,INDB,2,3
DHD,BIO,2,11
DHD,MGN,37,33
DHD,GDA,40,74
GOA,MLAR,2,17
AJU,WSA,2,24
GOC,TPTN,2,6
GOC,SRGM,1,9
AJI,AIG,2,7
AJJ,MCN,2,43
AJJ,TRL,18,27
AJJ,CJ,4,27
AJJ,PER,21,63
AJJ,KPD,45,61
AJJ,JTJ,1,145
AJJ,TRT,14,15
AJJ,SHU,7,21
MLV,RPH,7,12
LKMR,KKGM,2,16
MLZ,NNW,3,17
MLZ,GGC,2,33
DHT,BHB,4,5
DHT,KFA,4,8
GOP,BNVD,2,18
GOP,LPJ,2,18
PTKP,BGSF,2,10
PTKP,OEA,2,3
NRI,KSG,6,41
NRI,FL,8,10
NRI,TL,2,31
NRO,NRM,2,13
NRM,BZG,1,5
NRM,PHR,1,19
SRNT,ARJ,3,24
PTKC,DZA,2,55
PTKC,JUC,2,112
PTKC,JRC,36,113
PTKC,SMBX,2,67
PTKC,MRTL,1,20
PTKC,MEX,20,40
BHUJ,AI,2,49
BHUJ,GIMB,4,58
PTKD,CBZ,2,23
NRS,BE,2,32
NRR,GTL,4,42
NRR,AD,4,10
NRP,YLM,9,18
NRW,JIND,15,33
NRW,ROK,1,90
NRW,JHL,8,39
NRW,UCA,7,15
CKHS,PNVL,2,4
CKHS,MHPE,2,6
NRT,DKD,2,75
NRT,GNT,10,45
NRT,VKN,6,37
RGPM,RDM,2,10
RGPM,PDPL,2,8
WC,JVN,3,3
TQA,RRS,2,11
TQA,BQP,2,11
TQM,MZS,1,25
TQN,BXM,2,6
TQN,BIC,2,29
WL,KDM,11,45
WL,NKD,9,30
WL,MCI,6,114
WL,RDM,30,101
WL,SKZR,8,173
WL,BZA,41,209
WL,SC,4,142
ZNA,MGS,18,44
ZNA,SLD,2,26
WR,BD,30,96
WR,SEGM,8,3
WR,BPK,1,11
WR,NGP,33,79
WR,PLO,21,29
WR,HGT,2,35
BARH,PHK,13,11
BARH,BKP,44,18
BARH,MKA,42,25
GHQ,GHD,11,10
GHQ,NUQ,8,34
HSA,SGUJ,1,127
HSA,BNV,2,34
HSD,JRU,2,29
HSD,RRB,2,39
PC,JL,21,48
PC,KJ,2,26
PC,CSN,19,45
HSK,KBJ,8,24
HSK,NPD,6,29
HSI,KRH,2,8
HSR,STD,2,10
HSR,DUI,2,147
HSR,ADR,2,29
HSR,SDLP,2,71
HSR,JHL,2,82
HSR,SSA,2,82
HSP,OPL,2,12
RIG,CPH,13,80
RIG,SKT,2,49
RIG,JSG,20,73
RIG,KHS,14,34
RIG,BSP,9,132
HSX,NAS,2,7
HSX,JRC,2,39
BJMD,NOMD,2,14
KNN,SIR,18,18
KNN,LDH,19,42
KNN,CHA,1,10
KNN,DOA,6,20
KNN,GVG,10,9
KNN,DDL,4,35
KNN,RPJ,2,44
BNZ,LJN,14,12
KNL,SSA,4,33
PASA,DAVM,1,6
PASA,KZTW,1,5
HAN,FSP,4,13
HAN,BTE,2,74
HAN,SMBJ,13,10
HAN,GGC,9,45
HAN,BXN,16,33
BNR,MFP,2,34
BNR,SAI,2,9
BNR,HJP,8,19
KND,TATA,4,22
KND,CNI,9,15
BNP,KGX,2,36
BNP,KBL,2,13
BNV,NJP,2,100
BNU,KTE,4,96
BNU,SYA,2,45
BNT,ULD,4,20
BNT,PHD,12,36
BNI,HBD,2,7
BNI,ODG,2,31
BNN,DUI,15,31
BNN,PUL,1,33
BNC,YNK,9,22
BNC,BNCE,13,3
BNC,SBC,57,5
BNC,HUP,3,106
BNC,JTJ,1,144
BNC,HSRA,1,55
BNC,CRLM,4,20
KNW,CAER,4,45
KNW,TLV,6,16
KNW,JBP,2,428
KNW,AK,2,263
KNW,JL,3,147
KNW,MKU,6,173
KNW,NPNR,17,43
KNW,ET,54,184
HAR,GTM,2,15
HAS,ASK,12,47
HAS,MYS,2,120
HAS,SKLR,6,42
KNP,BGM,4,25
SYC,PFM,3,12
SYC,PLP,3,11
SYA,REI,2,19
GDV,GVL,2,11
GDV,NUJ,2,6
GDV,MDVL,2,22
GDV,BZA,22,44
GDV,MTM,2,37
SYJ,MGS,2,24
GAYA,PNME,2,151
GAYA,JHD,4,47
GAYA,KQR,41,76
GAYA,BELA,5,19
GAYA,MDE,3,30
GAYA,MGS,16,203
GAYA,WZJ,2,24
GAYA,NWD,2,59
SYN,KIM,4,10
GDX,FLK,2,16
GDX,NCB,2,22
LXA,BOJ,2,20
LXA,SLGR,2,14
PM,GGN,8,13
DNWH,FUT,2,8
DNWH,HIL,2,13
RGP,GNP,4,16
RGS,FL,6,67
KRBP,KPGM,8,7
KRBP,DUBH,2,8
BELA,JHD,2,28
BELA,MDE,3,11
KRBA,CPH,6,37
KRBA,GAD,1,9
RGH,SGL,4,15
RGJ,BOE,4,21
RGL,JSG,15,26
RGL,SBPD,7,21
ROA,KGG,2,56
RGO,TR,1,14
RGO,NSL,10,28
RGO,PSD,1,12
GDA,SAT,4,21
GHH,PTRD,9,21
GHH,GGN,11,10
SRUR,SKZR,2,18
SRUR,MKDI,2,11
LDH,DUI,6,62
LDH,DOA,6,23
LDH,JRC,42,52
LDH,JGN,2,40
LDH,JUC,20,57
LDH,SIR,10,60
LDH,AHH,2,26
LDH,DDL,4,7
LDH,PGW,31,36
LDH,UBC,1,106
LDH,UMB,53,114
LDH,PHR,32,13
LDH,RPJ,6,86
LDH,MET,4,45
PDPL,KYOP,2,8
PDPL,KRMR,2,36
PDPL,RDM,11,18
PDPL,OEA,2,19
JRU,DVG,6,47
JRU,RRB,4,68
MEP,VMA,8,23
MEP,NAD,10,17
VGN,BOR,2,8
ADVI,RAJP,2,45
ADVI,VID,2,22
LJN,ON,25,56
LJN,BLM,2,68
LJN,FD,2,135
LJN,CNB,17,74
KZE,KGQ,32,23
KZE,BFR,3,8
KZE,KQK,3,13
DNEA,CNPR,2,13
DNEA,DMBR,1,11
PRG,ALD,23,6
PRG,PFM,20,7
PRG,KHNM,2,49
BRG,SRJ,4,17
SAH,PLG,4,14
SAH,BVI,1,43
KZK,CRY,4,15
MOGA,JGN,2,29
SBHR,SKLR,6,111
SBHR,YDM,3,13
SBHR,KBPR,3,42
COR,BHL,24,54
COR,FAN,4,59
COR,KIN,10,36
COR,CNA,6,8
COR,MVJ,10,72
COR,BUDI,6,133
PRI,IKK,1,5
PRI,LRJ,1,14
PEP,BUI,5,11
PEP,CBN,1,6
PEP,RSR,2,22
PER,NLR,2,176
PER,TRL,10,36
PER,KPD,2,124
COA,CCT,4,2
PEH,SDBH,2,9
PEH,SDMD,2,2
COI,MZP,8,81
COI,MJA,1,29
COI,SRJ,6,37
COI,BDL,12,73
COI,MGS,1,143
COI,MKP,12,92
SRGM,LLI,4,15
SRGM,ALU,16,58
SRGM,TPTN,2,3
ZBD,SIQ,1,6
ZBD,KSF,3,23
OKHA,DWK,22,29
OKHA,MTHP,4,10
SNLR,SIOB,4,92
KSP,MKPR,1,6
KSP,RBZ,2,7
MCN,KPD,4,17
UDL,PAW,2,20
UDL,RNG,21,8
UDL,DGR,23,16
UDL,RPH,1,101
UDL,ASN,4,26
MRGA,NDKD,8,38
MRGA,PGRL,2,60
BRUD,CAER,2,10
SGBJ,CAER,2,18
SGBJ,TLV,2,12
RUM,RBL,1,9
RUM,FTG,1,9
RUB,KGA,2,14
RUB,FTP,1,20
JOL,JRG,2,6
BLMR,BBGN,2,14
SNRR,SBD,2,7
SNRR,NWR,2,7
BLMK,LLGM,2,17
JRC,DZA,7,58
JRC,JUC,27,5
JRC,PGW,44,16
SAT,PPD,4,12
TELO,CRP,1,8
DIL,RBD,4,8
DIL,MLD,4,6
GNS,SKY,2,21
MKC,SFY,20,28
MKC,BRRG,2,117
MKC,DWX,14,36
MKC,GUNA,2,214
MKC,TAN,10,10
MKC,SJP,6,63
MKB,BRYA,3,9
MKB,LKR,7,6
MKB,DMRX,4,5
GNT,BZA,18,32
GNT,PGRL,2,74
GNU,SMK,13,13
MKO,BHC,4,15
BRRG,SFY,10,89
BRRG,SFW,2,61
BRRG,PFR,8,30
BRRG,KHRJ,1,53
BRRG,CBK,11,31
BTBR,SEGM,2,49
BTBR,NGP,2,28
KSNG,RGDA,4,127
KSNG,TIG,29,13
KSNG,MNGD,8,72
JHL,JIND,2,72
JHL,ROK,4,130
JHL,LHA,7,16
JHL,BLZ,4,29
JHL,SFM,6,38
JHL,MSZ,2,45
RPAR,SIR,2,48
RPAR,MRND,2,25
RPAR,KRLI,2,17
MKU,NN,17,28
MKU,AK,16,90
MKU,BDWD,7,19
GNA,GJUT,6,15
AII,MDJN,2,7
AII,BHL,10,132
AII,BJNR,4,66
AII,RANI,2,192
AII,NSD,16,23
AII,JP,20,134
AII,FA,2,206
AII,KSG,45,29
AII,FL,4,80
GNG,KCJ,2,15
GNG,RBL,9,47
GNG,BANI,1,9
MKP,MJG,6,37
MKP,SRJ,6,55
MKP,JTW,5,57
MKP,MGS,2,235
MKP,CKTD,14,31
MKP,ALD,15,100
CHD,KTE,2,41
CHD,UMR,6,19
CHD,RPD,2,17
DAKE,BNXR,6,10
DAKE,KOAA,3,9
DAKE,SDAH,2,13
DAKE,KQU,4,27
GTST,CPR,1,9
GTST,MHT,1,8
NSL,TR,1,14
NSL,ANK,1,10
DLJ,SOA,1,10
DLJ,DAS,2,26
DLJ,SOJN,2,28
DLJ,UJ,1,11
DLJ,SGD,4,21
NSD,BJNR,14,42
NSD,BDW,2,20
MNSR,HMH,4,12
CHH,SWPR,4,7
PVPT,RGDA,21,45
PVPT,VZM,4,79
KCKI,DTO,2,15
CNGR,TRVL,46,9
CNGR,CGY,1,17
CHL,KRJ,4,15
CHL,GZB,4,48
UTL,BME,2,11
UTR,LKO,1,12
VPDA,BJU,2,28
SDT,ARJ,4,19
JAN,BRMO,2,3
JAN,BKRO,2,6
PWS,PNBE,12,6
SDS,HMH,2,37
JAL,SOS,2,8
JAL,RANI,2,16
SDE,NEO,4,8
SDF,NPS,4,23
LAU,DIA,6,31
LAU,SUJH,6,10
SDL,UMR,10,67
SDL,APR,20,41
SDL,SNGP,1,6
SDL,KTES,2,128
PWL,KSV,15,42
PWL,HDL,2,30
PWL,BVH,13,22
PWL,AST,4,11
SDI,MGAE,4,8
SDI,AZ,4,19
DGHA,RMRB,4,9
NAB,WSA,4,29
KQR,HZD,15,49
KQR,PSB,9,26
KQR,MGS,2,280
KQR,PNME,21,76
KQR,GJD,5,9
MRJ,PUNE,2,279
MRJ,HTK,5,27
MRJ,BGM,12,137
MRJ,GPB,4,79
MRJ,KVK,2,45
MRJ,JSP,9,12
MRJ,SLI,34,7
MRJ,RBG,2,50
MRJ,KUD,12,33
KQU,HWH,2,33
KQU,SDAH,2,39
KQT,NAW,4,7
HBD,HBJ,23,68
HBD,ET,41,17
HBD,ODG,8,38
HBG,JBP,2,3
NAM,BOJ,2,32
NAM,NHK,4,12
NAM,BFD,2,5
BOJ,NTSK,2,69
BOJ,SLGR,4,34
NAT,BGP,4,3
KQK,KGQ,6,10
KQK,BFR,3,5
KQI,MBG,2,5
KQI,MUPA,2,5
BOD,RNH,2,7
KQN,SDN,2,19
KQN,MDU,23,41
KQN,ABI,2,14
BOF,KMTI,3,4
BOF,SOL,4,4
BOG,BMI,2,6
YDM,KBPR,3,29
HRPG,SKN,4,8
DEHR,PMP,2,10
MLMR,TMV,28,30
MLMR,CGL,36,36
SXT,SA,4,6
HPLE,KKTA,2,5
HPLE,DWLE,2,15
RMJK,UHP,2,10
BQG,JJG,4,11
BQG,LGL,4,12
GOTN,JU,11,84
GOTN,MTD,23,20
GOTN,PPR,2,36
MGME,KLRE,4,6
BQA,JPH,2,23
BQA,MDN,6,102
BQA,ADRA,24,53
BQA,ODM,2,16
BQA,HIJ,2,122
BQI,SA,9,43
BQI,BDY,2,10
BQI,SLY,3,46
AMRO,GJL,13,23
TIHU,KTCH,2,7
JVN,ADI,2,134
SVV,SDNR,2,12
SVV,NZT,2,11
FSP,BXN,4,20
BOKR,MUE,4,31
BOKR,HEM,4,55
UMD,HGL,2,69
UMD,LUR,8,79
APR,AAL,8,13
APR,CLF,2,5
APR,BSP,4,151
BTPD,BDCR,2,9
LKN,BGS,10,18
LKN,KGG,6,22
LKN,SKJ,6,10
LKO,BE,30,235
LKO,BCN,16,47
LKO,FD,18,128
LKO,NHN,7,36
LKO,NHH,27,90
LKO,AMG,13,6
LKO,ABP,1,189
LKO,MLD,3,24
LKO,GKP,5,279
LKO,BLM,6,69
LKO,SLN,4,139
LKO,HGH,8,57
LKO,RDL,2,89
LKO,ON,30,54
LKO,RBL,22,78
LKO,CNB,26,73
VDS,CRJ,6,33
VDS,MDP,20,24
VDS,JMT,14,18
SMBX,HRNR,9,15
SMBX,BBMN,4,24
SMBX,GHGL,4,9
LKE,IDG,13,10
LKE,KPZ,2,27
LKE,KPTN,2,48
LKA,HJI,17,15
LKA,GHY,2,151
VDA,BJW,1,13
VDA,RNO,1,7
FLK,NCB,8,38
AB,KPD,19,52
AB,JTJ,12,31
VDE,GDR,4,31
VDE,NLR,4,7
APT,DWP,13,4
APT,SLO,14,26
APT,BVL,1,10
LKW,MKS,2,18
LKU,HLDD,4,8
LKU,HDW,8,16
LKU,RUPC,6,22
LKR,BRYA,27,15
LKR,BJU,4,38
LKR,DMRX,1,11
LKS,MHJ,8,40
LKS,LGH,8,76
LKS,DHRR,4,22
LKS,SOG,4,102
JMT,CRJ,19,14
JMT,MDP,5,42
VZM,GVI,2,24
VZM,DVD,8,65
VZM,KTV,11,34
VZM,KUR,2,363
VZM,CPP,14,31
AF,AH,10,27
AF,BTE,2,54
AF,IDH,14,2
AF,CNB,2,252
AF,GGC,2,161
AF,BXN,8,85
AF,SMBJ,2,128
TRK,TNM,6,34
TRO,TMR,13,20
TRB,BAL,2,23
HBLN,TMX,1,4
GVG,SIR,10,9
AO,BE,2,28
AO,PMR,2,44
AO,DUB,1,18
AO,BTG,1,12
AO,RBK,2,5
AO,NSU,1,7
TRS,SKI,4,6
TRR,KUN,6,12
TRR,KKDE,4,21
TRT,EKM,6,18
TRT,NG,2,16
TRT,KPD,2,75
TRT,PUT,6,32
KCD,DKD,2,13
KCD,VKN,2,24
KCG,MJF,2,9
KCG,KMC,2,113
KCG,MXT,2,2
KCG,UR,2,20
KCG,SC,8,7
KCG,NGP,2,584
KCG,JCL,6,88
KCG,FM,2,8
KCG,KRNT,2,237
HTC,SKA,2,34
HTC,KSJ,5,64
KCC,BZA,3,5
BJNR,BHL,16,66
BJNR,BDW,2,22
BJNR,GBP,2,3
HTL,MYD,2,10
HTL,LGT,2,19
KCI,PIL,4,15
KCJ,BANI,1,7
KCJ,RBL,2,32
KCV,BPO,2,16
HLKT,NW,3,14
HTZ,MKA,29,7
HTZ,BRYA,25,11
HTZ,BJU,3,18
HTZ,BGS,2,34
HTZ,BKP,2,50
KDPR,HCR,7,6
KDPR,AZR,3,14
KDPR,LAV,2,7
KDPR,SM,2,27
KDPR,BOE,4,27
RANI,FA,12,14
RANI,SOS,2,24
AY,KEA,4,9
AY,ABP,10,54
AY,FD,26,7
AY,SHG,2,98
AY,BLG,1,15
AY,GGJ,20,32
SAI,HJP,2,10
BDCR,MUGR,2,50
ABKA,BDC,13,42
NH,KOAA,19,34
NH,BDC,29,9
NH,SDAH,9,38
NH,BP,4,15
NH,BNXR,5,34
MAJN,KGQ,34,51
MAJN,BNTL,6,19
MAJN,CAN,4,137
MAJN,UD,30,81
NK,DVL,34,5
NK,IGP,47,50
NK,LTT,2,172
NK,JL,6,233
NK,NR,10,31
NN,JM,11,12
NB,RV,2,10
ND,ADI,80,46
ND,KBRV,8,11
ND,MHD,24,17
RRB,DVG,27,114
RRB,ASK,26,45
NG,EKM,2,2
MLHA,KSD,10,16
RRS,LLJ,2,13
NU,JBP,20,84
NU,GAR,2,44
NU,SRID,19,31
NU,KY,21,15
ODG,HBJ,6,30
BCOB,SIOB,22,16
BCOB,GIMB,22,37
J,BDU,1,19
RRME,CNPR,4,12
RRME,ARGD,1,6
NGI,HGT,1,15
NGI,CKNI,1,13
AKOR,DUD,4,28
KMDR,CBN,1,15
RDM,MCI,37,14
RDM,SKZR,6,72
RDM,PPZ,2,5
RDL,FD,17,38
RDL,DYD,15,23
KSG,MDJN,2,22
KSG,JP,11,106
KSG,TL,2,10
KSG,FL,28,51
FBG,JBN,4,14
FBG,ARQ,4,28
SRTN,SLGR,6,16
SRTL,TUVR,13,10
SRTL,MAKM,6,11
KSC,SHK,2,15
KSC,WRS,2,10
USL,GTK,2,7
USL,BSP,4,9
USL,KGB,2,23
ANVT,PNBE,2,984
ANVT,ALJN,1,119
ANVT,CNB,4,427
ANVT,GZB,13,13
MHPE,CHOK,2,8
AZR,KIR,3,44
AZR,SM,2,41
AZR,LAV,2,20
AZR,BOE,14,13
KGA,FTP,6,34
SGZ,NAD,9,91
SGZ,SVA,14,13
SGZ,VMA,6,52
SGP,ET,9,49
SGS,TVI,3,7
SGS,KEJ,1,6
SGS,KDZ,2,20
BNTL,KBPR,6,25
SGJ,DYD,5,20
SGL,MJL,2,13
SGL,BMKI,18,21
SGO,ASKN,4,149
SGO,MKRN,4,7
SGO,PHA,14,50
SGO,MAKR,6,71
SGO,GUNA,1,193
SGE,ED,6,21
SGE,SA,6,41
SGD,BVC,2,28
SGD,SOJN,4,7
SGD,SOA,1,11
SGD,BJUD,1,6
SGG,BGP,22,25
SGF,MBY,4,19
KSN,YG,4,44
KGG,KIR,8,124
KGG,BJU,10,55
KGG,NNA,16,67
KGG,BGS,26,40
KGG,SKJ,8,13
NLP,GOM,2,44
BHBK,KNVT,2,22
CND,BD,11,29
NLR,GDR,103,39
NLR,OGL,75,116
NLR,BZA,16,255
NLR,KVZ,10,50
CNB,NDLS,23,437
CNB,FTP,27,78
CNB,CPA,13,3
CNB,SKB,2,193
CNB,BZM,6,13
CNB,KBN,2,34
CNB,BKO,2,47
CNB,ORAI,21,106
CNB,ALJN,11,308
CNB,GZB,3,414
CNB,GTM,2,47
CNB,FZD,4,213
CNB,ON,59,18
CNB,PHN,14,59
CNB,ALD,57,194
CNB,TATA,2,901
CNB,PHD,8,82
CNB,MGS,4,346
CNB,FBD,2,139
CNB,RURA,3,43
CNC,RBG,4,11
CNC,KUD,4,6
CNA,BHL,4,46
CNA,GGR,2,15
CNK,MZM,2,7
CNK,RSI,2,16
CNI,MURI,2,68
CNI,TATA,9,36
HRNR,GHGL,4,6
HRNR,CKDL,6,3
MTHP,DWK,4,19
MRTL,MEX,1,19
SZM,ANDI,4,6
SZM,NDLS,14,3
SZM,NUR,8,23
SZM,BHD,2,11
PFM,LGO,5,28
PFM,PLP,4,23
PFM,RMC,5,21
PFM,KHNM,2,42
DXN,RNQ,9,22
PFR,SFW,6,31
PFR,SFY,2,58
INDB,DWX,50,39
INDB,MGG,1,15
DXG,JL,2,30
DXG,AN,2,25
SIR,FGSB,2,4
SIR,UBC,2,46
SIR,UMB,12,54
SIR,RPJ,28,26
SIP,ROI,2,10
SIP,CPR,26,28
SIP,BUI,20,36
SIP,MHT,2,12
SIW,MSR,1,5
JWP,IKK,1,4
JWP,ATMO,2,16
JWP,LRJ,7,23
TPTY,GDR,2,93
TPTY,KPD,8,105
GNVR,BUPH,1,4
JWB,FA,14,17
JWB,ABR,6,82
JWB,SOH,6,39
SAGR,BCN,1,6
SAGR,NHN,1,5
SIL,PURI,30,17
SIL,KUR,28,27
SIL,DEG,2,11
BDVT,SME,6,16
SLKR,BIG,2,8
SLKR,KGB,2,8
SOJN,BVC,2,21
SOJN,BVP,2,18
SOJN,VTJ,1,11
TAZ,MSR,5,12
BDVL,FM,1,7
BDVL,UR,1,6
TKR,BVNR,3,6
TKR,SLI,4,41
MJF,MED,2,24
MJF,KMC,2,105
MJF,BMO,6,10
MJF,SC,6,4
MJG,JTW,8,20
MJG,CKTD,2,68
MJA,BDL,6,44
MJA,ALD,5,38
DJX,BLGR,2,43
MJN,TSK,2,8
DJA,MXR,2,13
GID,CBM,8,34
GID,NDL,10,54
DJG,NTSK,4,16
DJG,NHK,4,9
MJS,KGQ,1,29
MJS,ULL,2,8
MJS,UAA,2,7
BBTR,ET,2,59
BBTR,GDYA,2,12
AHA,MSDN,2,5
RUL,LLGM,2,16
NPK,AAY,2,11
NPD,KBJ,2,53
AHH,MET,7,19
AGR,BMI,2,4
MJRI,SEGM,2,88
MJRI,WRR,6,12
MJRI,NGP,4,163
CDGR,MDN,2,36
CDGR,SLB,6,11
JRLE,AZ,11,35
JRLE,NILE,9,20
JRLE,DGLE,2,30
NPS,BKN,6,27
GUG,KSX,2,7
TSK,NTSK,2,2
NMGT,HTK,1,6
NMGT,JSP,1,9
GUD,GTS,4,10
GUH,GZB,1,10
SHR,GSPR,6,11
SHR,JBP,22,38
SHR,SBD,2,24
SHR,KTES,7,51
SHR,KTE,17,52
TSA,PMR,2,9
BDDR,KSD,2,7
GUR,DUD,8,23
GUP,GKJ,2,13
DHNE,NDL,2,76
DHNE,YA,2,171
DHNE,BMH,8,36
DHNE,TU,2,103
DHNE,GTL,6,69
DHNE,KRNT,24,53
DHNE,MKR,2,57
DWLE,PNSA,2,7
TSR,NDO,3,10
KBJ,R,2,169
KBJ,TIG,22,34
KBJ,MRBL,2,15
KBN,BKO,2,12
KBL,GDG,14,58
KBM,TIU,6,14
KBM,NWP,6,14
HLDD,RUPC,4,14
DLD,MDS,4,15
PGRL,NDKD,14,21
KBY,TNL,2,12
KBY,RNY,2,28
HUP,YNK,10,83
HUP,BNCE,1,103
HUP,PKD,10,37
BSYA,ANH,2,6
HLDR,BJO,7,17
HLDR,CPS,7,18
HCR,KIR,2,35
HCR,SM,4,21
HCR,BKRD,7,10
HCR,BOE,4,33
HCR,MLDT,4,55
KPQ,CAN,16,14
HCP,KVG,1,6
HCP,BCN,12,16
HCP,RBL,12,15
KPV,ALJ,1,12
KPV,GWS,2,12
KPV,RHN,1,21
KPV,PLS,2,30
BLZ,MSZ,8,16
BLU,BJR,2,20
KPY,MQO,2,12
KPZ,KPTN,2,20
NFK,PKR,27,33
NFK,DGLE,9,15
NFK,TDLE,2,5
NFK,NILE,2,25
NFK,KTJ,2,14
NFK,RPH,6,87
NFK,AZ,2,107
NFK,BHW,14,15
NFK,MLDT,60,34
CKDL,CHNR,4,6
BLM,ON,2,100
BLM,BGH,5,9
KPD,SHU,2,40
KPD,GDR,2,216
KPD,JTJ,86,84
KPD,SA,14,204
BLK,NJP,3,18
BLK,RQJ,5,8
KPG,ANG,5,110
KPG,YL,4,14
KPG,BAP,26,44
KPG,PB,10,24
BLD,SJN,4,12
BLD,UBR,2,17
BLG,GGJ,1,17
KPN,SA,2,164
KPN,JTJ,13,44
DEOR,BLDI,4,27
DEOS,BLTR,2,54
DEOS,GKP,48,50
GCT,ARJ,15,40
GCT,NDJ,1,18
GCT,BUI,8,66
EKM,PUT,8,14
EKI,GZO,4,13
EKI,SM,2,16
EKI,MLDT,4,19
JTJ,BNCE,1,141
JTJ,SA,56,120
EKC,GGA,6,5
REJ,PLY,2,9
REI,KTE,2,32
REN,MTD,4,17
CLF,JTI,2,8
SVGA,DKO,12,35
SVGA,KAL,2,23
EKR,IPR,2,10
EKR,HIL,2,12
JHD,MDE,4,17
JHD,NDU,2,9
JHD,THA,2,12
LFG,BF,2,9
LFG,MGE,2,7
LFG,MBG,2,38
LFG,MXR,2,14
LFG,JTG,1,14
LFG,HFG,2,12
MKA,PHK,5,15
MKA,DKGS,2,15
MKA,PNBE,8,90
MKA,BRYA,10,17
MKA,BJU,17,21
MKA,BGS,2,40
MKA,BKP,21,44
PDRD,KSF,2,4
MKN,NAC,7,29
MKN,JP,3,120
MKN,FL,4,65
NTSK,DBRG,16,42
NTSK,NHK,2,25
NTSK,MXN,4,157
NTSK,SLGR,6,103
DIG,BZA,4,22
LTT,PUNE,2,176
LTT,IGP,2,121
LTT,TNA,53,17
LTA,CRN,2,11
LTA,NWA,2,8
LTD,NGA,1,7
SY,CDM,23,17
SY,VDL,6,6
SY,TDPR,2,59
KXN,ROU,2,21
TDLE,PKR,2,28
GUNA,MINA,2,32
GUNA,KTE,2,379
GUNA,SVPI,7,102
GUNA,ASKN,24,44
GUNA,MAKR,1,119
SI,KIR,3,16
SI,SRI,3,13
RPAN,VNE,2,51
SM,MLDT,13,35
SM,BKRD,7,10
MLTR,PKQ,2,7
SC,HYB,22,10
SC,BG,9,46
SC,KMC,8,109
SC,BN,6,33
SC,NRDP,2,53
SC,BZA,2,350
SC,RMNP,2,76
SC,BMO,2,14
SC,BMT,20,4
SC,GTL,2,412
SC,LPI,2,23
SC,VKB,4,72
SC,MED,2,28
SC,ALER,1,70
SA,ED,122,63
SA,OML,3,11
KKTA,BGP,2,7
JUDW,UMB,12,46
JUDW,JUD,20,5
JUDW,RAA,8,22
MKR,GTL,4,12
KNVT,HEM,2,89
BBGN,RNGG,2,7
HZD,PSB,9,22
HZD,PNME,20,27
CAR,MZP,30,31
CAR,LUSA,2,42
CAR,KEI,4,44
CAR,ARW,1,19
CAR,ALD,2,121
CAR,MGS,14,32
CAR,CPU,1,103
CAP,BALU,16,54
CAP,GAM,8,9
CAP,KIT,6,37
ANKL,BYNR,2,137
MGN,BMI,4,35
MGN,THDR,6,8
BNCE,YNK,3,19
BNCE,SBC,1,7
BNCE,CRLM,2,18
CAI,NKE,4,20
HAPA,KMBL,1,63
HAPA,ALB,2,9
CAN,KGQ,24,86
CAN,TLY,54,21
KHNM,UCR,2,30
KHNM,LGO,10,14
SRID,BMR,2,12
SRID,JBP,3,53
CAA,MFP,4,48
CAA,BMKI,14,32
CAA,MTR,2,21
AIG,KH,2,8
BTE,AH,25,27
BTE,JP,10,187
BTE,BXN,18,41
BTE,NZM,2,167
MRN,BILD,1,10
BAKA,BHLE,2,15
PGK,HMH,12,25
PGK,SOG,12,25
PGI,KN,2,10
PGI,TIR,14,16
PGI,FK,17,16
PGI,TA,18,8
PGW,JUC,17,21
PGW,PHR,25,22
PGT,CBE,70,55
PGT,TCR,37,77
PGT,OTP,38,31
PGR,KRR,10,15
PGR,ED,6,50
RKSN,SINI,12,15
DYD,FD,2,61
MKX,DKNT,4,53
MKX,DARA,2,15
PNSA,BHLE,2,4
PPC,GKP,5,20
PPC,CPJ,5,19
FGSB,BSPN,2,4
ADTL,JBP,2,8
RAIR,SBPD,11,69
RAIR,JUJA,2,32
RAIR,ANGL,4,86
RAIR,BONA,19,47
RAIR,BAMR,2,15
UDR,KTE,2,37
UDR,MYR,2,26
TGRL,TMKA,2,10
TGRL,SGDP,2,17
MGX,JTG,2,11
MGX,HJO,2,7
RSI,LRJ,4,8
UDZ,RPZ,22,5
RSA,GDZ,2,12
RSA,MXA,2,12
OGL,ANB,6,15
OGL,TNR,6,19
OGL,GDR,6,155
OGL,BZA,52,138
OGL,SKM,17,28
OGL,KVZ,9,66
BTJ,MEM,1,11
UDN,BL,6,64
UDN,NDB,6,156
UDN,VYA,8,57
UDN,BIY,2,27
MAKR,LAR,6,67
RSR,IAA,6,29
RSR,BUI,8,32
UDM,KDHA,3,6
UDM,NRGR,3,7
MIH,KS,2,11
DKT,CDG,1,55
DKT,UMB,1,12
MIL,CBJ,2,32
MIL,BE,4,40
GHR,CUX,2,7
MIN,BIC,2,40
MIN,NNP,2,24
DKZ,NDLS,10,4
MID,VYA,2,15
MID,BIY,2,15
PPN,NDW,1,11
PPN,PNBE,4,14
GHD,URD,9,16
GHD,RNQ,4,99
GHD,DTO,26,33
GHD,CPU,4,141
DKD,VKN,4,37
DKE,LGT,2,9
DKE,MUPA,2,8
BE,PMR,8,20
BE,CBJ,2,8
BE,BTG,2,15
BE,TLH,1,53
DKO,KKDI,14,5
DKO,KAL,2,13
JRMG,KTSH,1,7
JRMG,BSP,1,14
GAJ,MKRN,4,31
GAJ,PHA,4,13
URD,MDJ,9,12
URL,ED,2,33
RHN,PLS,2,9
RHN,ALJ,1,9
URI,PUNE,10,28
URI,KDG,5,26
KPTN,GQL,3,7
DABN,MBY,4,20
SFY,SFW,8,28
KLTR,GTK,2,8
KLTR,KGB,2,8
SFM,LHA,7,22
SFH,JRR,1,3
SFG,ALD,3,4
SFG,BMU,1,5
SFC,TIG,2,29
SFC,BLGR,6,35
SFC,BUDM,4,9
HDW,KGM,8,7
KSV,FDB,5,71
KSV,BVH,1,64
KSV,CHJ,8,10
KSV,HDL,2,12
NGB,KEA,2,9
NGN,CSN,17,42
NGO,JU,2,161
NGO,BKN,2,116
NGO,MDW,6,18
NGO,MTD,18,57
KSX,BKSC,2,28
NGT,VLNK,4,11
HDE,FUT,2,5
NGP,BD,11,174
NGP,BZU,10,190
NGP,SEGM,51,77
NGP,KATL,20,61
NGP,BZA,2,662
NGP,SKZR,2,281
NGP,MTY,2,145
NGP,AK,5,253
NGP,R,2,301
NGP,ET,21,297
NGP,KP,6,14
NGP,ITR,7,4
NGP,KSWR,2,24
HDA,FL,2,8
KSB,BH,1,28
KSB,KIM,12,8
HDN,MDJ,9,12
HDN,JPL,9,7
HDK,ALY,2,36
BAMR,BONA,2,31
KSJ,KMJ,2,78
KSJ,SKA,2,29
KSJ,FBD,5,107
KSJ,GWA,2,32
BMB,JSG,13,36
BMB,GPH,8,16
MGAE,NHT,4,18
BMF,HNL,8,58
BMD,EE,4,19
DNRP,HMT,2,95
BMH,NDL,6,40
BMI,THDR,4,27
BMO,MZL,4,58
BMO,GWV,2,10
BMO,MED,2,14
BMR,BHTN,2,12
PRDP,BDBA,2,11
BMT,HYB,10,5
BMT,LPI,10,18
BMT,VKB,6,68
SZR,BXP,6,10
SZR,BXJ,6,22
DHPR,CDG,3,33
DHPR,UMB,3,34
EE,BZA,77,60
EE,NZD,4,19
ED,KRR,30,65
ED,CBE,5,101
SHZ,JTO,4,4
SHZ,SML,4,3
PMN,LLR,2,14
PMN,BZM,2,15
JTO,TVI,4,4
SHC,SBM,2,9
JTI,NIQ,2,10
SHE,CGR,4,11
SHE,HWH,4,22
SHE,BDC,4,17
SHF,MWK,1,7
SHG,KS,8,11
SHG,ABP,16,44
SHG,FD,3,105
SHG,MLPR,15,25
ET,BZU,34,107
ET,HBJ,24,86
ET,JBP,37,245
ET,TBN,6,61
ET,JL,2,331
ET,GDYA,37,70
JTG,HJO,3,18
JTG,HFG,4,2
SHK,WRS,2,26
SHM,KGP,2,113
JTB,GKP,1,11
JTB,DMG,2,7
GZN,MUD,5,12
GZN,GZB,7,6
GZO,BNDP,2,20
GZO,MANG,2,6
RJPM,SVPR,2,11
RJPM,SNKL,2,33
MGE,MXR,2,7
BSKH,DGHR,2,43
BSKH,JAMA,2,10
RJPB,PNBE,55,3
RJPB,BKP,4,43
RJPB,GZH,5,4
GZB,KRJ,18,62
GZB,NDLS,27,23
GZB,ALJN,11,106
GZB,MTC,19,47
GZB,MUD,1,17
GZB,DER,1,17
GZB,NZM,19,23
GZB,PKW,27,25
TBT,LAR,10,39
TBT,BZY,4,13
MGS,VYN,1,6
MGS,PNBE,21,212
MGS,DGO,2,44
MGS,BDL,2,70
MGS,SLD,2,19
MGS,MZP,31,63
MGS,KCA,2,11
MGS,KEI,18,12
MGS,ARW,2,13
MGS,ALD,35,153
MGS,ARA,2,162
TBH,GPZ,2,23
BDWD,VNA,4,18
TBM,MBM,19,17
TBM,CGL,53,31
KDJR,GADH,2,11
BDWL,MHJ,2,45
BDWL,SOG,2,18
GHX,DKGS,2,3
GHX,BJU,2,3
LUR,HGL,2,11
SNC,MSW,2,5
SNC,BV,2,11
VJP,KHRJ,4,19
RVKH,MCI,4,6
RVKH,MMZ,2,4
SDAH,BP,2,23
SDAH,BNXR,11,4
SDAH,ASN,2,206
GHY,NNGE,2,8
GHY,GLPT,6,128
GHY,CPK,4,92
GHY,RNY,6,47
GHY,DGU,4,34
RMC,LGO,5,7
WPR,GWD,2,22
BLTR,LRD,11,13
BLTR,IAA,7,27
BLTR,KER,2,14
DKNT,DARA,2,38
RMD,MMM,10,36
RMD,PMK,16,36
TLU,CBM,2,13
TLY,MAHE,24,9
TLY,BDJ,24,22
GTL,AD,39,52
GTL,MALM,3,93
GTL,KRNT,2,122
GTM,PTRE,2,10
TLC,SUJH,2,14
GTS,KGP,2,98
GTS,TATA,10,37
GTT,GDL,2,13
TLD,R,22,38
TLJ,SLJ,1,20
TLH,PMR,8,32
KEK,DAB,1,14
KEJ,KANO,1,7
BHLP,MUV,2,2
BHLP,MBS,3,41
KEH,SWPR,5,5
KEG,DUB,2,6
KEG,RBK,2,7
HVD,MALB,6,45
BTG,NSU,1,5
HVR,DVG,2,69
HVR,YLG,1,29
HVR,UBL,31,75
HVR,RNR,29,32
MRDW,KT,6,56
MRDW,BTJL,8,20
MRDW,BYNR,4,43
SKND,BGPL,2,9
CMW,KRA,2,13
SINI,TATA,11,27
TLV,CAER,4,30
RPR,DURE,10,17
UCR,RBL,2,38
PNBE,FUT,2,22
PNBE,NDLS,2,997
PNBE,BGS,4,126
PNBE,BKP,17,45
PNBE,NDW,1,24
PNBE,GZH,5,7
PNBE,ARA,22,49
PNBE,BJU,4,110
PNBE,ALD,2,364
RPZ,MVJ,22,38
MAHE,BDJ,22,13
UCA,BZO,3,11
UCA,JIND,4,19
SGAM,MWJ,2,45
RPH,PKR,29,54
RPH,HWH,1,206
RPH,DGR,5,118
RPH,NHT,15,14
RPH,BHP,22,60
RPH,MLDT,12,121
RPJ,UBC,37,20
RPJ,UMB,12,28
ALJN,NDLS,12,132
ALJN,KRJ,27,43
ALJN,MXK,1,14
VTJ,BVP,2,7
RBZ,HYT,4,5
RBS,FTS,4,15
RBS,BXN,4,34
KTGA,SPRD,2,10
BEAS,JUC,48,36
BEAS,ASR,50,43
BEAS,KRE,10,21
RBL,BCN,11,31
RBL,FTG,3,18
RBG,KUD,4,17
RBG,GPB,8,29
SDN,MDU,8,21
SDN,KON,2,18
RBA,GAM,4,17
RBA,KIT,4,11
LGH,DHRR,4,54
LGH,BKN,10,3
LGH,MHJ,2,115
RMPB,MLNH,2,4
RMPB,MKRH,2,7
LGL,JJG,2,23
KAJG,PSD,1,5
ATMO,LRJ,2,7
OTP,TCR,10,46
LGT,MBG,2,27
DZA,MEX,23,16
NAC,JP,2,90
NAC,FL,3,35
JU,MMY,2,33
JU,PPR,1,47
JU,ABR,2,268
JU,LUNI,30,32
JU,MTD,20,105
JP,FL,36,55
SEGM,HGT,29,37
SEGM,WRR,2,75
MHRG,SDLP,2,91
NAD,VMA,10,40
NAD,KUH,24,14
BNVD,WSJ,4,18
BNVD,LPJ,2,37
HBJ,SJP,2,87
SCC,MINJ,1,47
SCC,BVN,2,34
NAK,BORA,2,12
JGR,BDN,2,19
JGR,SKB,1,40
BOR,BL,2,95
BOR,PLG,6,12
BOR,BVI,7,69
BNDP,DLPH,2,10
IAA,KER,2,13
BNDA,KHU,6,19
BNDA,ICL,2,21
BNDA,MBA,14,53
TIR,KTU,30,15
TIR,TA,18,8
BNDM,JRA,1,21
BNDM,NXN,2,24
BNDM,BZR,2,7
BNDM,ROU,11,7
MZP,BDL,34,8
MZP,ALD,17,90
KEI,VYN,1,5
MZR,BD,23,41
MZR,AK,23,38
KHMA,MJZ,2,13
PHD,RURA,1,39
PHD,ULD,4,16
MZC,PPT,6,8
PHR,BZG,1,15
SKT,CPH,10,30
SKT,KHS,10,16
RMGM,KGI,5,32
RMGM,BID,12,15
RMGM,CPT,17,11
RMGM,SBC,1,45
KLAR,MBA,11,21
SKP,VKB,12,29
SKP,LPI,12,21
FTP,ALD,22,116
FTP,BKO,2,31
FTP,MWH,2,16
BOY,ALD,2,90
SKB,BDN,2,20
SKB,FZD,32,20
SKM,KVZ,23,37
SKM,TNR,6,9
VMA,THUR,2,9
SKI,MBI,8,17
SMO,CRR,12,11
SMO,KIR,12,12
SKJ,BGS,2,27
BDTS,BVI,40,19
JUD,UMB,26,51
JUD,RAA,2,26
TCR,DINR,2,33
TCR,IJK,26,24
BOE,KIR,11,39
BOE,SRI,3,9
BOE,MLDT,24,88
MFP,HJP,57,54
MFP,MTR,10,27
MFP,RUSD,6,41
MFP,BMKI,4,80
MFQ,KHBJ,2,11
GED,BDM,4,13
GED,BGK,4,13
JGJ,CIL,1,9
MHJ,SOG,8,62
JGM,KGP,12,39
JGM,TATA,2,96
GKP,CPJ,7,39
GKP,ANDN,4,42
GKP,DMG,2,4
GKP,GKC,3,3
MHD,ADI,4,28
MHD,BJD,7,12
DDP,CPR,2,19
DDP,EKMA,2,9
JGD,MDP,3,13
GKH,BHP,16,19
GKH,BDH,2,11
GKK,GPB,2,5
DDN,DWO,8,20
BRMO,BKRO,2,9
BRMO,PUS,4,6
MHT,CPR,1,17
DDE,NDB,8,35
DDE,AN,6,61
SSIA,TRAN,2,11
ANG,PB,2,87
ANG,BAP,32,67
NVS,BIM,9,21
NVS,AML,8,15
NVS,BL,37,39
NVG,BXY,1,16
NVG,AMLA,2,43
ANV,SLO,14,37
GDYA,BZU,39,36
GWD,KRNT,22,56
GWD,SBBJ,4,46
KHS,CPH,2,46
GWA,FBD,2,76
TMV,CGL,2,66
TMX,UR,4,16
GWL,DAA,4,73
GWL,BAO,2,19
GWL,SVPI,12,126
GWL,NZM,2,306
TMZ,PKU,12,24
TMZ,MCA,6,33
TMZ,HLZ,4,46
TMKA,BGPL,2,8
GWV,MED,2,4
TME,TN,6,1
TME,MVN,6,7
KDM,NKD,7,15
KKDI,CTND,6,11
KOAA,BDC,5,42
KOAA,DGR,4,161
KOAA,BP,4,18
KOAA,ASN,4,203
HWH,KGP,53,115
HWH,BDC,20,39
HWH,MCA,5,59
HWH,MNAE,2,132
HWH,DGR,4,158
HWH,BHP,11,146
HWH,ULB,1,33
HWH,ASN,13,200
VVM,PKO,6,10
VVM,BVRT,2,12
VVM,BVRM,4,11
KKDE,KUN,31,33
KKDE,SHDM,10,22
KKDE,UMB,29,42
NJP,KIR,6,201
NJP,JPE,15,34
NJP,SGUJ,15,7
NJP,NCB,23,126
NJP,MLDT,3,232
BHME,CRP,3,6
BHME,PUS,4,5
KDZ,KANO,1,7
KDZ,TVI,1,26
KDZ,SLR,4,5
ADR,BHT,2,17
SOL,SLR,4,7
KDP,YA,4,41
KDP,TU,14,28
KRY,MCU,4,38
NDO,BPP,23,20
KRR,MMH,1,25
KRR,MONR,2,16
KRS,ARA,2,10
NDB,NWU,6,57
NDB,JL,14,151
NDB,VYA,4,99
NDB,AN,12,95
NDD,KVR,15,15
NDD,TNKU,10,17
KRJ,DER,1,46
HEM,MUE,2,86
BALU,GNGD,4,13
BALU,CLKA,10,7
BALU,KUU,4,21
BALU,KUR,44,71
BALU,KIT,4,17
BALU,KAPG,4,28
NDT,MVJ,2,16
KRE,JUC,10,15
BJF,BNGN,4,15
BJE,SDMD,2,1
BJE,ADRA,2,30
BJE,SNTD,4,7
BJO,MZM,7,25
TRAN,MURI,2,13
BJW,RNO,1,6
BJU,BCA,10,16
BJU,BGS,34,15
BJU,BRYA,2,23
BJU,NNA,2,123
BJU,DKGS,4,6
BJU,HJP,5,88
BJU,KIR,4,179
BJR,CPA,1,33
BJP,BGK,4,97
BJP,IDR,4,50
UHL,AADR,2,28
UHL,MTPR,2,10
KRNT,SBBJ,4,10
CBN,BUI,1,16
WSJ,UA,2,58
WSJ,SKR,2,7
HYT,TLWA,1,4
ARCL,KTX,4,13
RWO,SKR,2,13
FAN,MVJ,10,13
FAN,KIN,6,23
VKR,NIQ,2,8
ADRA,JPH,2,30
ADRA,BURN,4,36
ADRA,SNTD,4,23
ADRA,ANR,6,14
ADRA,ASN,10,41
VKI,GDR,4,35
VKI,KHT,15,25
VKI,VDD,11,16
DMRT,KRPU,2,11
VKA,ASR,2,8
VKB,LPI,6,49
SBLT,JSM,7,64
SBLT,AQG,7,38
BQR,DURG,2,4
BQR,BPHB,2,5
PURI,KUR,39,44
KNPS,CBSA,2,34
PANP,MYS,10,20
PANP,S,2,4
BQP,ON,2,32
CCT,SLO,10,13
BGBR,MSMD,12,31
DMRX,BRYA,5,5
PUNE,KK,4,7
PUNE,PNVL,2,121
PUNE,GPR,6,3
SBPD,JSG,2,47
SBPD,JUJA,2,37
SBPD,ANGL,2,155
PIA,ASKN,4,26
MYS,SBC,2,139
MYS,S,4,15
MYR,KTE,25,63
PIP,MDS,8,16
MYG,BH,6,40
MYG,PLJ,10,15
POK,AQG,4,4
DOA,CHA,1,10
CQA,AAM,2,7
CQA,VPZ,2,11
GIMB,AI,12,9
GIMB,SIOB,8,53
GRKN,RCTC,2,13
SIOB,MALB,12,41
SIOB,ADI,2,248
PLJE,CRP,4,12
PLJE,KTH,4,9
UBR,SJN,4,5
UBR,GVD,2,9
ALER,RAG,2,17
ALER,BG,11,23
SLD,KCA,2,7
NCH,MXN,4,11
UBC,UMB,40,8
UBL,DWR,47,20
UBL,DVG,4,143
UBL,YLG,2,46
UBL,GDG,13,58
FD,ABP,7,62
FD,SLN,4,58
RQJ,MOP,2,3
RQJ,JPE,2,7
CUPJ,CDM,18,38
CUPJ,TDPR,10,4
BZA,DVD,8,332
BZA,MDR,22,57
BZA,NZD,6,41
BZA,GDR,11,293
BZA,KI,4,18
DGLE,NILE,7,10
MWT,OSN,2,44
MWX,FZR,4,24
MWX,MXH,4,18
GJS,RSNR,2,14
JDB,KPRR,2,32
NRDP,CTYL,2,31
GJD,GAP,2,22
MWH,BKO,2,16
DEE,ROK,2,69
DEE,NDLS,2,6
MWM,SBC,7,3
AMI,BD,6,10
NWU,VYA,6,42
NWP,PUN,2,13
AML,BIM,8,6
NWR,KTES,2,12
ORGA,BANO,4,35
ORGA,NXN,2,7
ORGA,ROU,2,38
NWD,WRS,4,18
NWD,TIA,2,17
NWA,NIR,2,27
AMP,BHP,12,19
DMGN,DBRG,2,14
BSX,MUE,6,59
BSX,DAB,8,10
KL,MURD,9,19
BZM,PHN,4,44
BZM,LLR,2,30
BZM,KTRR,2,13
ANGL,BONA,23,39
BNWC,BMLL,2,8
GPR,ABLE,1,38
KHRK,KLNK,2,7
KHRK,BMLL,2,8
KHRJ,CBK,6,23
KLRE,PTRU,6,36
KLRE,RAY,7,7
KUX,PUX,1,7
KUX,GNW,1,8
BSP,CPH,23,53
BSP,ROU,2,307
BSP,JSG,14,205
BSP,R,33,111
BSP,KGB,4,32
KUU,GNGD,4,8
KUU,KAPG,8,7
KUR,NKP,10,25
KUR,KAPG,2,44
KUN,UMB,5,75
KUH,RNH,2,11
KUE,CRR,14,17
KUE,KTRH,4,7
KUE,NNA,10,17
KUD,GPB,8,47
HSRA,SBC,3,59
HSRA,BAND,7,51
HSRA,CRLM,8,35
HFG,BF,2,3
BKG,FUT,7,6
BKL,MDR,4,16
RMNP,CTYL,2,9
RMNP,BN,2,42
BKH,GAR,2,31
BKJ,UD,4,23
BKJ,KUDA,4,22
BKP,FUT,22,24
BKP,KWO,6,9
JSP,HTK,8,15
BUDM,TIG,11,20
BUDM,BLGR,7,43
BHTK,KGS,2,13
BURN,ASN,17,5
JSR,SRJ,3,21
SJP,BIH,4,70
KNLS,KMBL,2,27
MDP,MUW,4,12
MDP,CRJ,54,57
MDP,ASN,11,81
CRLM,BAND,2,16
MED,KMC,6,81
GDR,KHT,6,60
GDR,VDD,11,19
GDZ,BXA,2,28
MEJ,KLPM,2,12
MEJ,TN,2,31
MEJ,KDU,8,14
MEJ,MVN,6,23
MET,DUI,13,17
GDB,ABS,4,45
GDG,HLAR,4,49
GDG,BDM,2,67
GDG,KGX,2,9
GDG,BGK,2,93
SMBJ,BXN,2,43
SMBJ,GGC,17,35
MDU,TMQ,4,17
MDU,KON,2,4
GDL,NUD,4,31
LWR,DWR,22,36
SDLP,CUR,12,57
CPP,SGDM,2,13
CPP,GVI,2,7
BHLK,UDGR,8,43
BHLK,BIDR,10,38
TU,YA,7,69
TP,PLI,1,24
TN,MVN,2,8
TJ,PML,10,25
TJ,BAL,8,17
TK,DVG,2,256
TK,ASK,6,96
MFKA,SLN,20,32
MFKA,SHNG,1,9
MFKA,NHH,21,19
AD,KO,2,28
AD,MALM,25,41
AD,KGL,4,14
GVL,KVM,4,3
GVL,NUJ,2,5
AH,IDH,10,24
AK,BD,47,79
AK,PS,2,20
AK,NAVI,2,88
AL,TNKU,10,11
AL,BVRT,10,20
AN,JL,18,56
TNA,CSTM,2,33
TNA,PNVL,16,34
TNL,ULG,2,22
AZ,MLDT,4,114
KGP,JER,18,71
KGP,MDN,12,13
KGP,PKU,21,44
KGP,BHC,2,180
KGP,BLDA,10,38
KGP,TATA,32,134
KGP,MCA,7,57
KGP,BLS,50,119
NKE,HIR,10,15
NKJ,KTES,2,6
NKJ,KHBJ,2,47
NKM,RNC,8,5
NKM,MURI,2,57
NKM,TIS,6,6
BVRM,BVRT,4,1
NKP,KAPG,2,18
KGB,BIG,6,15
BVRT,AKVD,20,17
BVRT,TNKU,4,31
NKW,STBJ,2,10
KGI,SBC,26,12
KGI,BID,12,17
KGL,KO,4,14
CPH,JSG,6,153
CPK,HJI,10,44
CPK,KWM,10,17
CPN,SMLA,2,12
CPA,FBD,2,137
RAJP,VID,4,23
CPR,HJP,15,59
CPR,EKMA,6,27
CPR,BUI,19,65
CPR,DDA,2,43
CPU,CUK,5,22
CPU,KRLR,1,50
CPU,RNQ,15,41
CPU,OBR,12,13
MRBL,TIG,2,18
PAW,DUJ,2,15
PSE,KTQ,2,10
MANG,DOTL,2,5
GLPT,JPZ,2,47
WRR,HGT,11,38
WRR,CKNI,1,10
KTES,KHBJ,2,52
KTES,UMR,4,61
KTES,JBP,3,89
ADI,ASV,1,2
ADI,PNU,4,133
ADI,ABR,4,186
ADI,MSH,33,68
THV,RGDA,2,18
THV,SPRD,13,9
THV,MNGD,11,35
CHP,PNU,4,16
KATL,KSWR,2,37
LAV,KIR,8,23
LAR,DUA,2,28
SGUJ,BORA,2,11
DTC,HJO,2,7
DTC,BXK,2,5
PUX,IKR,1,6
GVN,KVR,3,4
STBJ,BSTP,2,14
SBD,KTE,2,28
IGP,DVL,34,45
JJG,MBB,6,8
GSPR,JBP,2,28
CBF,CBE,7,2
CBE,MTP,2,36
MXT,FM,2,6
MXR,MBG,2,24
MXN,BXJ,2,94
MXN,SLGR,12,54
SKZR,MCI,13,58
MXH,FZR,2,42
MXA,DURG,2,12
BZU,MTY,4,45
BZU,AMLA,37,23
BZR,ROU,1,15
SMR,LUNI,12,48
SMR,MKSR,4,27
FA,SOH,12,55
FA,ABR,30,99
SMI,RUSD,6,23
BZO,JIND,3,8
BZN,ULB,4,13
BZN,MCA,3,13
BZN,PKU,1,25
FK,KN,2,5
SMC,CRN,2,14
FM,UR,3,13
JSG,ROU,44,102
MDN,HIJ,12,23
MDN,SLB,6,25
RCTC,KDRP,2,15
MDB,TIW,3,34
BRYA,DKGS,2,17
MDE,THA,2,4
GGA,BGP,6,21
GGC,NNW,7,17
GGC,BXN,6,77
AMLA,MTY,17,23
MDR,YP,4,15
MDR,KI,2,40
GGN,PTRD,10,30
MDW,MTD,6,39
GGJ,ABP,21,22
JER,BLDA,4,33
JER,BLS,20,48
JER,ARD,2,14
JER,HIJ,4,64
JES,RSNR,2,31
JES,SOG,2,25
BPHB,DURG,23,10
BPHB,R,21,27
BPHB,BIA,4,4
MVI,MALB,4,51
MVJ,KIN,4,36
MVN,KLPM,2,12
MVO,SELU,15,14
ALD,MUV,2,121
ALD,SRJ,2,45
ALD,BDL,10,82
ALD,PLP,8,36
ALD,KIR,2,654
ALD,ALY,18,2
ALB,WTJ,2,12
NTV,ANDN,4,40
SHNG,SLN,1,22
ALU,KKPM,2,24
ALU,LLI,2,43
YG,NW,14,25
YP,KI,4,24
HIP,ROP,2,6
HIP,BLS,2,12
NHN,BCN,7,11
NHH,SLN,14,50
NHH,HGH,2,33
NHK,SLGR,2,78
NHT,PKR,2,39
HIJ,BLDA,2,32
HIJ,TATA,6,135
HIJ,BLS,14,112
BAI,KWP,2,16
KRPU,RGDA,2,173
RGDA,MNGD,12,54
RGDA,SPRD,15,10
KTX,PNGM,4,5
ABR,SOH,18,44
ABR,MSH,2,117
ABR,PNU,64,53
KTH,CRP,10,21
JGNR,JRNA,2,13
BANO,HTE,1,93
BANO,NXN,4,42
BANO,PKF,6,32
NZM,FDB,41,20
NZM,NDLS,41,8
NZM,MTC,2,70
NZM,BVH,5,28
JIND,ROK,17,57
BHC,BLS,68,62
BHD,NUR,2,12
BHZ,HJO,2,34
BHZ,CNE,2,5
BAGL,ATNR,2,5
HTE,RNC,20,7
HTE,PKF,2,61
HTE,ROU,6,167
BHS,BIH,4,63
BHS,BAQ,37,40
BHS,GLG,4,21
BHW,PKR,4,26
BHW,GMAN,2,7
KKPM,LLI,2,19
BAP,PB,6,20
DURE,ARA,10,53
MKRH,BLGT,2,13
RAG,BG,2,6
BAQ,MABA,11,28
BAQ,GLG,4,18
RAA,UMB,10,24
FGR,FBD,4,5
LBA,SKN,1,36
LBA,SLN,12,22
RAY,PTRU,7,29
MURI,RNC,40,65
MURI,TATA,4,104
MURI,TIS,4,51
MURI,SLF,2,6
MURI,BKSC,22,52
BFJ,CSN,1,7
GMAN,PKR,2,19
PHN,LLR,4,15
PHN,ORAI,12,47
STD,HNS,2,13
CLKA,KIT,10,10
LHLL,ROK,2,14
LHLL,KLNK,2,7
URPR,PLP,7,9
BLGR,TIG,18,63
PKR,MLDT,7,68
PKQ,AAM,2,6
PKU,MCA,6,12
DUMK,JAMA,2,13
PKO,NS,6,9
CSN,JL,12,93
CSN,KJ,2,19
CSB,NDLS,2,2
CSZ,MBB,2,7
LUNI,PMY,24,41
BKSC,CRP,26,15
ABP,MLPR,19,19
KTRH,NNA,4,11
KTRR,PTRE,2,10
MUT,MTC,16,4
KTJ,MLDT,2,21
JBP,KTE,71,91
NNGL,MTPR,2,3
KUDA,UD,18,45
KUDA,BTJL,6,68
KUDA,BYNR,16,47
MUE,DAB,2,49
KTE,UMR,6,60
ASR,JUC,2,79
AST,BVH,4,10
DGI,BL,2,9
DGI,BIM,2,10
NUR,ANDI,3,17
NUQ,RNQ,2,56
DGR,RNG,17,24
DGR,ASN,68,42
ASK,DVG,2,160
ORAI,AIT,10,24
ASN,RNG,41,18
ASN,ULT,4,15
ASN,CRJ,59,24
BHTA,DWK,4,42
BHTA,KMBL,4,43
R,DURG,72,36
R,BIA,2,24
R,MSMD,20,54
MCRD,OML,2,16
KK,PMP,4,8
KO,MALM,6,13
KP,ITR,7,11
KT,BYNR,2,99
KT,BTJL,2,77
KY,GAR,19,29
BIM,BL,15,18
SANR,KHM,1,6
BIK,PLK,2,14
KWM,HJI,6,28
KWP,GTJT,2,6
KWR,ARA,1,13
JUC,FZR,2,117
SLO,DWP,4,30
SLO,DVD,8,133
KLNK,ROK,2,20
SLI,BVQ,7,19
BHP,BDH,2,8
BHP,MLDT,2,182
SLF,TIS,2,48
TRVL,CGY,26,8
NCB,JPE,2,92
MCI,PPZ,2,9
KLRS,MINA,2,45
KLRS,SVPI,3,25
MCA,ULB,6,27
BYNR,UD,4,92
BYNR,BTJL,12,22
MCQ,KRLR,4,8
MCQ,OBR,4,29
BGH,MST,2,7
BGK,BDM,4,26
SHDM,UMB,10,20
BGM,DWR,4,122
BGM,GPB,20,58
BGS,NNA,2,107
PYOL,BDJ,4,9
BGY,BPO,2,38
VNB,NIL,2,11
PRNA,ARQ,4,39
PRNA,KIR,4,28
WENA,SOW,1,10
DDA,EKMA,3,16
DLPH,DOTL,2,8
THB,NNR,12,8
THB,NNA,19,16
HLAR,BDM,6,19
KIR,CRR,4,22
KIR,NNA,27,57
KIR,MLDT,2,90
KIP,PTRD,1,11
KIT,GAM,4,28
NIU,BH,6,12
NIU,PLJ,6,14
CRR,NNA,2,34
FDB,NDLS,6,28
FDB,BVH,15,8
TATA,ROU,1,164
FDK,FZR,14,32
CRY,KVU,14,3
CRJ,ULT,4,17
MALM,MTU,4,11
KMJ,FBD,2,30
DDR,BVI,19,24
BLS,BLDA,6,81
BLS,ROP,4,17
KMBL,DWK,22,85
RNC,ROU,6,173
RNY,CGS,2,26
NDLS,UMB,5,198
NDLS,ROK,4,71
UMR,NRZB,2,23
UMB,CDG,27,67
GKC,KHM,1,10
MZM,LRJ,2,30
BLDI,PNU,2,45
OBR,KRLR,1,37
CDM,TDPR,7,42
PLG,BL,1,107
PLG,BVI,13,57
MRND,BSPN,2,15
MRND,KRLI,2,8
PLK,BXM,2,42
PLJ,BH,5,25
BXY,BCRD,1,7
SOA,BJUD,1,5
SOA,UJ,1,21
PPO,ROU,2,5
SOR,DAA,4,12
PNU,MSH,42,65
NRGR,DWX,3,9
WZJ,TIA,2,18
ARJ,NDJ,1,22
BD,NAVI,2,6
BG,BN,2,13
BL,BVI,8,164
TIW,MMY,2,10
TIW,OSN,5,21
BCN,KVG,1,10
BV,MSW,10,16
NNR,MSK,8,24
NXN,ROU,4,31
BVP,BVC,4,3
CNS,CGR,2,3
CNS,BDC,2,3
OSN,MMY,2,31
BDC,CGR,6,7
UD,BTJL,4,113
CGL,CJ,4,36
CGN,AIT,2,58
